ns3:row,ID,Gruppo,DataOraIncidente,Localizzazione1,Localizzazione2,IDStrada01,Strada1,Chilometrica,NaturaIncidente,ParticolaritaStrade,TipoStrada,FondoStradale,Pavimentazione,Segnaletica,CondizioneAtmosferica,Traffico,Visibilita,NUM_FERITI,NUM_RISERVATA,NUM_MORTI,NUM_ILLESI,Longitudine,Latitudine,CONFERMATO,IDStrada02,Strada2,DaSpecificare
,5765801,8,2022-01-01T00:40:00,Strada Urbana,in prossimità,9040,VIA PRENESTINA,1146,Veicolo in marcia contro ostacolo fisso,Rettilineo,Una carreggiata a doppio senso,Bagnato (umidità in atto),Asfaltata,Orizzontale,Nebbia,Normale,Insufficiente,1,0,0,0,12.62021,41.892890000000001,True,,,
,5766914,16,2022-01-01T01:00:00,,in prossimità,4979,CIRCONVALLAZIONE GIANICOLENSE,77,Infortunio per caduta del veicolo,,,,,,,,,1,0,0,1,12.456899999999999,41.870379999999997,False,,,
,5765495,13,2022-01-01T01:00:00,,all'intersezione con,10572,VIA DI TOR BOACCIANA,,Veicolo in marcia contro ostacolo fisso,,,,,,,,,0,0,0,0,,,False,8881,VIA DEL PONTE DI TOR BOACCIANA,
,5764995,10,2022-01-01T01:30:00,Strada Urbana,da specificare,521,VIA ANAGNINA,,Veicolo in marcia contro ostacolo fisso,Curva a visuale libera,Due carreggiate,Bagnato (umidità in atto),Asfaltata,Verticale ed orizzontale,Sereno,Scarso,Sufficiente,0,0,0,1,12.59793,41.829560000000001,True,,,FRONTE VIA CROPANI
,5764617,20,2022-01-01T01:50:00,Strada Urbana,da specificare,3489,VIA DEI DUE PONTI,,Scontro frontale/laterale SX fra veicoli in marcia,Rettilineo,Una carreggiata a doppio senso,Asciutto,Asfaltata,Verticale ed orizzontale,Sereno,Scarso,Sufficiente,0,0,0,4,12.448399999999999,41.964709999999997,True,,,PROSS. VIA S. FELICE CIRCEO
,5767101,18,2022-01-01T02:00:00,Strada Urbana,in corrispondenza,529,VIA ANASTASIO II,161,Veicolo in marcia contro veicoli in sosta,Curva senza visuale libera,Una carreggiata a senso unico di marcia,Bagnato (umidità in atto),Asfaltata,Verticale ed orizzontale,Sereno,Normale,Buona,0,0,0,2,12.442349999999999,41.897620000000003,True,,,
,5766088,4,2022-01-01T02:00:00,Statale entro l'abitato,in corrispondenza,2416,VIA CASSIA,1811,Veicolo in marcia contro ostacolo fisso,Rettilineo,Una carreggiata a doppio senso,Bagnato (umidità in atto),Asfaltata,Verticale ed orizzontale,Nebbia,Scarso,Sufficiente,1,0,0,0,12.37702,42.01332,True,,,
,5766200,17,2022-01-01T02:00:00,Strada Urbana,all'intersezione con,7191,LUNGOTEVERE MICHELANGELO,,Scontro laterale fra veicoli in marcia,Intersezione stradale segnalata,Una carreggiata a senso unico di marcia,Bagnato (umidità in atto),Asfaltata,Verticale ed orizzontale,Nebbia,Scarso,Sufficiente,0,0,0,3,12.47044,41.912149999999997,True,6273,PIAZZA DELLA LIBERTA',
,5765882,1,2022-01-01T02:00:00,Strada Urbana,all'intersezione semaforizzata con,9142,VIA DELLE QUATTRO FONTANE,,Scontro frontale/laterale SX fra veicoli in marcia,Intersezione semaforizzata,Una carreggiata a senso unico di marcia,Asciutto,Asfaltata,Verticale ed orizzontale,Sereno,Scarso,Sufficiente,1,0,0,4,12.490740000000001,41.901980000000002,True,11158,VIA VENTI SETTEMBRE,
,5765823,8,2022-01-01T02:30:00,Strada Urbana,da specificare,13712,VIA DI TOR BELLA MONACA,,Tamponamento,Rettilineo,Una carreggiata a senso unico di marcia,Bagnato (umidità in atto),Asfaltata,Verticale ed orizzontale,Nebbia,Normale,Sufficiente,2,0,0,1,12.62613,41.877540000000003,True,,,rotatoria Via di Torrenova
,5765157,9,2022-01-01T02:30:00,,in prossimità,6713,LARGO MAGNAGRECIA,18,Veicolo in marcia contro veicolo in sosta,,,,,,,,,0,0,0,0,,,False,,,
,5764669,1,2022-01-01T04:10:00,Strada Urbana,in corrispondenza,9985,VIA DELLE SETTE SALE,12/a,Veicolo in marcia contro ostacolo fisso,Rettilineo,Una carreggiata a senso unico di marcia,Asciutto,Asfaltata,Orizzontale,Nebbia,Scarso,Sufficiente,0,0,0,1,,,False,,,
,5765494,13,2022-01-01T04:11:00,Strada Urbana,all'intersezione semaforizzata con,3216,VIA CRISTOFORO COLOMBO,,Tamponamento Multiplo,Incrocio,Più di due carreggiate,Asciutto,Asfaltata,Verticale ed orizzontale,Sereno,Normale,Sufficiente,2,0,0,2,12.41151,41.785829999999997,True,2377,VIA DI CASAL PALOCCO,
,5777794,18,2022-01-01T04:40:00,Strada Urbana,da specificare,1547,VIA DI BOCCEA,,Ribaltamento senza urto contro ostacolo fisso,Curva senza visuale libera,Due carreggiate,Asciutto,Asfaltata,Verticale ed orizzontale,Sereno,Scarso,Sufficiente,2,0,0,0,12.38536,41.915840000000003,True,,,altezza fronte Via Verolengo
,5766502,19,2022-01-01T05:30:00,Strada Urbana,in corrispondenza,3251,VIA CUSANO MILANINO,6,Veicolo in marcia contro veicoli in sosta,Rettilineo,Una carreggiata a senso unico di marcia,Bagnato (umidità in atto),Asfaltata,Verticale,Nebbia,Scarso,Insufficiente,0,0,0,1,12.39062,41.948410000000003,True,,,
,5766207,2,2022-01-01T07:20:00,Strada Urbana,da specificare,7683,LUNGOTEVERE DELLE NAVI,,Veicolo in marcia contro veicoli in sosta,Rettilineo,Una carreggiata a senso unico di marcia,Bagnato (umidità in atto),Asfaltata,Verticale ed orizzontale,Nebbia,Scarso,Sufficiente,1,0,0,0,12.47157,41.916559999999997,True,,,alt. VIA FILANGERI
,5765010,10,2022-01-01T10:45:00,Strada Urbana,in prossimità,1797,VIA CALPURNIO PISONE,1,Veicolo in marcia contro veicoli in sosta,Rettilineo,Una carreggiata a senso unico di marcia,Asciutto,Asfaltata,Verticale ed orizzontale,Sereno,Scarso,Buona,0,0,0,0,12.56381,41.860120000000002,True,,,
,5765001,10,2022-01-01T11:30:00,Strada Urbana,in prossimità,10827,VIA TUSCOLANA,605,Scontro laterale fra veicoli in marcia,Rettilineo,Due carreggiate,Asciutto,Asfaltata,Verticale ed orizzontale,Sereno,Scarso,Buona,0,0,0,3,12.549379999999999,41.863700000000001,True,,,
,5765189,23,2022-01-01T11:55:00,Strada Urbana,all'intersezione con,10600,LUNGOTEVERE TOR DI NONA,,Veicolo in marcia contro ostacolo fisso,Intersezione semaforizzata,Una carreggiata a senso unico di marcia,Asciutto,Asfaltata,Verticale ed orizzontale,Sereno,Normale,Buona,0,0,0,1,12.47139,41.902389999999997,False,8883,PIAZZA DI PONTE UMBERTO I,
,5765383,20,2022-01-01T12:00:00,Strada Urbana,in corrispondenza,7276,VIA MISURINA,70,Investimento di pedone,Curva senza visuale libera,Una carreggiata a senso unico di marcia,Asciutto,Asfaltata,Assente,Sereno,Scarso,Buona,2,0,0,1,12.44849,41.948180000000001,True,,,
,5765529,12,2022-01-01T12:20:00,Strada Urbana,all'intersezione con,8599,VIALE SS. PIETRO E PAOLO,,Tamponamento,Incrocio,Una carreggiata a doppio senso,Bagnato (pioggia),Asfaltata,Verticale ed orizzontale,Sereno,Normale,Buona,1,0,0,2,12.45979,41.832850000000001,True,11625,VIALE UMBERTO TUPINI,
,5765243,6,2022-01-01T12:30:00,Strada Urbana,in corrispondenza,10603,VIA DI TOR PIGNATTARA,35,Veicolo in marcia contro veicolo arresto,Rettilineo,Una carreggiata a doppio senso,Asciutto,Asfaltata,Verticale ed orizzontale,Sereno,Normale,Buona,1,0,0,3,12.54222,41.879330000000003,True,,,
,5766153,17,2022-01-01T12:40:00,Strada Urbana,all'intersezione semaforizzata con,5589,VIALE GIUSEPPE MAZZINI,,Scontro laterale fra veicoli in marcia,Intersezione semaforizzata,Più di due carreggiate,Asciutto,Asfaltata,Verticale ed orizzontale,Sereno,Normale,Buona,0,0,0,3,12.46264,41.915770000000002,True,587,VIALE ANGELICO,
,5796719,16,2022-01-01T12:45:00,Strada Urbana,all'intersezione con,5859,VIA GUIDO CAVALCANTI,,Scontro frontale/laterale DX fra veicoli in marcia,Intersezione stradale segnalata,Una carreggiata a senso unico di marcia,Asciutto,Asfaltata,Assente,Sereno,Scarso,Buona,0,0,0,3,12.46039,41.875050000000002,True,670,VIA ANNIBAL CARO,
,5765827,8,2022-01-01T13:00:00,Strada Urbana,all'intersezione con,2403,VIA CASILINA,,Scontro laterale fra veicoli in marcia,Incrocio,Due carreggiate,Asciutto,Asfaltata,Verticale ed orizzontale,Sereno,Normale,Buona,0,0,0,2,12.62121,41.862589999999997,True,13712,VIA DI TOR BELLA MONACA,
,5766071,5,2022-01-01T13:00:00,Strada Urbana,in corrispondenza,9735,VIA SANTE BARGELLINI,13,Veicolo in marcia contro veicoli in sosta,Rettilineo,Una carreggiata a doppio senso,Asciutto,Asfaltata,Orizzontale,Sereno,Scarso,Buona,0,0,0,1,12.54599,41.910139999999998,False,,,
,5766507,19,2022-01-01T13:10:00,Strada Urbana,in prossimità,6433,VIA LUCILIO,25,Scontro laterale fra veicoli in marcia,Rettilineo,Una carreggiata a senso unico di marcia,Asciutto,Asfaltata,Orizzontale,Sereno,Scarso,Buona,0,0,0,3,12.44467,41.923639999999999,True,,,
,5765832,11,2022-01-01T13:15:00,Strada Urbana,da specificare,5835,VIALE GUGLIELMO MARCONI,,Veicolo in marcia contro veicolo in sosta,Rettilineo,Due carreggiate,Asciutto,Asfaltata,Verticale ed orizzontale,Sereno,Scarso,Buona,1,0,0,0,12.47133,41.857289999999999,True,,,fronte civico 646
,5765492,13,2022-01-01T14:00:00,Strada Urbana,all'intersezione con,4593,VIA FRANCO STORELLI,,Scontro laterale fra veicoli in marcia,Incrocio,Una carreggiata a doppio senso,Asciutto,Asfaltata,Verticale,Sereno,Scarso,Buona,0,0,0,3,12.25827,41.73677,True,6374,PIAZZALE LORENZO GASPARRI,
,5780115,4,2022-01-01T14:50:00,Strada Urbana,da specificare,7816,VIA NOMENTANA,,Tamponamento,Rettilineo,Una carreggiata a doppio senso,Asciutto,Asfaltata,Verticale ed orizzontale,Sereno,Normale,Buona,0,0,0,3,12.57368,41.959049999999998,True,,,PROSS VIA EMILIO DE MARCHI
,5766469,19,2022-01-01T15:00:00,Strada Urbana,da specificare,3955,VIA FEDERICO BORROMEO,,Veicolo in marcia contro veicolo fermo,Rettilineo,Una carreggiata a doppio senso,Asciutto,Asfaltata,Assente,Sereno,Scarso,Buona,1,0,0,3,12.41497,41.916710000000002,True,,,PROX. P.ZA SAN ZACCARIA PAPA
,5765924,1,2022-01-01T15:30:00,Strada Urbana,da specificare,1222,LUNGOTEVERE AVENTINO,,Tamponamento,Curva a visuale libera,Due carreggiate,Asciutto,Asfaltata,Verticale ed orizzontale,Sereno,Normale,Buona,0,0,0,5,12.480449999999999,41.8889,True,,,altezza TEMPIO ERCOLE VINCITORE
,5768043,18,2022-01-01T16:20:00,Statale entro l'abitato,all'intersezione con,1194,VIA AURELIA,,Veicolo in marcia contro ostacolo fisso,Incrocio,Una carreggiata a doppio senso,Asciutto,Asfaltata,Verticale ed orizzontale,Sereno,Scarso,Buona,0,0,0,3,12.417899999999999,41.89517,True,12579,VIA NICOLA LOMBARDI,
,5765386,20,2022-01-01T16:30:00,Strada Urbana,in corrispondenza,16044,VIADOTTO GIUBILEO DEL 2000,12.6,Tamponamento,Curva a visuale libera,Due carreggiate,Asciutto,Asfaltata,Verticale ed orizzontale,Nuvoloso,Normale,Buona,2,0,0,3,12.49708,41.998660000000001,True,,,
,5766514,19,2022-01-01T16:45:00,Strada Urbana,in corrispondenza,10776,VIA TRIONFALE,11444,Scontro laterale fra veicoli in marcia,Rettilineo,Una carreggiata a doppio senso,Asciutto,Asfaltata,Verticale ed orizzontale,Sereno,Scarso,Buona,0,0,0,3,12.43317,41.93909,True,,,
,5765491,13,2022-01-01T17:11:00,Provinciale,in prossimità,6326,VIA LITORANEA,6,Scontro laterale fra veicoli in marcia,Rettilineo,Una carreggiata a doppio senso,Asciutto,Asfaltata,Verticale ed orizzontale,Sereno,Normale,Sufficiente,0,0,0,3,12.38058,41.682749999999999,True,,,
,5765902,1,2022-01-01T17:50:00,Strada Urbana,all'intersezione semaforizzata con,3223,VIA DI S. CROCE IN GERUSALEMME,,Scontro frontale/laterale DX fra veicoli in marcia,Intersezione semaforizzata,Una carreggiata a doppio senso,Asciutto,Asfaltata,Verticale ed orizzontale,Sereno,Normale,Buona,1,0,0,1,12.51179,41.890430000000002,True,10188,VIA STATILIA,
,5765830,8,2022-01-01T18:00:00,Strada Urbana,all'intersezione semaforizzata con,4363,VIA DEL FOSSO DI S. MAURA,,Scontro laterale fra veicoli in marcia,Incrocio,Due carreggiate,Asciutto,Asfaltata,Verticale ed orizzontale,Sereno,Normale,Sufficiente,0,0,0,4,12.59469,41.857950000000002,True,12500,VIALE ANTONIO CIAMARRA,
,5768324,3,2022-01-01T18:15:00,Strada Urbana,all'intersezione semaforizzata con,10907,VIALE DELL'UNIVERSITA',,Scontro frontale/laterale SX fra veicoli in marcia,Intersezione semaforizzata,Due carreggiate,Asciutto,Asfaltata,Verticale ed orizzontale,Sereno,Scarso,Sufficiente,2,0,0,3,12.51183,41.904339999999998,True,2524,VIA DEL CASTRO LAURENZIANO,
,5766524,19,2022-01-01T18:30:00,Strada Urbana,in corrispondenza,3677,VIA ENRICO PESTALOZZI,5,Veicolo in marcia contro ostacolo fisso,Rettilineo,Una carreggiata a doppio senso,Asciutto,Asfaltata,Verticale ed orizzontale,Sereno,Scarso,Buona,0,0,0,1,12.42543,41.934379999999997,True,,,
,5765490,13,2022-01-01T19:20:00,Strada Urbana,da specificare,66,VIA DI ACILIA,,Tamponamento,Rettilineo,Una carreggiata a doppio senso,Asciutto,Asfaltata,Verticale ed orizzontale,Sereno,Normale,Sufficiente,0,0,0,2,12.367839999999999,41.779049999999998,True,,,prossimità Via Assemani
,5765328,8,2022-01-01T19:25:00,Strada Urbana,in corrispondenza,2403,VIA CASILINA,1799,Scontro frontale/laterale DX fra veicoli in marcia,Rettilineo,Due carreggiate,Asciutto,Asfaltata,Verticale ed orizzontale,Sereno,Normale,Buona,1,0,1,1,12.67769,41.86345,True,,,
,5768122,18,2022-01-01T20:00:00,Strada Urbana,in corrispondenza,1449,VIA BENEDETTO XIV,5,Scontro frontale/laterale DX fra veicoli in marcia,Curva a visuale libera,Una carreggiata a senso unico di marcia,Asciutto,Asfaltata,Verticale ed orizzontale,Sereno,Scarso,Buona,1,0,0,2,12.449590000000001,41.899909999999998,True,,,
,5766209,2,2022-01-01T20:30:00,Strada Urbana,da specificare,7683,LUNGOTEVERE DELLE NAVI,,Scontro laterale fra veicoli in marcia,Rettilineo,Una carreggiata a senso unico di marcia,Asciutto,Asfaltata,Verticale ed orizzontale,Nebbia,Normale,Insufficiente,0,0,0,4,12.47157,41.916559999999997,True,,,pross. fronte VIA AZUNI
,5765156,1,2022-01-01T20:40:00,Strada Urbana,all'intersezione con,2832,VIA DEL CIRCO MASSIMO,,Investimento di pedone,Incrocio,Una carreggiata a doppio senso,Asciutto,Asfaltata,Verticale ed orizzontale,Sereno,Normale,Buona,0,2,0,1,12.4856,41.884979999999999,True,13473,PIAZZALE UGO LA MALFA,
,5765496,13,2022-01-01T23:10:00,Strada Urbana,all'intersezione con,3874,VIA FABIO GORI,,Scontro laterale fra veicoli in marcia,Incrocio,Una carreggiata a senso unico di marcia,Bagnato (pioggia),Asfaltata,Assente,Grandine in atto,Scarso,Sufficiente,0,0,0,6,12.303599999999999,41.765729999999998,True,802,VIA ANTONIO MUNOZ,
,5765269,6,2022-01-02T00:10:00,Strada Urbana,all'intersezione semaforizzata con,76,VIA DI ACQUA BULLICANTE,,Scontro frontale/laterale DX fra veicoli in marcia,Incrocio,Una carreggiata a doppio senso,Asciutto,Asfaltata,Verticale ed orizzontale,Sereno,Scarso,Sufficiente,0,0,0,3,12.5421,41.89105,True,1226,VIA AVERSA,
,5765848,11,2022-01-02T00:30:00,Strada Urbana,in corrispondenza,11328,VIA DELLA VILLA DI LUCINA,67,Veicolo in marcia contro veicoli in sosta,Rettilineo,Una carreggiata a senso unico di marcia,Asciutto,Asfaltata,Orizzontale,Sereno,Scarso,Buona,0,0,0,1,12.485060000000001,41.857880000000002,True,,,
,5765831,8,2022-01-02T05:50:00,Strada Urbana,da specificare,2403,VIA CASILINA,,Scontro frontale/laterale SX fra veicoli in marcia,Rettilineo,Una carreggiata a doppio senso,Bagnato (brina),Asfaltata,Verticale ed orizzontale,Nebbia,Scarso,Sufficiente,2,0,0,1,12.680899999999999,41.86289,True,,,altezza via Vizzini
,5768173,18,2022-01-02T07:00:00,Strada Urbana,all'intersezione con,1547,VIA DI BOCCEA,,Scontro frontale/laterale DX fra veicoli in marcia,Incrocio,Una carreggiata a doppio senso,Asciutto,Asfaltata,Verticale ed orizzontale,Nuvoloso,Normale,Buona,1,0,0,2,12.421950000000001,41.903170000000003,True,5775,VIA GREGORIO XI,
,5765327,9,2022-01-02T09:10:00,Strada Urbana,all'intersezione con,8823,VIA POMEZIA,,Scontro frontale/laterale DX fra veicoli in marcia,Incrocio,Due carreggiate,Asciutto,Asfaltata,Verticale ed orizzontale,Nuvoloso,Scarso,Buona,1,0,0,1,12.511240000000001,41.879399999999997,True,3782,VIA ETRURIA,
,5765774,20,2022-01-02T10:30:00,Strada Urbana,all'intersezione semaforizzata con,4295,VIA DEL FORO ITALICO,,Tamponamento,Intersezione semaforizzata,Una carreggiata a senso unico di marcia,Asciutto,Asfaltata,Verticale ed orizzontale,Nuvoloso,Scarso,Buona,0,0,0,4,12.481339999999999,41.940219999999997,True,15077,LARGO FERRARIS IV,
,5767053,17,2022-01-02T11:40:00,Strada Urbana,in prossimità,3175,VIA COSTANTINO MORIN,1,Veicolo in marcia contro veicolo in sosta,Rettilineo,Una carreggiata a senso unico di marcia,Asciutto,Asfaltata,Orizzontale,Sereno,Scarso,Buona,0,0,0,1,12.45471,41.912219999999998,True,,,
,5766107,4,2022-01-02T12:40:00,Strada Urbana,da specificare,11275,VIA DELLE VIGNE NUOVE,,Infortunio per caduta del veicolo,Curva a visuale libera,Due carreggiate,Asciutto,Asfaltata,Verticale ed orizzontale,Nuvoloso,Scarso,Buona,1,0,0,0,12.5359,41.957450000000001,False,,,pross. V. G. Conti
,5765434,3,2022-01-02T13:00:00,Strada Urbana,in corrispondenza,10414,VIA TEODORICO,34,Scontro frontale/laterale SX fra veicoli in marcia,Rettilineo,Una carreggiata a senso unico di marcia,Asciutto,Asfaltata,Verticale ed orizzontale,Sereno,Normale,Buona,0,0,0,3,12528,41.910530000000001,True,,,
,5765836,8,2022-01-02T13:15:00,Strada Urbana,da specificare,10688,VIA DI TOR VERGATA,,Veicolo in marcia contro ostacolo fisso,Rettilineo,Più di due carreggiate,Asciutto,Asfaltata,Verticale ed orizzontale,Sereno,Scarso,Buona,0,0,0,0,12.622590000000001,41.846769999999999,True,,,ingresso Facoltà di Economia (f. civ. 155)
,5766210,2,2022-01-02T15:10:00,Strada Urbana,all'intersezione con,11280,VIA DI VILLA ADA,,Scontro frontale/laterale DX fra veicoli in marcia,Incrocio,Due carreggiate,Asciutto,Asfaltata,Verticale ed orizzontale,Sereno,Scarso,Sufficiente,0,0,0,2,12.505509999999999,41.924210000000002,True,1436,VIA BENACO,
,5766456,13,2022-01-02T16:15:00,,da specificare,353,VIALE ALESSANDRO MAGNO,,Veicolo in marcia contro ostacolo accidentale,,,,,,,,,0,0,0,2,12.34882,41.745660000000001,False,,,prox via teodoto
,5765800,20,2022-01-02T16:20:00,Strada Urbana,in corrispondenza,2941,VIA DI COLLE FEBBRARO,62,Veicolo in marcia contro ostacolo fisso,Rettilineo,Una carreggiata a doppio senso,Asciutto,Asfaltata,Assente,Sereno,Scarso,Buona,2,0,0,1,12.34103,42.070639999999997,True,,,
,5765975,4,2022-01-02T16:30:00,Strada Urbana,in prossimità,15996,VIA MARIO DEL MONACO,60,Investimento di pedone,Curva a visuale libera,Una carreggiata a doppio senso,Asciutto,Asfaltata,Verticale ed orizzontale,Nuvoloso,Scarso,Buona,1,0,0,0,12.5185,41.97204,False,,,
,5767410,17,2022-01-02T16:40:00,Strada Urbana,in prossimità,8544,VIA PIETRO COSSA,50,Veicolo in marcia contro veicolo in sosta,Rettilineo,Una carreggiata a senso unico di marcia,Asciutto,Asfaltata,Verticale ed orizzontale,Sereno,Normale,Buona,0,0,0,0,12.470750000000001,41.906509999999997,False,,,
,5766002,1,2022-01-02T17:40:00,Strada Urbana,in corrispondenza,9356,LUNGOTEVERE RIPA,3,Veicolo in marcia contro veicoli in sosta,Rettilineo,Una carreggiata a senso unico di marcia,Asciutto,Asfaltata,Verticale ed orizzontale,Sereno,Normale,Buona,0,0,0,4,12.478669999999999,41.887360000000001,True,,,
,5766505,13,2022-01-02T17:40:00,Strada Urbana,all'intersezione con,1238,VIA DELLE AZZORRE,,Scontro frontale/laterale DX fra veicoli in marcia,Incrocio,Due carreggiate,Asciutto,Asfaltata,Assente,Nuvoloso,Normale,Buona,0,0,0,1,12.27092,41.740729999999999,True,3624,PIAZZA ENER BETTICA,
,5765843,8,2022-01-02T18:15:00,Strada Urbana,da specificare,4228,VIA DI FONTANA CANDIDA,,Veicolo in marcia contro veicolo fermo,Rettilineo,Una carreggiata a doppio senso,Asciutto,Asfaltata,Orizzontale,Sereno,Scarso,Buona,1,0,0,2,12.700699999999999,41.843409999999999,True,,,prossimità fronte civico 31
,5765949,15,2022-01-02T19:05:00,Strada Urbana,da specificare,6703,VIA DELLA MAGLIANA,,Investimento di pedone,Rettilineo,Una carreggiata a doppio senso,Asciutto,Asfaltata,Verticale ed orizzontale,Nuvoloso,Normale,Buona,1,0,0,1,12.419639999999999,41.831740000000003,True,,,pross.tà civ. 424 - fermata bus 71452
,5765829,20,2022-01-02T20:00:00,Strada Urbana,in prossimità,13379,VIA VINCENZO TIERI,249,Veicolo in marcia contro veicoli in sosta,Rettilineo,Una carreggiata a doppio senso,Asciutto,Asfaltata,Verticale ed orizzontale,Sereno,Scarso,Buona,0,0,0,1,12.375830000000001,42.01999,True,,,
,5768154,18,2022-01-02T20:20:00,Strada Urbana,in prossimità,1194,VIA AURELIA,480,Scontro laterale fra veicoli in marcia,Rettilineo,Una carreggiata a doppio senso,Asciutto,Asfaltata,Verticale ed orizzontale,Nuvoloso,Scarso,Sufficiente,0,0,0,2,12.42187,41.8977,True,,,
,5765960,1,2022-01-02T20:45:00,Strada Urbana,all'intersezione con,2832,VIA DEL CIRCO MASSIMO,,Investimento di pedone,Incrocio,Una carreggiata a doppio senso,Asciutto,Asfaltata,Verticale ed orizzontale,Sereno,Scarso,Buona,1,0,0,2,12.48481,41.885359999999999,True,13473,PIAZZALE UGO LA MALFA,
,5765781,12,2022-01-02T21:20:00,Provinciale,da specificare,10219,VIA DELLA STAZIONE DI PAVONA,,Veicolo in marcia che urta buche nella carreggiata,Rettilineo,Una carreggiata a doppio senso,Asciutto,Asfaltata,Verticale ed orizzontale,Sereno,Scarso,Sufficiente,0,0,0,1,12.58731,41.718159999999997,True,,,ALTEZZA VIA PIAN SAVELLI
,5765768,9,2022-01-03T01:50:00,Strada Urbana,all'intersezione semaforizzata con,10346,VIA TARANTO,,Scontro laterale fra veicoli in marcia,Incrocio,Una carreggiata a senso unico di marcia,Bagnato (pioggia),Asfaltata,Verticale ed orizzontale,Sereno,Scarso,Buona,1,0,0,1,12.5151,41.884529999999998,True,7597,VIA MONZA,
,5769754,13,2022-01-03T02:10:00,,in corrispondenza,6656,VIA DI MACCHIA SAPONARA,36,Veicolo in marcia contro ostacolo accidentale,,,,,,,,,0,0,0,2,12.35066,41.777839999999998,False,,,
,5767570,13,2022-01-03T02:20:00,Strada Urbana,da specificare,11347,VIALE DELLA VILLA DI PLINIO,,Veicolo in marcia contro ostacolo fisso,Rettilineo,Una carreggiata a senso unico di marcia,Asciutto,Asfaltata,Verticale ed orizzontale,Sereno,Scarso,Buona,1,0,0,0,12.33351,41.719439999999999,True,,,sulla carreggiata
,5765931,7,2022-01-03T03:30:00,Strada Urbana,all'intersezione con,318,VIALE ALESSANDRINO,,Scontro frontale/laterale DX fra veicoli in marcia,Incrocio,Una carreggiata a doppio senso,Asciutto,Asfaltata,Verticale ed orizzontale,Sereno,Scarso,Buona,2,0,0,0,12.57667,41.887320000000003,True,8377,VIA DEL PERGOLATO,
,5768203,18,2022-01-03T04:45:00,Strada Urbana,in prossimità,1281,VIA BALDO DEGLI UBALDI,127,Veicolo in marcia contro veicolo in sosta,Rettilineo,Due carreggiate,Asciutto,Asfaltata,Verticale ed orizzontale,Sereno,Scarso,Sufficiente,0,0,0,1,12.434200000000001,41.899360000000001,True,,,
,5766222,12,2022-01-03T06:30:00,Strada Urbana,all'intersezione con,2854,VIALE DELLA CIVILTA' DEL LAVORO,,Veicolo in marcia contro ostacolo fisso,Incrocio,Una carreggiata a senso unico di marcia,Asciutto,Asfaltata,Verticale ed orizzontale,Nuvoloso,Scarso,Sufficiente,0,0,0,1,12.46752,41.83596,True,1407,VIALE BEETHOVEN,
,5765885,11,2022-01-03T07:00:00,Strada Urbana,all'intersezione con,8037,CIRCONVALLAZIONE OSTIENSE,,Scontro frontale/laterale SX fra veicoli in marcia,Incrocio,Più di due carreggiate,Asciutto,Asfaltata,Verticale ed orizzontale,Nuvoloso,Normale,Buona,1,0,0,1,12.49037,41.867370000000001,True,6763,VIA MANFREDO CAMPERIO,
,5766764,11,2022-01-03T07:00:00,Strada Urbana,in prossimità,958,VIA ARDEATINA,521C,Scontro frontale/laterale SX fra veicoli in marcia,Rettilineo,Una carreggiata a doppio senso,Asciutto,Asfaltata,Verticale ed orizzontale,Nuvoloso,Normale,Buona,0,0,0,2,12.51839,41.828780000000002,True,,,
,5766124,12,2022-01-03T07:35:00,Strada Urbana,all'intersezione con,10602,VIA DI TOR PAGNOTTA,,Ribaltamento senza urto contro ostacolo fisso,Incrocio,Una carreggiata a doppio senso,Asciutto,Asfaltata,Verticale ed orizzontale,Sereno,Scarso,Buona,0,0,0,1,12.506119999999999,41.803789999999999,True,3773,VIALE DELL'ESERCITO,
,5766801,8,2022-01-03T08:20:00,Statale entro l'abitato,da specificare,2403,VIA CASILINA,,Scontro laterale fra veicoli in marcia,Curva a visuale libera,Una carreggiata a senso unico di marcia,Asciutto,Asfaltata,Orizzontale,Sereno,Normale,Sufficiente,0,0,0,2,12.62121,41.862589999999997,True,,,prox rampa immissione dal G.R.A. in dir. Frosinon
,5766792,11,2022-01-03T08:45:00,Strada Urbana,all'intersezione con,2695,VIA CESARE FEDERICI,,Scontro frontale/laterale DX fra veicoli in marcia,Incrocio,Una carreggiata a senso unico di marcia,Asciutto,Asfaltata,Verticale ed orizzontale,Sereno,Normale,Buona,0,0,0,2,12.49765,41.863770000000002,True,3216,VIA CRISTOFORO COLOMBO,
,5766458,16,2022-01-03T09:05:00,Strada Urbana,in corrispondenza,2986,VIALE DEI COLLI PORTUENSI,525,Investimento di pedone,Rettilineo,Due carreggiate,Asciutto,Asfaltata,Verticale ed orizzontale,Nuvoloso,Normale,Buona,1,0,0,1,12.443530000000001,41.861330000000002,True,,,
,5766796,5,2022-01-03T09:35:00,Strada Urbana,all'intersezione con,319,VIA DI S. ALESSANDRO,,Scontro laterale fra veicoli in marcia,Rotatoria,Una carreggiata a doppio senso,Asciutto,Asfaltata,Verticale ed orizzontale,Sereno,Normale,Buona,0,0,0,2,12.603400000000001,41.936729999999997,True,12340,VIA DEI RADAR,
,5768226,17,2022-01-03T10:00:00,Strada Urbana,da specificare,1841,VIA DELLA CAMILLUCCIA,,Veicolo in marcia contro veicolo in sosta,Rettilineo,Una carreggiata a doppio senso,Asciutto,Asfaltata,Verticale ed orizzontale,Sereno,,,0,0,0,0,12.448930000000001,41.94303,False,,,fronte civico 239
,5766766,10,2022-01-03T10:15:00,Strada Urbana,all'intersezione con,2000494,VIA ENZO PETRACCONE,,Scontro laterale fra veicoli in marcia,Intersezione non regolata/non segnalata,Una carreggiata a doppio senso,Asciutto,Asfaltata,Assente,Nuvoloso,Normale,Buona,0,0,0,3,12.62299,41.837730000000001,True,2000300,VIA FERRUCCIO ULIVI,
,5766788,10,2022-01-03T10:15:00,Strada Urbana,in corrispondenza,14509,VIA CALDOPIANO,12,Veicolo in marcia contro ostacolo fisso,Rettilineo,Una carreggiata a senso unico di marcia,Asciutto,Asfaltata,Verticale,Sereno,Scarso,Buona,0,0,0,1,12.63758,41.807470000000002,True,,,
,5766835,11,2022-01-03T10:30:00,Strada Urbana,all'intersezione con,841,PIAZZALE ANTONIO TOSTI,,Scontro frontale/laterale DX fra veicoli in marcia,Intersezione non regolata/non segnalata,Due carreggiate,Asciutto,Asfaltata,Verticale ed orizzontale,Nuvoloso,Normale,Buona,1,0,0,1,12.501289999999999,41.857289999999999,True,2215,VIALE CARLO TOMMASO ODESCALCHI,
,5766809,11,2022-01-03T10:30:00,Strada Urbana,in prossimità,9515,VIA ROSA RAIMONDI GARIBALDI,60,Veicolo in marcia contro veicoli in sosta,Rettilineo,Una carreggiata a senso unico di marcia,Asciutto,Asfaltata,Verticale ed orizzontale,Sereno,Scarso,Buona,0,0,0,1,12.488899999999999,41.856310000000001,True,,,
,5766789,19,2022-01-03T10:35:00,Strada Urbana,da specificare,2000899,VIA CASALE DEL FICO,,Veicolo in marcia contro ostacolo fisso,Rettilineo,Una carreggiata a doppio senso,Asciutto,Asfaltata,Assente,Sereno,Scarso,Buona,0,0,0,2,12.408010000000001,41.931669999999997,True,,,70 mt dopo civ. 122 di via cesare lombroso dir. fo
,5766229,6,2022-01-03T10:45:00,Strada Urbana,in corrispondenza,9052,VIALE DELLA PRIMAVERA,64,Scontro frontale/laterale DX fra veicoli in marcia,Rettilineo,Una carreggiata a senso unico di marcia,Asciutto,Asfaltata,Orizzontale,Nuvoloso,Normale,Buona,0,0,0,2,12.559609999999999,41.885120000000001,True,,,
,5766779,11,2022-01-03T11:40:00,Strada Urbana,in corrispondenza,3216,VIA CRISTOFORO COLOMBO,193/F,Scontro laterale fra veicoli in marcia,Rettilineo,Più di due carreggiate,Asciutto,Asfaltata,Verticale ed orizzontale,Nuvoloso,Normale,Buona,0,0,0,3,12.49888,41.862960000000001,True,,,
,5767622,13,2022-01-03T11:45:00,Strada Urbana,in prossimità,641,VIA ANGELO ZOTTOLI,78,Veicolo in marcia contro veicolo fermo,Rettilineo,Una carreggiata a senso unico di marcia,Asciutto,Asfaltata,Orizzontale,Sereno,Scarso,Sufficiente,0,0,0,2,12.36163,41.783430000000003,True,,,
,5766466,16,2022-01-03T12:00:00,Strada Urbana,da specificare,3976,VIA FEDERICO OZANAM,,Veicolo in marcia contro veicoli in sosta,Rettilineo,Una carreggiata a doppio senso,Asciutto,Asfaltata,Assente,Sereno,Scarso,Buona,0,0,0,1,12.449210000000001,41.876829999999998,True,,,prossimità fronte civico 142
,5766293,1,2022-01-03T12:00:00,Strada Urbana,all'intersezione semaforizzata con,4771,PONTE GARIBALDI,,Tamponamento,Intersezione semaforizzata,Più di due carreggiate,Asciutto,Asfaltata,Verticale ed orizzontale,Nuvoloso,Normale,Buona,0,0,0,3,12.47458,41.891129999999997,True,10996,LUNGOTEVERE DEI VALLATI,
,5767061,7,2022-01-03T12:30:00,Strada Urbana,all'intersezione con,4809,VIA DEI GELSI,,Scontro frontale/laterale DX fra veicoli in marcia,Incrocio,Una carreggiata a doppio senso,Asciutto,Asfaltata,Verticale ed orizzontale,Nuvoloso,Normale,Buona,0,0,0,2,12.57381,41.890219999999999,True,11904,VIALE PALMIRO TOGLIATTI,
,5766931,16,2022-01-03T13:00:00,Strada Urbana,in prossimità,8059,VIA OTTAVIO GASPARRI,9,Veicolo in marcia che urta buche nella carreggiata,Rettilineo,Due carreggiate,Asciutto,Asfaltata,Verticale ed orizzontale,Nuvoloso,Normale,Buona,1,0,0,0,12.44201,41.877789999999997,True,,,
,5768242,18,2022-01-03T13:10:00,Strada Urbana,in corrispondenza,1610,VIA BORGOSESIA,42,Veicolo in marcia contro veicoli in sosta,Rettilineo,Una carreggiata a doppio senso,Asciutto,Asfaltata,Verticale ed orizzontale,Sereno,Scarso,Buona,0,0,0,2,12.36595,41.91046,True,,,
,5766803,8,2022-01-03T13:15:00,Strada Urbana,in corrispondenza,3491,VIA DELLE DUE TORRI,16,Scontro laterale fra veicoli in marcia,Rettilineo,Una carreggiata a senso unico di marcia,Asciutto,Asfaltata,Verticale ed orizzontale,Sereno,Normale,Buona,0,0,0,3,12.64974,41.862360000000002,True,,,
,5766807,5,2022-01-03T13:15:00,Strada Urbana,in prossimità,5528,VIA GIUSEPPE DONATI,4,Scontro frontale/laterale DX fra veicoli in marcia,Rettilineo,Una carreggiata a doppio senso,Asciutto,Asfaltata,Assente,Nuvoloso,Normale,Buona,2,0,0,1,12.54725,41.906619999999997,True,,,
,5766730,12,2022-01-03T13:59:00,Strada Urbana,da specificare,8040,VIA OSTIENSE,,Veicolo in marcia che urta buche nella carreggiata,Dosso,Una carreggiata a senso unico di marcia,Asciutto,Asfaltata,Verticale ed orizzontale,Nuvoloso,Normale,Buona,0,0,0,1,12.420809999999999,41.808929999999997,True,,,rampa 20 mt prima del bivio dir. GRA NAPOLI AQUILA
,5766480,15,2022-01-03T14:00:00,Strada Urbana,da specificare,8505,LUNGOTEVERE DI PIETRA PAPA,,Tamponamento,Rettilineo,Due carreggiate,Asciutto,Asfaltata,Orizzontale,Nuvoloso,Scarso,Buona,1,0,0,3,12.474309999999999,41.862879999999997,True,,,Via Avicenna
,5766431,12,2022-01-03T14:10:00,Strada Urbana,all'intersezione con,10878,VIALE DELL'UMANESIMO,,Scontro laterale fra veicoli in marcia,Intersezione semaforizzata,Una carreggiata a doppio senso,Asciutto,Asfaltata,Verticale ed orizzontale,Nuvoloso,Normale,Buona,0,0,0,2,12.467409999999999,41.823860000000003,True,3216,VIA CRISTOFORO COLOMBO,
,5767184,4,2022-01-03T14:20:00,Strada Urbana,da specificare,10935,VIA VAGLIA,,Scontro laterale fra veicoli in marcia,Rettilineo,Una carreggiata a doppio senso,Asciutto,Asfaltata,Verticale ed orizzontale,Sereno,Normale,Buona,0,0,0,2,12.51474,41.949979999999996,True,,,fronte civico 27
,5766833,5,2022-01-03T15:10:00,Strada Urbana,in corrispondenza,7739,VIA NICOLA D'AVANZO,21,Veicolo in marcia contro veicolo fermo,Curva a visuale libera,Una carreggiata a senso unico di marcia,Asciutto,Asfaltata,Assente,Sereno,Scarso,Buona,0,0,0,2,12.53058,41.89873,True,,,
,5766805,8,2022-01-03T15:20:00,Strada Urbana,in corrispondenza,9511,VIA DELLE RONDINI,35,Veicolo in marcia contro veicoli in sosta,Rettilineo,Una carreggiata a doppio senso,Asciutto,Asfaltata,Verticale ed orizzontale,Sereno,Scarso,Buona,0,0,0,1,12.59512,41.86224,True,,,
,5766486,15,2022-01-03T15:20:00,Strada Urbana,in prossimità,8975,VIA PORTUENSE,863,Scontro laterale fra veicoli in marcia,Rettilineo,Una carreggiata a doppio senso,Asciutto,Asfaltata,Verticale ed orizzontale,Sereno,Normale,Buona,0,0,0,3,12.408329999999999,41.842489999999998,True,,,
,5766922,16,2022-01-03T16:00:00,,in prossimità,10196,VIA DELLA STAZIONE AURELIA,44,Fuoriuscita dalla sede stradale,,,,,,,,,0,0,0,1,12.39898,41.884709999999998,False,,,
,5766512,12,2022-01-03T16:05:00,Strada Urbana,da specificare,6165,VIA LAURENTINA,,Scontro laterale fra veicoli in marcia,Rotatoria,Due carreggiate,Asciutto,Asfaltata,Verticale ed orizzontale,Sereno,Normale,Buona,0,0,0,3,12.485609999999999,41.810319999999997,True,,,rotatoria Tor Pagnotta dir. GRA
,5768424,17,2022-01-03T16:30:00,Strada Urbana,da specificare,13925,LARGO GIOVANNI XXIII,,Tamponamento Multiplo,Rettilineo,Una carreggiata a senso unico di marcia,Asciutto,Asfaltata,Verticale ed orizzontale,Nuvoloso,Intenso,Buona,0,0,0,3,12.46438,41.902169999999998,True,,,altezza vVa della Conciliazione
,5767676,13,2022-01-03T16:45:00,,da specificare,8040,VIA OSTIENSE,,Scontro laterale fra veicoli in marcia,,,,,,,,,0,0,0,3,12.28851,41.746270000000003,False,,,prox front cineland
,5766726,9,2022-01-03T17:50:00,Strada Urbana,da specificare,878,VIA APPIA NUOVA,,Scontro frontale/laterale SX fra veicoli in marcia,Rettilineo,Due carreggiate,Asciutto,Asfaltata,Verticale ed orizzontale,Sereno,Normale,Sufficiente,0,0,0,5,12.516909999999999,41.87923,True,,,fronte civico 266
,5766787,20,2022-01-03T17:55:00,Altra strada,in corrispondenza,2416,VIA CASSIA,1707,Ribaltamento senza urto contro ostacolo fisso,Pianeggiante,Una carreggiata a doppio senso,Asciutto,Asfaltata,Orizzontale,Sereno,Normale,Buona,0,0,0,2,12.379060000000001,42.006950000000003,True,,,
,5766808,15,2022-01-03T18:15:00,Strada Urbana,da specificare,6703,VIA DELLA MAGLIANA,,Veicolo in marcia contro ostacolo accidentale,Rettilineo,Una carreggiata a doppio senso,Asciutto,Asfaltata,Verticale,Nuvoloso,Scarso,Buona,0,0,0,1,12.419639999999999,41.831740000000003,True,,,fronte civico 285
,5766839,11,2022-01-03T18:30:00,Strada Urbana,all'intersezione semaforizzata con,8957,VIA DEL PORTO FLUVIALE,,Scontro frontale/laterale DX fra veicoli in marcia,Intersezione semaforizzata,Una carreggiata a doppio senso,Asciutto,Asfaltata,Verticale ed orizzontale,Nuvoloso,Normale,Sufficiente,0,0,0,3,12.478669999999999,41.872399999999999,True,3036,VIA DELLE CONCE,
,5766810,8,2022-01-03T18:35:00,Strada Urbana,all'intersezione con,2403,VIA CASILINA,,Scontro frontale/laterale SX fra veicoli in marcia,Intersezione stradale segnalata,Una carreggiata a doppio senso,Asciutto,Asfaltata,Verticale ed orizzontale,Sereno,Normale,Sufficiente,0,0,0,2,12.68408,41.86271,True,1563,VIA BOLOGNETTA,
,5766827,20,2022-01-03T18:40:00,Comunale extraurbana,da specificare,10200,VIA DELLA STAZIONE DI CESANO,,Veicolo in marcia contro ostacolo fisso,Rettilineo,Una carreggiata a doppio senso,Asciutto,Asfaltata,Verticale ed orizzontale,Sereno,Normale,Sufficiente,1,0,0,0,12.3241,42.059750000000001,True,,,pros.Palo ACEA 308
,5766961,4,2022-01-03T19:30:00,Strada Urbana,all'intersezione con,5212,VIA GIOVANNI CONTI,,Tamponamento,Intersezione semaforizzata,Due carreggiate,Asciutto,Asfaltata,Verticale ed orizzontale,Sereno,Scarso,Sufficiente,0,0,0,2,12.53163,41.955060000000003,True,12689,VIA ANTONIO DE CURTIS,
,5766842,5,2022-01-03T20:10:00,Strada Urbana,all'intersezione con,8499,VIA DI PIETRALATA,,Infortunio per caduta del veicolo,Incrocio,Una carreggiata a doppio senso,Asciutto,Asfaltata,Verticale ed orizzontale,Sereno,Scarso,Sufficiente,1,0,0,0,12.546889999999999,41.921340000000001,True,82,VIA DELL'ACQUA MARCIA,
,5767400,16,2022-01-03T21:00:00,Strada Urbana,all'intersezione con,2344,VIA DEL CASALETTO,,Scontro laterale fra veicoli in marcia,Incrocio,Una carreggiata a senso unico di marcia,Asciutto,Asfaltata,Orizzontale,Sereno,Scarso,Buona,0,0,0,3,12.43802,41.866599999999998,True,271,LARGO ALBERTO PEPERE,
,5766983,1,2022-01-03T22:00:00,Strada Urbana,all'intersezione con,8294,PIAZZA PASQUALE PAOLI,,Tamponamento,Intersezione non regolata/non segnalata,Una carreggiata a senso unico di marcia,Asciutto,Asfaltata,Verticale ed orizzontale,Sereno,Scarso,Sufficiente,0,0,0,5,12.46495,41.900770000000001,True,461,LUNGOTEVERE DEGLI ALTOVITI,
,5766886,18,2022-01-03T22:20:00,Strada Urbana,all'intersezione con,5457,PIAZZA DEI GIURECONSULTI,,Scontro frontale/laterale SX fra veicoli in marcia,Intersezione semaforizzata,Due carreggiate,Asciutto,Asfaltata,Verticale ed orizzontale,Sereno,Scarso,Sufficiente,1,0,0,3,12.425269999999999,41.901879999999998,True,1547,VIA DI BOCCEA,
,5766882,1,2022-01-03T22:55:00,Strada Urbana,da specificare,6229,VIA LEONIDA BISSOLATI,,Veicolo in marcia contro veicolo fermo,Rettilineo,Due carreggiate,Asciutto,Asfaltata,Verticale ed orizzontale,Sereno,Normale,Buona,0,0,0,3,12.491300000000001,41.905709999999999,True,,,dopo il fronte civico 2
,5768589,3,2022-01-04T01:00:00,Strada Urbana,in prossimità,9617,PIAZZA SALERNO,3,Veicolo in marcia contro ostacolo fisso,Rotatoria,Una carreggiata a senso unico di marcia,Asciutto,Asfaltata,Verticale ed orizzontale,Sereno,Scarso,Sufficiente,1,0,0,1,12.51266,41.910649999999997,True,,,
,5766974,19,2022-01-04T05:00:00,Strada Urbana,in prossimità,15233,VIA BEATA VIRGINIA CENTURIONE BRACELLI,12,Veicolo in marcia contro veicolo in sosta,Curva a visuale libera,Una carreggiata a senso unico di marcia,Bagnato (umidità in atto),Asfaltata,Orizzontale,Nuvoloso,Scarso,Buona,0,0,0,1,9.6440000000000001,45.396999999999998,True,,,
,5766902,6,2022-01-04T05:15:00,Strada Urbana,da specificare,12174,PIAZZALE PINO PASCALI,,Investimento di pedone,Rettilineo,Una carreggiata a doppio senso,Asciutto,Asfaltata,Verticale ed orizzontale,Sereno,Scarso,Sufficiente,1,0,0,0,12.57831,41.897309999999997,True,,,///////
,5766889,4,2022-01-04T05:40:00,Statale,all'intersezione con,9609,VIA SALARIA,,Scontro frontale/laterale SX fra veicoli in marcia,Intersezione stradale segnalata,Due carreggiate,Asciutto,Asfaltata,Verticale ed orizzontale,Nuvoloso,Scarso,Insufficiente,1,0,0,1,12.5115,41.987349999999999,True,4170,AUTOSTRADA PER FIRENZE,
,5766904,10,2022-01-04T05:40:00,Strada Urbana,all'intersezione con,10688,VIA DI TOR VERGATA,,Veicolo in marcia contro ostacolo fisso,Incrocio,Una carreggiata a doppio senso,Asciutto,Asfaltata,Verticale ed orizzontale,Nuvoloso,Normale,Sufficiente,0,0,0,1,12.623290000000001,41.838590000000003,True,16089,VIA GIOACCHINO VOLPE,
,5766821,12,2022-01-04T05:45:00,Strada Urbana,all'intersezione con,3216,VIA CRISTOFORO COLOMBO,,Scontro frontale/laterale SX fra veicoli in marcia,Intersezione semaforizzata,Più di due carreggiate,Asciutto,Asfaltata,Verticale ed orizzontale,Sereno,Normale,Buona,0,0,0,4,12.46935,41.83079,True,3850,VIALE EUROPA,
,5767597,19,2022-01-04T05:50:00,Strada Urbana,in prossimità,15140,VIA ANDERSEN,47,Veicolo in marcia contro veicolo in sosta,Rettilineo,Più di due carreggiate,Asciutto,Asfaltata,Verticale,Sereno,Normale,Buona,0,0,0,1,12.402329999999999,41.923830000000002,True,,,
,5767939,10,2022-01-04T07:00:00,Strada Urbana,in corrispondenza,10827,VIA TUSCOLANA,1208,Veicolo in marcia contro veicoli in sosta,Rettilineo,Due carreggiate,Asciutto,Asfaltata,Verticale ed orizzontale,Sereno,Scarso,Buona,0,0,0,0,12.5617,41.857030000000002,True,,,
,5768147,2,2022-01-04T07:35:00,Strada Urbana,in prossimità,633,VIA ANGELO SECCHI,27,Veicolo in marcia contro veicolo in sosta,Rettilineo,Una carreggiata a senso unico di marcia,Asciutto,Asfaltata,Verticale,Nuvoloso,Scarso,Buona,0,0,0,1,12.48837,41.923459999999999,True,,,
,5767852,5,2022-01-04T10:00:00,Strada Urbana,da specificare,7585,VIA DEI MONTI TIBURTINI,,Veicolo in marcia contro ostacolo fisso,Rettilineo,Due carreggiate,Asciutto,Asfaltata,Orizzontale,Nuvoloso,Normale,Buona,0,0,0,1,12.549390000000001,41.915019999999998,True,,,fr. civico 627 palo acea 80
,5768041,7,2022-01-04T10:40:00,Strada Urbana,all'intersezione con,2403,VIA CASILINA,,Scontro frontale/laterale SX fra veicoli in marcia,Intersezione stradale segnalata,Una carreggiata a doppio senso,Asciutto,Asfaltata,Verticale ed orizzontale,Nuvoloso,Normale,Buona,0,0,0,3,12.62121,41.862589999999997,True,5486,VIA GIUSEPPE BERNERI,
,5767822,8,2022-01-04T10:43:00,Strada Urbana,in prossimità,12549,VIA DELLA TENUTA DI TORRENOVA,138,Veicolo in marcia contro veicolo fermo,Rettilineo,Una carreggiata a doppio senso,Asciutto,Asfaltata,Verticale ed orizzontale,Sereno,Normale,Buona,0,0,0,2,12.621040000000001,41.858820000000001,True,,,
,5767241,6,2022-01-04T11:00:00,Strada Urbana,in corrispondenza,4494,VIA FRANCESCO LAPARELLI,73,Scontro laterale fra veicoli in marcia,Rettilineo,Una carreggiata a doppio senso,Asciutto,Asfaltata,Verticale ed orizzontale,Nuvoloso,Normale,Buona,1,0,0,1,12.53951,41.879159999999999,True,,,
,5768008,19,2022-01-04T11:10:00,Strada Urbana,in prossimità,2365,VIA DI CASAL DEL MARMO,272,Tamponamento,Rettilineo,Una carreggiata a doppio senso,Asciutto,Asfaltata,Orizzontale,Nuvoloso,Normale,Buona,0,0,0,2,12.3948,41.950099999999999,True,,,
,5767981,16,2022-01-04T11:30:00,,in prossimità,4885,VIA GIACINTO CARINI,66,Tamponamento,,,,,,,,,0,0,0,2,12.46062,41.882840000000002,False,,,
,5766070,4,2022-01-04T11:30:00,Strada Urbana,in corrispondenza,13698,VIALE LINA CAVALIERI,94,Veicolo in marcia contro veicolo in sosta,Curva a visuale libera,Due carreggiate,Asciutto,Asfaltata,Verticale ed orizzontale,Sereno,Normale,Buona,0,0,0,0,12.41494,41.916640000000001,True,,,
,5767991,16,2022-01-04T11:45:00,Strada Urbana,in prossimità,6004,VIALE ISACCO NEWTON,126,Scontro laterale fra veicoli in marcia,Rettilineo,Due carreggiate,Asciutto,Asfaltata,Assente,Sereno,Normale,Buona,1,0,0,2,12.44008,41.856160000000003,True,,,
,5768017,4,2022-01-04T12:00:00,Strada Urbana,in corrispondenza,6068,VIALE JONIO,159,Tamponamento,Rettilineo,Due carreggiate,Asciutto,Asfaltata,Verticale ed orizzontale,Sereno,Normale,Buona,1,0,0,1,12.535550000000001,41.944009999999999,True,,,
,5768003,16,2022-01-04T12:10:00,,in prossimità,2344,VIA DEL CASALETTO,30,Veicolo in marcia contro ostacolo fisso,,,,,,,,,0,0,0,1,12.43802,41.866599999999998,False,,,
,5767663,13,2022-01-04T12:15:00,Strada Urbana,da specificare,496,LUNGOMARE AMERIGO VESPUCCI,,Scontro frontale/laterale DX fra veicoli in marcia,Rettilineo,Una carreggiata a senso unico di marcia,Asciutto,Asfaltata,Orizzontale,Sereno,Scarso,Buona,0,0,0,2,12.331659999999999,41.708419999999997,True,,,prox palo luce 18
,5768079,4,2022-01-04T12:15:00,Strada Urbana,da specificare,154,VIALE ADRIATICO,,Scontro laterale fra veicoli in marcia,Rettilineo,Una carreggiata a senso unico di marcia,Asciutto,Asfaltata,Verticale ed orizzontale,Nuvoloso,Normale,Buona,1,0,0,0,12.53453,41.9373,False,,,VIA ABETONE
,5769802,13,2022-01-04T12:41:00,Strada Urbana,in corrispondenza,10007,PIAZZA DEI SICANI,1,Scontro laterale fra veicoli in marcia,Rettilineo,Due carreggiate,Asciutto,Asfaltata,Verticale ed orizzontale,Sereno,Normale,Buona,1,0,0,1,12.36439,41.784599999999998,True,,,
,5767874,17,2022-01-04T12:50:00,Strada Urbana,all'intersezione semaforizzata con,2916,PIAZZALE CLODIO,,Scontro frontale/laterale SX fra veicoli in marcia,Intersezione semaforizzata,Una carreggiata a senso unico di marcia,Asciutto,Asfaltata,Verticale ed orizzontale,Sereno,Normale,Buona,0,0,0,2,12.45492,41.916739999999997,True,5394,VIA DELLA GIULIANA,
,5767256,10,2022-01-04T13:00:00,Strada Urbana,in corrispondenza,2120,VIA CARLO CALISSE,25,Scontro laterale fra veicoli in marcia,Rettilineo,Una carreggiata a senso unico di marcia,Asciutto,Asfaltata,Verticale ed orizzontale,Sereno,Scarso,Buona,0,0,0,2,12.572469999999999,41.857849999999999,True,,,
,5767627,6,2022-01-04T13:35:00,Strada Urbana,in prossimità,9405,VIA ROBERTO MALATESTA,245,Veicolo in marcia che urta buche nella carreggiata,Rettilineo,Due carreggiate,Asciutto,Asfaltata,Verticale ed orizzontale,Sereno,Scarso,Buona,1,0,0,0,12.5421,41.887430000000002,True,,,
,5767662,1,2022-01-04T13:40:00,Strada Urbana,in corrispondenza,6625,VIA DELLA LUNGARA,5,Scontro laterale fra veicoli in marcia,Rettilineo,Una carreggiata a senso unico di marcia,Asciutto,In cubetti di porfido,Verticale ed orizzontale,Sereno,Scarso,Buona,0,0,0,4,12.46743,41.892609999999998,False,,,
,5767659,15,2022-01-04T13:50:00,Strada Urbana,in corrispondenza,8975,VIA PORTUENSE,377,Tamponamento,Rettilineo,Una carreggiata a doppio senso,Asciutto,Asfaltata,Verticale ed orizzontale,Sereno,Normale,Buona,0,0,0,1,12.456810000000001,41.864150000000002,True,,,
,5767817,11,2022-01-04T14:00:00,Strada Urbana,in prossimità,8040,VIA OSTIENSE,43,Scontro laterale fra veicoli in marcia,Rettilineo,Più di due carreggiate,Asciutto,Asfaltata,Verticale ed orizzontale,Sereno,Normale,Buona,0,0,0,2,12.47888,41.86495,True,,,
,5767630,6,2022-01-04T14:30:00,Strada Urbana,all'intersezione semaforizzata con,9040,VIA PRENESTINA,,Tamponamento,Intersezione semaforizzata,Due carreggiate,Asciutto,Asfaltata,Verticale ed orizzontale,Sereno,Scarso,Buona,1,0,0,1,12.56673,41.895110000000003,True,5170,VIALE GIOVANNI BATTISTA VALENTE,
,5767681,9,2022-01-04T15:00:00,Strada Urbana,all'intersezione con,10547,VIA TOMMASO FORTIFIOCCA,,Scontro frontale/laterale DX fra veicoli in marcia,Intersezione stradale segnalata,Una carreggiata a doppio senso,Asciutto,Asfaltata,Verticale ed orizzontale,Sereno,Normale,Buona,1,0,0,1,12.52336,41.870049999999999,True,2134,VIA CARLO DENINA,
,5767961,7,2022-01-04T15:30:00,Strada Urbana,in prossimità,2425,VIA DEI CASTANI,45,Scontro frontale/laterale SX fra veicoli in marcia,Rettilineo,Una carreggiata a doppio senso,Asciutto,Asfaltata,Verticale ed orizzontale,Sereno,Normale,Buona,0,0,0,5,12.566240000000001,41.879190000000001,True,,,
,5767683,9,2022-01-04T16:00:00,Strada Urbana,all'intersezione con,6081,PIAZZALE LABICANO,,Scontro laterale fra veicoli in marcia,Incrocio,Una carreggiata a senso unico di marcia,Asciutto,Asfaltata,Verticale ed orizzontale,Sereno,Normale,Buona,0,0,0,2,12.515459999999999,41.891039999999997,True,2403,VIA CASILINA,
,5767882,5,2022-01-04T16:10:00,Strada Urbana,all'intersezione con,2272,VIA DEL CASALE DI S. BASILIO,,Scontro frontale/laterale DX fra veicoli in marcia,Incrocio,Una carreggiata a doppio senso,Asciutto,Asfaltata,Verticale ed orizzontale,Sereno,Normale,Buona,0,0,0,3,12.57535,41.940460000000002,True,13663,VIA ANTONIO PROVOLO,
,5768594,3,2022-01-04T16:10:00,Strada Urbana,all'intersezione con,7015,VIA DELLA MARSICA,,Investimento di pedone,Incrocio,Una carreggiata a senso unico di marcia,Asciutto,Asfaltata,Verticale ed orizzontale,Sereno,Scarso,Buona,2,0,0,1,12.525510000000001,41.917299999999997,True,7058,PIAZZA MASSA CARRARA,
,5767845,11,2022-01-04T16:20:00,Strada Urbana,in prossimità,919,VIA DELL'ARCADIA,100,Scontro laterale fra veicoli in marcia,Rettilineo,Due carreggiate,Asciutto,Asfaltata,Verticale ed orizzontale,Sereno,Normale,Buona,1,0,0,2,12.491379999999999,41.852910000000001,True,,,
,5767542,11,2022-01-04T16:30:00,Strada Urbana,all'intersezione con,5689,VIALE GIUSTINIANO IMPERATORE,,Scontro frontale/laterale SX fra veicoli in marcia,Incrocio,Due carreggiate,Asciutto,Asfaltata,Verticale ed orizzontale,Sereno,Normale,Buona,1,0,0,3,12.48685,41.855269999999997,True,4723,VIA GALBA,
,5767685,9,2022-01-04T17:10:00,Strada Urbana,all'intersezione con,878,VIA APPIA NUOVA,,Investimento di pedone,Intersezione stradale segnalata,Una carreggiata a doppio senso,Asciutto,Asfaltata,Verticale ed orizzontale,Sereno,Normale,Sufficiente,0,0,0,2,12.52392,41.874119999999998,True,1815,VIA CAMILLA,
,5768656,3,2022-01-04T17:30:00,Strada Urbana,in prossimità,331,VIA ALESSANDRO CANEZZA,5,Veicolo in marcia contro veicolo in sosta,Rettilineo,Una carreggiata a doppio senso,Asciutto,Asfaltata,Verticale ed orizzontale,Sereno,Scarso,Insufficiente,0,0,0,1,12.525650000000001,41.922229999999999,True,,,
,5767862,10,2022-01-04T17:30:00,Strada Urbana,in prossimità,10827,VIA TUSCOLANA,1866,Tamponamento Multiplo,Rettilineo,Due carreggiate,Asciutto,Asfaltata,Verticale ed orizzontale,Sereno,Intenso,Buona,1,0,0,2,12.58741,41.840200000000003,True,,,
,5767617,2,2022-01-04T17:40:00,Strada Urbana,all'intersezione semaforizzata con,4789,VIA GASPARE SPONTINI,,Scontro frontale/laterale DX fra veicoli in marcia,Intersezione semaforizzata,Una carreggiata a doppio senso,Asciutto,Asfaltata,Verticale ed orizzontale,Sereno,Normale,Buona,0,0,0,3,12.494619999999999,41.918039999999998,True,503,LARGO AMILCARE PONCHIELLI,
,5769748,18,2022-01-04T17:50:00,Strada Urbana,all'intersezione con,2365,VIA DI CASAL DEL MARMO,,Scontro frontale/laterale SX fra veicoli in marcia,Intersezione stradale segnalata,Una carreggiata a doppio senso,Asciutto,Asfaltata,Verticale ed orizzontale,Sereno,Normale,Buona,0,0,0,3,12.38466,41.919800000000002,True,11256,VIA VIGNALE,
,5767933,1,2022-01-04T17:55:00,,in corrispondenza,5246,VIA GIOVANNI GIOLITTI,2,Scontro laterale fra veicoli in marcia,,,,,,,,,1,0,0,1,12.501200000000001,41.900170000000003,False,,,
,5767879,10,2022-01-04T18:00:00,Strada Urbana,in corrispondenza,878,VIA APPIA NUOVA,1259,Tamponamento Multiplo,Rettilineo,Una carreggiata a senso unico di marcia,Asciutto,Asfaltata,Verticale ed orizzontale,Sereno,Normale,Sufficiente,0,0,0,3,12.57307,41.814439999999998,True,,,
,5767826,8,2022-01-04T18:30:00,Strada Urbana,all'intersezione con,16255,PIAZZA LORENZO NOTTOLINI,,Scontro laterale fra veicoli in marcia,Rotatoria,Una carreggiata a senso unico di marcia,Asciutto,Asfaltata,Verticale ed orizzontale,Nuvoloso,Normale,Sufficiente,0,0,0,5,12.65213,41.912390000000002,True,16269,VIALE FRANCESCO CALTAGIRONE,
,5767828,8,2022-01-04T19:30:00,Strada Urbana,in prossimità,16411,VIA LUCIANO CONTI,64,Scontro frontale/laterale SX fra veicoli in marcia,Rettilineo,Una carreggiata a doppio senso,Asciutto,Asfaltata,Verticale ed orizzontale,Sereno,Scarso,Buona,0,0,0,3,12.65934,41.908140000000003,True,,,
,5767951,6,2022-01-04T19:45:00,Strada Urbana,all'intersezione con,14047,VIA STEFANO OBERTO,,Investimento di pedone,Incrocio,Una carreggiata a doppio senso,Asciutto,Asfaltata,Verticale ed orizzontale,Sereno,Normale,Sufficiente,1,0,0,1,12.59036,41.84648,True,12678,VIA PIETRO MARCHISIO,
,5767702,13,2022-01-04T19:50:00,Strada Urbana,in prossimità,1140,VIA ATTILIO PROFUMO,13,Scontro frontale/laterale SX fra veicoli in marcia,Rettilineo,Una carreggiata a senso unico di marcia,Asciutto,Asfaltata,Verticale,Nuvoloso,Normale,Sufficiente,0,0,0,3,12.309519999999999,41.76491,True,,,
,5767870,11,2022-01-04T20:00:00,Strada Urbana,in prossimità,11802,VIALE DEL TINTORETTO,97,Veicolo in marcia contro veicoli in sosta,Curva a visuale libera,Una carreggiata a senso unico di marcia,Asciutto,Asfaltata,Verticale ed orizzontale,Sereno,Scarso,Sufficiente,0,0,0,1,12.484730000000001,41.838290000000001,True,,,
,5768660,3,2022-01-04T20:15:00,Strada Urbana,in prossimità,6380,VIA LORENZO IL MAGNIFICO,13,Veicolo in marcia contro veicolo in sosta,Rettilineo,Una carreggiata a doppio senso,Asciutto,Asfaltata,Orizzontale,Sereno,Scarso,Sufficiente,0,0,0,1,12.5222,41.913119999999999,True,,,
,5767829,8,2022-01-04T20:30:00,Strada Urbana,all'intersezione con,12812,VIA BITTI,,Scontro laterale fra veicoli in marcia,Incrocio,Una carreggiata a senso unico di marcia,Asciutto,Asfaltata,Assente,Sereno,Scarso,Sufficiente,0,0,0,2,12.684939999999999,41.888849999999998,True,12920,VIA MODOLO,
,5767877,9,2022-01-04T20:45:00,Strada Urbana,all'intersezione con,7638,VIALE DELLE MURA LATINE,,Scontro frontale/laterale SX fra veicoli in marcia,Intersezione stradale segnalata,Una carreggiata a doppio senso,Asciutto,Asfaltata,Verticale ed orizzontale,Sereno,Scarso,Buona,0,0,0,2,12.503170000000001,41.875120000000003,True,1811,VIA CAMERIA,
,5767904,10,2022-01-04T21:50:00,Strada Urbana,all'intersezione con,15168,VIALE LUIGI SCHIAVONETTI,,Veicolo in marcia contro ostacolo fisso,Rotatoria,Due carreggiate,Asciutto,Asfaltata,Verticale ed orizzontale,Sereno,Scarso,Sufficiente,0,0,0,2,12.61078,41.844940000000001,True,11928,VIA BERNARDINO ALIMENA,
,5768591,3,2022-01-04T23:30:00,Strada Urbana,all'intersezione semaforizzata con,9089,PIAZZALE DELLE PROVINCIE,,Scontro laterale fra veicoli in marcia,Rotatoria,Una carreggiata a senso unico di marcia,Asciutto,Asfaltata,Verticale ed orizzontale,Sereno,Scarso,Sufficiente,1,0,0,1,12.521430000000001,41.909390000000002,True,6189,VIA DELLA LEGA LOMBARDA,
,5768094,7,2022-01-04T23:30:00,Strada Urbana,in prossimità,318,VIALE ALESSANDRINO,663,Veicolo in marcia contro veicoli in sosta,Rettilineo,Una carreggiata a senso unico di marcia,Asciutto,Asfaltata,Assente,Sole radente,Intenso,Buona,0,0,0,2,12.576599999999999,41.886180000000003,True,,,
,5771830,3,2022-01-05T00:00:00,Strada Urbana,in prossimità,5053,VIA GIORGIO BAGLIVI,15,Veicolo in marcia contro veicolo in sosta,Rettilineo,Una carreggiata a senso unico di marcia,Bagnato (pioggia),Asfaltata,Verticale ed orizzontale,Nuvoloso,Scarso,Sufficiente,0,0,0,0,12.512320000000001,41.909080000000003,True,,,
,5770156,17,2022-01-05T00:05:00,Strada Urbana,da specificare,5178,VIA GIOVANNI BETTOLO,,Veicolo in marcia contro veicolo in sosta,Rettilineo,Una carreggiata a senso unico di marcia,Asciutto,Asfaltata,Orizzontale,Sereno,Scarso,Buona,0,0,0,1,12.456569999999999,41.91178,True,,,fronte civico 52
,5767881,5,2022-01-05T01:20:00,Strada Urbana,in prossimità,8499,VIA DI PIETRALATA,95,Veicolo in marcia contro ostacolo fisso,Rettilineo,Una carreggiata a doppio senso,Asciutto,Asfaltata,Verticale ed orizzontale,Nuvoloso,Scarso,Sufficiente,0,0,0,3,12.530989999999999,41.926810000000003,True,,,
,5768025,12,2022-01-05T02:00:00,Strada Urbana,all'intersezione con,1050,VIALE DELL'ARTE,,Infortunio per caduta del veicolo,Intersezione semaforizzata,Una carreggiata a doppio senso,Asciutto,Asfaltata,Verticale ed orizzontale,Sereno,Scarso,Buona,1,0,0,0,12.473179999999999,41.827370000000002,True,7091,PIAZZA MATTEI,
,5798012,6,2022-01-05T05:55:00,Strada Urbana,all'intersezione con,8917,VIA DI PORTA FURBA,,Scontro frontale/laterale DX fra veicoli in marcia,Incrocio,Una carreggiata a doppio senso,Asciutto,Asfaltata,Verticale ed orizzontale,Sereno,Scarso,Buona,0,0,0,1,12.54041,41.871459999999999,True,585,VIA DEGLI ANGELI,
,5768966,11,2022-01-05T06:00:00,Strada Urbana,all'intersezione semaforizzata con,3216,VIA CRISTOFORO COLOMBO,,Scontro frontale/laterale SX fra veicoli in marcia,Intersezione semaforizzata,Più di due carreggiate,Asciutto,Asfaltata,Verticale ed orizzontale,Sereno,Normale,Buona,1,0,0,1,12.49611,41.867260000000002,True,12303,LARGO ANGELO FOCHETTI,
,5768005,12,2022-01-05T06:00:00,Provinciale,da specificare,10102,VIA DELLA SOLFARATA,,Scontro frontale/laterale SX fra veicoli in marcia,Rettilineo,Una carreggiata a doppio senso,Asciutto,Con buche,Verticale ed orizzontale,Sereno,Normale,Sufficiente,1,0,0,2,12.54926,41.709699999999998,True,,,IN PROSSIMITA' VIA DEL FOSSO DELLA SOLFORATA
,5768095,1,2022-01-05T06:20:00,Strada Urbana,in prossimità,1222,LUNGOTEVERE AVENTINO,9,Veicolo in marcia contro veicoli in sosta,Rettilineo,Una carreggiata a senso unico di marcia,Asciutto,Asfaltata,Verticale ed orizzontale,Sereno,Scarso,Buona,0,0,0,2,12.479010000000001,41.885539999999999,True,,,
,5768744,10,2022-01-05T06:30:00,Strada Urbana,all'intersezione semaforizzata con,10827,VIA TUSCOLANA,,Scontro frontale/laterale SX fra veicoli in marcia,Intersezione semaforizzata,Una carreggiata a doppio senso,Asciutto,Asfaltata,Verticale ed orizzontale,Sereno,Normale,Buona,0,0,0,2,12.592280000000001,41.839640000000003,True,157,VIA DELL'AEROPORTO,
,5769734,4,2022-01-05T07:05:00,Strada Urbana,da specificare,9004,VIA DEI PRATI FISCALI,,Scontro laterale fra veicoli in marcia,Rettilineo,Due carreggiate,Asciutto,Asfaltata,Verticale ed orizzontale,Sereno,Normale,Buona,0,0,0,3,12.516450000000001,41.946060000000003,True,,,altezza via A. SILVANI
,5768014,2,2022-01-05T07:15:00,Strada Urbana,in corrispondenza,9273,VIALE REGINA MARGHERITA,86,Scontro frontale/laterale SX fra veicoli in marcia,Rettilineo,Una carreggiata a doppio senso,Asciutto,Asfaltata,Orizzontale,Sereno,Scarso,Buona,1,0,0,1,12.50122,41.917099999999998,True,,,
,5769108,3,2022-01-05T07:45:00,Strada Urbana,da specificare,16205,Tangenziale Est,,Scontro laterale fra veicoli in marcia,Rettilineo,Una carreggiata a senso unico di marcia,Asciutto,Asfaltata,Verticale ed orizzontale,Sereno,Intenso,Buona,1,0,0,1,12.52816,41.918379999999999,True,,,svincolo via casilina direzione salaria
,5769790,13,2022-01-05T08:20:00,Strada Urbana,da specificare,6326,VIA LITORANEA,,Veicolo in marcia contro ostacolo fisso,Rettilineo,Una carreggiata a doppio senso,Asciutto,Asfaltata,Verticale,Sereno,Scarso,Buona,0,0,0,2,12.37354,41.687620000000003,True,,,50 mt dopo via U. Ferrandi direzione colombo
,5770072,16,2022-01-05T09:00:00,Strada Urbana,in corrispondenza,4987,VIA GIAN MATTEO GIBERTI,63,Veicolo in marcia contro veicolo in sosta,Rettilineo,Una carreggiata a senso unico di marcia,Asciutto,Asfaltata,Verticale ed orizzontale,Sereno,Normale,Buona,0,0,0,1,12.44806,41.867939999999997,True,,,
,5768373,1,2022-01-05T09:00:00,Strada Urbana,all'intersezione semaforizzata con,6930,PIAZZA DI S. MARIA IN TRASTEVERE,,Scontro frontale/laterale SX fra veicoli in marcia,Incrocio,Una carreggiata a senso unico di marcia,Asciutto,Asfaltata,Verticale ed orizzontale,Sereno,Normale,Buona,0,0,0,2,12.47026,41.889609999999998,True,3607,VIA EMILIO MOROSINI,
,5769752,18,2022-01-05T10:00:00,Strada Urbana,all'intersezione semaforizzata con,529,VIA ANASTASIO II,,Scontro frontale fra veicoli in marcia,Intersezione semaforizzata,Due carreggiate,Asciutto,Asfaltata,Verticale ed orizzontale,Sereno,Normale,Buona,1,0,0,2,12.442489999999999,41.899889999999999,True,9794,VIA DEI SAVORELLI,
,5768722,4,2022-01-05T10:15:00,Strada Urbana,in prossimità,6068,VIALE JONIO,87,Scontro frontale/laterale DX fra veicoli in marcia,Rettilineo,Due carreggiate,Asciutto,Asfaltata,Verticale ed orizzontale,Sereno,Normale,Buona,0,1,0,1,12.541230000000001,41.943350000000002,True,,,
,5770045,13,2022-01-05T10:45:00,Strada Urbana,all'intersezione con,66,VIA DI ACILIA,,Scontro frontale/laterale SX fra veicoli in marcia,Incrocio,Una carreggiata a doppio senso,Asciutto,Asfaltata,Verticale ed orizzontale,Sereno,Normale,Buona,1,0,0,1,12.37143,41.773690000000002,True,15919,VIA GIANFILIPPO USELLINI,
,5770219,13,2022-01-05T10:55:00,Strada Urbana,all'intersezione con,2495,VIALE DI CASTEL PORZIANO,,Veicolo in marcia contro veicolo in sosta,Incrocio,Una carreggiata a doppio senso,Asciutto,Asfaltata,Assente,Sereno,Scarso,Buona,0,0,0,0,12.355560000000001,41.733280000000001,True,7942,VIA ORAZIO VECCHI,
,5769698,8,2022-01-05T11:00:00,Strada Urbana,in prossimità,10023,VIA SILICELLA,111/CD,Scontro laterale fra veicoli in marcia,Rettilineo,Una carreggiata a doppio senso,Asciutto,Asfaltata,Assente,Sereno,Normale,Buona,0,0,0,3,12.59829,41.859990000000003,True,,,
,5768402,1,2022-01-05T11:00:00,Strada Urbana,in corrispondenza,1223,VIALE AVENTINO,76,Veicolo in marcia contro ostacolo accidentale,Rettilineo,Una carreggiata a senso unico di marcia,Asciutto,In cubetti di porfido,Verticale ed orizzontale,Sereno,Scarso,Buona,0,0,0,2,,,False,,,
,5769022,11,2022-01-05T11:05:00,Strada Urbana,da specificare,3216,VIA CRISTOFORO COLOMBO,,Veicolo in marcia contro ostacolo fisso,Rettilineo,Più di due carreggiate,Asciutto,Asfaltata,Verticale ed orizzontale,Sereno,Scarso,Buona,1,0,0,0,12497,41.865650000000002,True,,,FRONTE CIVICO 168
,5768749,10,2022-01-05T11:40:00,Strada Urbana,in corrispondenza,6543,VIA LUIGI FERRETTI,9,Investimento di pedone,Rettilineo,Due carreggiate,Asciutto,Asfaltata,Assente,Sereno,Scarso,Buona,1,0,0,1,12.57283,41.868510000000001,True,,,
,5769679,15,2022-01-05T11:45:00,Strada Urbana,in corrispondenza,8975,VIA PORTUENSE,756A,Veicolo in marcia contro veicolo in sosta,Rettilineo,Una carreggiata a doppio senso,Asciutto,Asfaltata,Assente,Sereno,Scarso,Buona,0,0,0,1,12.4252,41.851239999999997,True,,,
,5769008,11,2022-01-05T11:50:00,Strada Urbana,all'intersezione con,919,VIA DELL'ARCADIA,,Scontro laterale fra veicoli in marcia,Intersezione stradale segnalata,Due carreggiate,Asciutto,Asfaltata,Verticale ed orizzontale,Sereno,Normale,Buona,0,0,0,3,12.49114,41.852460000000001,True,32,VIALE DELLE ACCADEMIE,
,5769890,9,2022-01-05T12:00:00,Strada Urbana,in prossimità,2571,VIA DELLE CAVE,87,Investimento di pedone,Rettilineo,Due carreggiate,Asciutto,Asfaltata,Verticale ed orizzontale,Sereno,Normale,Buona,1,0,0,1,12.53082,41.871540000000003,True,,,
,5769576,7,2022-01-05T12:25:00,Strada Urbana,all'intersezione con,4767,VIALE DELLE GARDENIE,,Scontro frontale/laterale SX fra veicoli in marcia,Incrocio,Una carreggiata a doppio senso,Asciutto,Asfaltata,Verticale ed orizzontale,Sereno,Normale,Buona,0,0,0,3,12.566800000000001,41.885919999999999,True,4766,PIAZZALE DELLE GARDENIE,
,5768960,20,2022-01-05T12:30:00,Regionale,da specificare,4184,VIA FLAMINIA,,Tamponamento,Rettilineo,Due carreggiate,Asciutto,Asfaltata,Verticale ed orizzontale,Sereno,Normale,Buona,1,0,0,2,12.471830000000001,41.941920000000003,True,,,alt. via di Grottarossa direz. centro
,5769904,2,2022-01-05T13:00:00,Strada Urbana,all'intersezione con,2868,VIA CIVITAVECCHIA,,Scontro frontale/laterale DX fra veicoli in marcia,Incrocio,Una carreggiata a doppio senso,Asciutto,Asfaltata,Verticale ed orizzontale,Nuvoloso,Normale,Buona,0,0,0,2,12.50333,41.91386,True,7806,VIA NIZZA,
,5769701,8,2022-01-05T13:00:00,Strada Urbana,all'intersezione con,16256,VIA ANTONIO CAPETTI,,Scontro laterale fra veicoli in marcia,Incrocio,Una carreggiata a senso unico di marcia,Asciutto,Asfaltata,Verticale ed orizzontale,Sereno,Scarso,Buona,0,0,0,2,12.661820000000001,41.911230000000003,True,16253,PIAZZA ARISTIDE GIANNELLI,
,5768969,20,2022-01-05T13:25:00,Strada Urbana,in prossimità,2416,VIA CASSIA,974,Scontro frontale/laterale DX fra veicoli in marcia,Rettilineo,Una carreggiata a doppio senso,Asciutto,Asfaltata,Verticale ed orizzontale,Sereno,Normale,Buona,2,0,0,2,12.430580000000001,41.97316,True,,,
,5769812,4,2022-01-05T13:40:00,Strada Urbana,all'intersezione con,10940,VIA VAL D'ALA,,Scontro laterale fra veicoli in marcia,Intersezione stradale segnalata,Una carreggiata a doppio senso,Asciutto,Asfaltata,Verticale,Sereno,Scarso,Buona,1,0,0,1,12.51661,41.94379,True,11627,LARGO VALSABBIA,
,5768968,6,2022-01-05T13:50:00,Strada Urbana,in corrispondenza,9930,VIALE DELLA SERENISSIMA,20,Scontro laterale fra veicoli in marcia,Rettilineo,Due carreggiate,Asciutto,Asfaltata,Verticale ed orizzontale,Sereno,Normale,Buona,0,0,0,4,12.559060000000001,41.895600000000002,True,,,
,5769907,2,2022-01-05T14:00:00,Strada Urbana,in prossimità,11300,VIA DI VILLA CHIGI,fr.48,Investimento di pedone,Rettilineo,Una carreggiata a doppio senso,Asciutto,Asfaltata,Verticale ed orizzontale,Sereno,Scarso,Buona,1,0,0,1,12.51427,41.934579999999997,True,,,
,5770090,1,2022-01-05T14:05:00,Strada Urbana,in prossimità,1758,VIA CALABRIA,2,Scontro laterale fra veicoli in marcia,Rettilineo,Una carreggiata a senso unico di marcia,Asciutto,Asfaltata,Verticale ed orizzontale,Sereno,Scarso,Buona,0,0,0,3,12.49803,41.910130000000002,True,,,
,5774187,1,2022-01-05T14:20:00,Strada Urbana,in corrispondenza,5217,PASSETTO DI S. GIOVANNI DECOLLATO,6,Veicolo in marcia contro veicolo in sosta,Rettilineo,Una carreggiata a senso unico di marcia,Asciutto,Acciotolata,Verticale ed orizzontale,Sereno,Scarso,Buona,0,0,0,1,12.4823,41.890709999999999,False,,,
,5771138,13,2022-01-05T14:45:00,Strada Urbana,all'intersezione con,5532,VIA GIUSEPPE FIORELLI,,Scontro frontale/laterale DX fra veicoli in marcia,Incrocio,Una carreggiata a senso unico di marcia,Asciutto,Asfaltata,Assente,Nuvoloso,Normale,Buona,2,0,0,1,12.311109999999999,41.77046,True,838,VIA ANTONIO TARAMELLI,
,5769816,4,2022-01-05T15:07:00,Provinciale entro l'abitato,da specificare,7816,VIA NOMENTANA,,Veicolo in marcia contro ostacolo fisso,Rettilineo,Una carreggiata a doppio senso,Asciutto,Asfaltata,Assente,Nuvoloso,Normale,Sufficiente,0,0,0,1,12.57368,41.959049999999998,True,,,"altezza bivio comprensorio ""Parco Azzurro"""
,5769710,8,2022-01-05T15:10:00,Strada Urbana,da specificare,16316,VIA MARIO PASTORE,,Veicolo in marcia contro ostacolo fisso,Curva a visuale libera,Una carreggiata a senso unico di marcia,Asciutto,Asfaltata,Orizzontale,Nuvoloso,Scarso,Buona,0,0,0,2,12.61481,41.84713,False,,,100 metri dopo via STANFORD
,5769713,8,2022-01-05T15:40:00,Strada Urbana,in prossimità,4366,VIA DEL FOSSO DELL'OSA,563,Scontro frontale/laterale DX fra veicoli in marcia,Rettilineo,Una carreggiata a doppio senso,Asciutto,Asfaltata,Verticale ed orizzontale,Sereno,Normale,Buona,0,0,0,6,12.684240000000001,41.905900000000003,True,,,
,5769737,12,2022-01-05T16:15:00,Strada Urbana,da specificare,8871,VIA DEL PONTE DI PISCINA CUPA,,Scontro frontale/laterale DX fra veicoli in marcia,Rettilineo,Una carreggiata a doppio senso,Asciutto,Asfaltata,Verticale ed orizzontale,Nuvoloso,Scarso,Buona,0,0,0,3,12.446289999999999,41.716940000000001,True,,,"Area di parcheggio  ""B16"" outlet Castel Romano"
,5770194,1,2022-01-05T16:20:00,Strada Urbana,all'intersezione semaforizzata con,6845,VIALE MARCO POLO,,Scontro laterale fra veicoli in marcia,Intersezione semaforizzata,Due carreggiate,Asciutto,Asfaltata,Verticale ed orizzontale,Nuvoloso,Normale,Buona,0,0,0,2,12.489319999999999,41.872810000000001,True,464,VIA ALVISE CADAMOSTO,
,5770343,1,2022-01-05T17:20:00,Strada Urbana,da specificare,3216,VIA CRISTOFORO COLOMBO,,Tamponamento,,Una carreggiata a doppio senso,Bagnato (pioggia),Asfaltata,Verticale ed orizzontale,Nuvoloso,Normale,Buona,0,0,0,1,12.496449999999999,41.87115,False,,,pross. viale di porta ardeatina
,5769817,18,2022-01-05T17:30:00,Strada Urbana,da specificare,1547,VIA DI BOCCEA,,Scontro laterale fra veicoli in marcia,Rettilineo,Una carreggiata a senso unico di marcia,Asciutto,Asfaltata,Orizzontale,Nuvoloso,Normale,Buona,0,0,0,2,12.38466,41.914949999999997,True,,,ALTEZZA USCITA G.R.A.
,5769716,8,2022-01-05T17:30:00,Strada Urbana,in corrispondenza,15190,VIA WALTER TOBAGI,95,Investimento di pedone,Rettilineo,Una carreggiata a doppio senso,Bagnato (pioggia),Asfaltata,Verticale ed orizzontale,Pioggia in atto,Normale,Sufficiente,0,0,1,0,12.59831,41.872149999999998,True,,,
,5769586,7,2022-01-05T17:30:00,Strada Urbana,in corrispondenza,12171,VIA TRANQUILLO CREMONA,16,Veicolo in marcia contro veicoli in sosta,Rettilineo,Una carreggiata a doppio senso,Bagnato (pioggia),Asfaltata,Verticale,Pioggia in atto,Normale,Buona,0,0,0,1,12.586679999999999,41.897629999999999,True,,,
,5769795,18,2022-01-05T17:40:00,Statale,in prossimità,1194,VIA AURELIA,2165,Veicolo in marcia contro veicolo fermo,Rettilineo,Due carreggiate,Asciutto,Asfaltata,Verticale ed orizzontale,Nuvoloso,Normale,Buona,0,0,0,1,12.26402,41.906779999999998,True,,,
,5768995,5,2022-01-05T17:55:00,Strada Urbana,all'intersezione semaforizzata con,2272,VIA DEL CASALE DI S. BASILIO,,Scontro frontale/laterale DX fra veicoli in marcia,Incrocio,Una carreggiata a doppio senso,Bagnato (pioggia),Asfaltata,Verticale ed orizzontale,Pioggia in atto,Normale,Buona,0,0,0,5,12.57489,41.940779999999997,True,8809,VIA POLLENZA,
,5768996,5,2022-01-05T18:00:00,Strada Urbana,all'intersezione semaforizzata con,2272,VIA DEL CASALE DI S. BASILIO,,Scontro laterale fra veicoli in marcia,Incrocio,Una carreggiata a doppio senso,Bagnato (pioggia),Asfaltata,Verticale ed orizzontale,Pioggia in atto,Intenso,Sufficiente,0,0,0,3,12.57489,41.940750000000001,True,8809,VIA POLLENZA,
,5769828,4,2022-01-05T18:15:00,Statale entro l'abitato,da specificare,9611,RACCORDO SALARIO SETTEBAGNI,,Tamponamento Multiplo,Rettilineo,Due carreggiate,Bagnato (pioggia),Asfaltata,Verticale ed orizzontale,Pioggia in atto,Normale,Buona,0,0,0,4,12.55602,42.038049999999998,True,,,DIR. FUORI ROMA ALT. PONTE FERROVIARIO
,5769762,19,2022-01-05T18:55:00,Strada Urbana,in prossimità,2903,PIAZZA CLEMENTE XI,1,Scontro laterale fra veicoli in marcia,Rotatoria,Una carreggiata a senso unico di marcia,Asciutto,Asfaltata,Verticale ed orizzontale,Sereno,Normale,Buona,0,0,0,2,12.41466,41.914110000000001,True,,,
,5768989,10,2022-01-05T19:10:00,Strada Urbana,da specificare,1952,VIA DELLE CAPANNELLE,,Scontro frontale/laterale DX fra veicoli in marcia,Rettilineo,Una carreggiata a doppio senso,Bagnato (pioggia),Asfaltata,Assente,Nuvoloso,Normale,Sufficiente,0,0,0,2,12.571339999999999,41.83522,True,,,strada interna con Via delle Capannelle
,5768982,20,2022-01-05T19:10:00,Provinciale,da specificare,10472,VIA TIBERINA,,Veicolo in marcia contro ostacolo accidentale,Rettilineo,Una carreggiata a doppio senso,Asciutto,Asfaltata,Verticale ed orizzontale,Nuvoloso,Scarso,Insufficiente,0,0,0,2,12.505129999999999,42.026499999999999,True,,,"altezza Km. 4,500"
,5769329,6,2022-01-05T19:30:00,Strada Urbana,in prossimità,9930,VIALE DELLA SERENISSIMA,31,Infortunio per sola frenata improvvisa,Rettilineo,Due carreggiate,Bagnato (pioggia),Asfaltata,Verticale ed orizzontale,Pioggia in atto,Normale,Sufficiente,1,0,0,0,12.558870000000001,41.89573,True,,,
,5770259,4,2022-01-05T19:40:00,Strada Urbana,all'intersezione con,7816,VIA NOMENTANA,,Investimento di pedone,Intersezione semaforizzata,Una carreggiata a doppio senso,Bagnato (umidità in atto),Asfaltata,Verticale ed orizzontale,Nuvoloso,Normale,Buona,1,0,0,1,12.57368,41.959049999999998,True,10951,VIA VAL CHISONE,
,5769594,7,2022-01-05T19:50:00,Strada Urbana,in prossimità,11904,VIALE PALMIRO TOGLIATTI,952,Scontro frontale/laterale SX fra veicoli in marcia,Rettilineo,Due carreggiate,Bagnato (pioggia),Asfaltata,Verticale ed orizzontale,Sereno,Normale,Buona,1,0,0,1,12.57483,41.892220000000002,True,,,
,5770119,16,2022-01-05T20:00:00,Strada Urbana,in prossimità,6226,VIA LEONE XIII,94,Veicolo in marcia contro veicolo in sosta,Rettilineo,Due carreggiate,Asciutto,Asfaltata,Verticale ed orizzontale,Sereno,Normale,Sufficiente,1,0,0,0,12.440440000000001,41.886940000000003,True,,,
,5768992,10,2022-01-05T20:00:00,Strada Urbana,in corrispondenza,1796,VIA CALPURNIO FIAMMA,29,Investimento di pedone,Rettilineo,Due carreggiate,Bagnato (pioggia),Asfaltata,Verticale ed orizzontale,Nuvoloso,Normale,Sufficiente,1,0,0,2,12.56021,41.860019999999999,True,,,
,5769592,7,2022-01-05T21:00:00,Strada Urbana,in prossimità,3961,LARGO FEDERICO DELPINO,14,Veicolo in marcia contro veicolo in sosta,Rettilineo,Una carreggiata a senso unico di marcia,Asciutto,Asfaltata,Verticale ed orizzontale,Sereno,Scarso,Buona,0,0,0,1,12.562200000000001,41.891300000000001,True,,,
,5770176,13,2022-01-05T21:20:00,Strada Urbana,in corrispondenza,362,VIA ALESSANDRO PIOLA CASELLI,121,Veicolo in marcia contro veicoli in sosta,Rettilineo,Una carreggiata a doppio senso,Asciutto,Asfaltata,Orizzontale,Nuvoloso,Normale,Buona,0,0,0,3,12.28529,41.738100000000003,True,,,
,5770155,1,2022-01-05T21:30:00,Strada Urbana,all'intersezione semaforizzata con,8919,PIAZZA DI PORTA S. GIOVANNI,,Scontro laterale fra veicoli in marcia,Rotatoria,Una carreggiata a doppio senso,Bagnato (pioggia),Asfaltata,Verticale ed orizzontale,Nuvoloso,Normale,Sufficiente,0,0,0,3,12.50886,41.886180000000003,True,3573,VIA EMANUELE FILIBERTO,
,5770005,17,2022-01-05T23:15:00,Strada Urbana,in corrispondenza,8912,LARGO DI PORTA CASTELLO,29,Veicolo in marcia contro veicolo in sosta,Rettilineo,Una carreggiata a senso unico di marcia,Asciutto,Asfaltata,Verticale ed orizzontale,Nuvoloso,Scarso,Buona,0,0,0,1,12.462949999999999,41.904400000000003,True,,,
,5770153,16,2022-01-06T00:20:00,,in corrispondenza,3051,VIA DELLA CONSOLATA,20,Veicolo in marcia contro ostacolo fisso,,,,,,,,,1,0,0,0,12.42169,41.876730000000002,False,,,
,5769838,4,2022-01-06T00:30:00,Strada Urbana,da specificare,6522,VIA LUIGI CAPUANA,,Scontro laterale fra veicoli in marcia,Rettilineo,Due carreggiate,Asciutto,Asfaltata,Verticale ed orizzontale,Nebbia,Intenso,Insufficiente,0,0,0,5,12.54729,41.947389999999999,True,,,fronte civico 190
,5769003,5,2022-01-06T02:50:00,Strada Urbana,da specificare,13768,VIALE KANT,,Veicolo in marcia contro ostacolo fisso,Curva a visuale libera,Due carreggiate,Bagnato (umidità in atto),Asfaltata,Orizzontale,Pioggia in atto,Scarso,Insufficiente,0,0,0,5,12.556290000000001,41.932510000000001,True,,,fronte via Comte direzione Tiburtina
,5769007,5,2022-01-06T05:30:00,Strada Urbana,in corrispondenza,7612,VIA MORROVALLE,1,Veicolo in marcia contro ostacolo fisso,Rettilineo,Una carreggiata a senso unico di marcia,Bagnato (pioggia),Asfaltata,Orizzontale,Nuvoloso,Scarso,Buona,1,0,0,0,12.582179999999999,41.93629,True,,,
,5768987,12,2022-01-06T06:00:00,Strada Urbana,in prossimità,1734,VIALE DEI CADUTI PER LA RESISTENZA,194,Veicolo in marcia contro veicoli in sosta,Rettilineo,Una carreggiata a senso unico di marcia,Asciutto,Asfaltata,Verticale ed orizzontale,Nuvoloso,Scarso,Buona,0,0,0,1,12.44619,41.789529999999999,True,,,
,5769900,2,2022-01-06T06:30:00,Strada Urbana,in prossimità,4186,LUNGOTEVERE FLAMINIO,fr. 57,Veicolo in marcia contro veicoli in sosta,Rettilineo,Più di due carreggiate,Asciutto,Asfaltata,Verticale ed orizzontale,Nuvoloso,Scarso,Buona,0,0,0,1,12.464449999999999,41.924149999999997,True,,,
,5770224,4,2022-01-06T08:30:00,Statale entro l'abitato,in prossimità,9609,VIA SALARIA,825,Scontro laterale fra veicoli in marcia,Rettilineo,Due carreggiate,Asciutto,Asfaltata,Verticale ed orizzontale,Nuvoloso,Scarso,Buona,0,0,0,2,12.50564,41.954479999999997,True,,,
,5771284,13,2022-01-06T09:00:00,Strada Urbana,all'intersezione con,2495,VIALE DI CASTEL PORZIANO,,Scontro laterale fra veicoli in marcia,Incrocio,Una carreggiata a doppio senso,Asciutto,Asfaltata,Verticale ed orizzontale,Sereno,Scarso,Buona,0,0,0,3,12.350759999999999,41.732109999999999,True,1908,VIA DEL CANALE DELLA LINGUA,
,5769688,11,2022-01-06T09:45:00,Strada Urbana,da specificare,14961,VIA MARIO RIGAMONTI,,Scontro frontale/laterale SX fra veicoli in marcia,Rettilineo,Una carreggiata a doppio senso,Asciutto,Asfaltata,Verticale ed orizzontale,Nuvoloso,Scarso,Buona,0,0,0,3,12.50202,41.836849999999998,True,,,in prossimità palo luce n. 30 - area di parcheggio
,5772528,17,2022-01-06T10:00:00,Strada Urbana,in corrispondenza,4851,VIA GERMANICO,52,Veicolo in marcia contro veicolo in sosta,Rettilineo,Una carreggiata a senso unico di marcia,Asciutto,In cubetti di porfido,Verticale ed orizzontale,Nuvoloso,Scarso,Buona,0,0,0,0,12.45729,41.907670000000003,True,,,
,5769717,8,2022-01-06T10:30:00,Strada Urbana,in prossimità,13704,VIALE PAOLO FERDINANDO QUAGLIA,52,Tamponamento,Rettilineo,Una carreggiata a doppio senso,Asciutto,Asfaltata,Verticale ed orizzontale,Sereno,Scarso,Buona,0,0,0,5,12.63964,41.867530000000002,True,,,
,5771851,3,2022-01-06T11:05:00,Strada Urbana,all'intersezione semaforizzata con,7816,VIA NOMENTANA,,Scontro laterale fra veicoli in marcia,Intersezione semaforizzata,Più di due carreggiate,Asciutto,Asfaltata,Verticale ed orizzontale,Nuvoloso,Normale,Buona,1,0,0,1,12.513199999999999,41.917430000000003,True,8786,VIALE POLA,
,5770818,1,2022-01-06T11:15:00,Strada Urbana,in corrispondenza,3654,VIALE ENRICO DE NICOLA,30,Scontro frontale/laterale SX fra veicoli in marcia,Rettilineo,Più di due carreggiate,Asciutto,Asfaltata,Verticale ed orizzontale,Nuvoloso,Scarso,Buona,1,0,0,2,12.499969999999999,41.902920000000002,True,,,
,5769687,15,2022-01-06T11:24:00,Strada Urbana,in prossimità,10223,VIA DELLA STAZIONE DI PONTE GALERIA,15,Veicolo in marcia contro veicolo fermo,Rettilineo,Una carreggiata a doppio senso,Asciutto,Asfaltata,Assente,Nuvoloso,Normale,Buona,0,0,0,2,12.34469,41.818129999999996,True,,,
,5770076,4,2022-01-06T11:25:00,Statale,in prossimità,9609,VIA SALARIA,2151,Veicolo in marcia contro ostacolo accidentale,Rettilineo,Una carreggiata a doppio senso,Bagnato (umidità in atto),Asfaltata,Verticale ed orizzontale,Sereno,Normale,Buona,0,0,0,1,12.57259,42.050960000000003,True,,,
,5769694,5,2022-01-06T11:55:00,Strada Urbana,in corrispondenza,2272,VIA DEL CASALE DI S. BASILIO,198,Tamponamento Multiplo,Rettilineo,Una carreggiata a doppio senso,Asciutto,Asfaltata,Orizzontale,Sereno,Normale,Buona,0,0,0,3,12.580970000000001,41.936970000000002,True,,,
,5769768,19,2022-01-06T12:30:00,Strada Urbana,in prossimità,9909,VIA SENECA,12,Veicolo in marcia contro veicolo arresto,Rettilineo,Una carreggiata a doppio senso,Asciutto,Asfaltata,Assente,Sereno,Scarso,Buona,0,0,0,3,12.444900000000001,41.92192,True,,,
,5769771,19,2022-01-06T14:25:00,Strada Urbana,in prossimità,1133,VIA ATTILIO FRIGGERI,130,Scontro frontale/laterale DX fra veicoli in marcia,Rettilineo,Una carreggiata a doppio senso,Asciutto,Asfaltata,Orizzontale,Sereno,Scarso,Buona,0,0,0,2,12.439780000000001,41.918640000000003,True,,,
,5770258,4,2022-01-06T14:40:00,Strada Urbana,all'intersezione con,2870,PIAZZA CIVITELLA PAGANICO,,Scontro frontale/laterale SX fra veicoli in marcia,Rotatoria,Una carreggiata a senso unico di marcia,Asciutto,Asfaltata,Verticale ed orizzontale,Sereno,Normale,Buona,1,0,0,4,12.515890000000001,41.951740000000001,True,4093,VIA FILIPPO ANTONIO GUALTERIO,
,5769906,9,2022-01-06T15:10:00,Strada Urbana,all'intersezione con,228,VIA ALBALONGA,,Investimento di pedone,Incrocio,Una carreggiata a senso unico di marcia,Asciutto,Asfaltata,Verticale ed orizzontale,Sereno,Scarso,Sufficiente,1,0,0,1,12.51328,41.880099999999999,True,2628,VIA CENEDA,
,5769845,18,2022-01-06T15:30:00,Strada Urbana,in prossimità,10946,VIA DI VAL CANNUTA,219,Tamponamento Multiplo,Rettilineo,Una carreggiata a doppio senso,Asciutto,Asfaltata,Verticale ed orizzontale,Sereno,Scarso,Buona,0,0,0,4,12.404960000000001,41.894640000000003,True,,,
,5769720,8,2022-01-06T15:50:00,Strada Urbana,all'intersezione con,10688,VIA DI TOR VERGATA,,Scontro frontale/laterale SX fra veicoli in marcia,Intersezione semaforizzata,Più di due carreggiate,Asciutto,Asfaltata,Verticale ed orizzontale,Sereno,Normale,Buona,1,0,0,2,12.62501,41.849890000000002,True,6805,VIA MARCELLO ALESSIO,
,5769699,15,2022-01-06T16:00:00,Strada Urbana,da specificare,8862,VIADOTTO DELLA MAGLIANA,,Tamponamento,Cavalcavia,Due carreggiate,Asciutto,Asfaltata,Verticale ed orizzontale,Sereno,Scarso,Buona,0,0,0,2,12.46336,41.841999999999999,True,,,prox. rampa Via I. Newton dir. Fiumicino
,5769498,10,2022-01-06T16:15:00,Strada Urbana,in prossimità,1421,VIA BELLICIA,13,Veicolo in marcia contro ostacolo fisso,Rettilineo,Una carreggiata a doppio senso,Asciutto,Asfaltata,Assente,Sereno,Scarso,Buona,1,0,0,0,12.607810000000001,41.822980000000001,True,,,
,5769874,18,2022-01-06T16:40:00,Strada Urbana,all'intersezione semaforizzata con,8915,VIA DI PORTA CAVALLEGGERI,,Scontro laterale fra veicoli in marcia,Intersezione semaforizzata,Una carreggiata a doppio senso,Asciutto,Asfaltata,Verticale ed orizzontale,Sereno,Normale,Buona,0,0,0,2,12.457100000000001,41.900210000000001,True,10241,VIA DELLA STAZIONE VATICANA,
,5770448,1,2022-01-06T17:15:00,Strada Urbana,all'intersezione semaforizzata con,7171,VIA MERULANA,,Scontro frontale fra veicoli in marcia,Intersezione semaforizzata,Una carreggiata a doppio senso,Asciutto,Asfaltata,Verticale ed orizzontale,Sereno,Normale,Sufficiente,1,0,0,2,12.502039999999999,41.891800000000003,True,1643,LARGO BRANCACCIO,
,5771324,13,2022-01-06T17:50:00,Provinciale entro l'abitato,da specificare,8040,VIA OSTIENSE,,Investimento di pedone,Pendenza,Una carreggiata a doppio senso,Asciutto,Asfaltata,Verticale ed orizzontale,Sereno,Normale,Buona,2,0,0,1,12.38189,41.79166,True,,,alt. stazione Casal Bernocchi
,5771843,3,2022-01-06T17:50:00,Strada Urbana,da specificare,9090,VIALE DELLE PROVINCIE,,Veicolo in marcia contro veicolo fermo,Rettilineo,Due carreggiate,Asciutto,Asfaltata,Orizzontale,Sereno,Normale,Sufficiente,0,0,0,3,12.521240000000001,41.909590000000001,True,,,ALTEZZA PIAZZA BOLOGNA
,5769501,10,2022-01-06T18:20:00,Strada Urbana,all'intersezione con,15120,VIA WALTER PROCACCINI,,Scontro laterale fra veicoli in marcia,Rotatoria,Una carreggiata a senso unico di marcia,Asciutto,Asfaltata,Verticale ed orizzontale,Sereno,Normale,Buona,0,0,0,3,12.5831,41.851900000000001,True,12696,VIALE BRUNO PELIZZI,
,5769774,19,2022-01-06T18:50:00,Strada Urbana,in prossimità,2365,VIA DI CASAL DEL MARMO,329,Tamponamento,Rettilineo,Una carreggiata a doppio senso,Asciutto,Asfaltata,Verticale ed orizzontale,Nuvoloso,Scarso,Buona,0,0,0,4,12.39668,41.951070000000001,True,,,
,5769923,9,2022-01-06T19:10:00,Strada Urbana,in corrispondenza,878,VIA APPIA NUOVA,168/170,Investimento di pedone,Curva a visuale libera,Due carreggiate,Asciutto,Asfaltata,Verticale ed orizzontale,Sereno,Normale,Buona,1,0,0,2,12.51327,41.882260000000002,True,,,
,5771400,13,2022-01-06T19:30:00,Strada Urbana,in corrispondenza,7685,VIA DEI NAVICELLARI,8,Veicolo in marcia contro veicoli in sosta,Rettilineo,Una carreggiata a senso unico di marcia,Asciutto,Asfaltata,Verticale ed orizzontale,Sereno,Scarso,Buona,0,0,0,1,12.281470000000001,41.729709999999997,True,,,
,5769777,19,2022-01-06T19:45:00,Strada Urbana,in prossimità,7104,VIA MATTIA BATTISTINI,246,Scontro frontale/laterale SX fra veicoli in marcia,Rettilineo,Una carreggiata a doppio senso,Asciutto,Asfaltata,Orizzontale,Sereno,Scarso,Sufficiente,0,0,0,2,12.41844,41.91621,True,,,
,5769723,8,2022-01-06T21:20:00,Provinciale entro l'abitato,in prossimità,9040,VIA PRENESTINA,1229,Veicolo in marcia contro veicolo fermo,Rettilineo,Una carreggiata a doppio senso,Asciutto,Asfaltata,Verticale ed orizzontale,Sereno,Normale,Sufficiente,0,0,0,4,12.63184,41.892609999999998,True,,,
,5769681,20,2022-01-06T21:20:00,Strada Urbana,in corrispondenza,4580,CORSO DI FRANCIA,154,Scontro laterale fra veicoli in marcia,Rettilineo,Due carreggiate,Asciutto,Asfaltata,Orizzontale,Sereno,Normale,Buona,0,0,0,2,12.470140000000001,41.94323,True,,,
,5771265,7,2022-01-06T21:50:00,Strada Urbana,da specificare,10685,VIA DI TOR TRE TESTE,,Tamponamento,Rettilineo,Due carreggiate,Asciutto,Asfaltata,Verticale ed orizzontale,Sereno,Normale,Buona,0,0,0,5,12.591100000000001,41.890590000000003,True,,,ROTATORIA VIA ENZO FERRARI
,5769725,8,2022-01-06T22:00:00,Strada Urbana,all'intersezione con,4228,VIA DI FONTANA CANDIDA,,Scontro frontale/laterale SX fra veicoli in marcia,Incrocio,Una carreggiata a doppio senso,Asciutto,Asfaltata,Verticale ed orizzontale,Sereno,Scarso,Buona,1,0,0,0,12.69233,41.8553,False,3144,VIA DEL CORVIO,
,5769782,19,2022-01-06T22:07:00,Strada Urbana,in prossimità,10776,VIA TRIONFALE,8414,Scontro frontale/laterale SX fra veicoli in marcia,Rettilineo,Due carreggiate,Asciutto,Asfaltata,Orizzontale,Sereno,Scarso,Sufficiente,0,0,0,4,12.42549,41.938330000000001,True,,,
,5770291,4,2022-01-06T22:15:00,Strada Urbana,in corrispondenza,7816,VIA NOMENTANA,992,Tamponamento Multiplo,Rettilineo,Una carreggiata a doppio senso,Asciutto,Asfaltata,Verticale ed orizzontale,Sereno,Normale,Sufficiente,0,0,0,4,12.56573,41.94623,True,,,
,5772133,8,2022-01-07T00:45:00,Regionale entro l'abitato,all'intersezione semaforizzata con,9040,VIA PRENESTINA,,Scontro frontale/laterale DX fra veicoli in marcia,Incrocio,Una carreggiata a doppio senso,Asciutto,Asfaltata,Verticale ed orizzontale,Sereno,Scarso,Sufficiente,3,0,0,1,12.61548,41.893259999999998,True,9041,VIA PRENESTINA NUOVA,
,5785483,2,2022-01-07T02:30:00,Strada Urbana,in prossimità,7816,VIA NOMENTANA,250,Tamponamento,Rettilineo,Più di due carreggiate,Asciutto,Asfaltata,Verticale ed orizzontale,Sereno,Scarso,Buona,0,0,0,1,12.523960000000001,41.926830000000002,True,,,
,5769881,20,2022-01-07T02:42:00,,da specificare,6860,LUNGOTEVERE MARESCIALLO DIAZ,,Veicolo in marcia contro ostacolo fisso,,,,,,,,,0,1,1,0,,,False,,,Viale Dei Giusti della Farnesina
,5769999,1,2022-01-07T04:55:00,Strada Urbana,da specificare,6845,VIALE MARCO POLO,,Fuoriuscita dalla sede stradale,Rettilineo,Due carreggiate,Asciutto,Asfaltata,Verticale ed orizzontale,Sereno,Scarso,Buona,0,1,0,0,12.49389,41.871429999999997,True,,,alt. civ. 118/a tra palo Acea 82 e il palo 80
,5769910,6,2022-01-07T07:10:00,Strada Urbana,all'intersezione semaforizzata con,520,VIA ANAGNI,,Investimento di pedone,Intersezione semaforizzata,Più di due carreggiate,Asciutto,Asfaltata,Verticale ed orizzontale,Sereno,Scarso,Buona,1,0,0,1,12.556010000000001,41.890009999999997,True,7880,VIA OLEVANO ROMANO,
,5770041,1,2022-01-07T07:25:00,Strada Urbana,da specificare,11158,VIA VENTI SETTEMBRE,,Scontro frontale fra veicoli in marcia,Rettilineo,Una carreggiata a senso unico di marcia,Asciutto,Asfaltata,Verticale ed orizzontale,Sereno,Normale,Buona,0,0,0,2,12.49601,41.905619999999999,True,,,pross. largo s. susanna
,5769946,7,2022-01-07T07:40:00,Strada Urbana,in corrispondenza,2000921,VIA ARISTIDE MERLONI,21,Veicolo in marcia contro ostacolo accidentale,Rettilineo,Una carreggiata a senso unico di marcia,Asciutto,Asfaltata,Orizzontale,Sereno,Normale,Buona,0,0,0,1,12.60863,41.884610000000002,True,,,
,5771414,4,2022-01-07T07:50:00,Strada Urbana,in prossimità,7816,VIA NOMENTANA,905,Scontro frontale/laterale SX fra veicoli in marcia,Rettilineo,Una carreggiata a doppio senso,Asciutto,Asfaltata,Verticale ed orizzontale,Sereno,Normale,Buona,0,0,0,3,12.556559999999999,41.942950000000003,True,,,
,5770567,19,2022-01-07T08:30:00,Strada Urbana,in corrispondenza,10434,VIA TERESA GNOLI,65,Veicolo in marcia contro veicolo in sosta,Rettilineo,Una carreggiata a doppio senso,Asciutto,Asfaltata,Assente,Sereno,Scarso,Buona,0,0,0,2,12.42052,41.945010000000003,True,,,
,5770417,1,2022-01-07T08:35:00,Strada Urbana,da specificare,8924,VIA DI PORTA S. LORENZO,,Veicolo in marcia contro veicoli in sosta,Rettilineo,Una carreggiata a senso unico di marcia,Asciutto,Asfaltata,Verticale ed orizzontale,Sereno,Normale,Buona,0,0,0,1,12.50991,41.89752,True,,,fronte civ. 7
,5771744,13,2022-01-07T09:45:00,Strada Urbana,all'intersezione con,66,VIA DI ACILIA,,Scontro frontale/laterale SX fra veicoli in marcia,Incrocio,Una carreggiata a doppio senso,Asciutto,Asfaltata,Verticale ed orizzontale,Sereno,Normale,Buona,3,0,0,0,12.37128,41.773409999999998,True,16611,VIA ANGELO CANEVARI,
,5770055,6,2022-01-07T10:00:00,Strada Urbana,all'intersezione con,10680,VIA TOR DE' SCHIAVI,,Scontro frontale/laterale DX fra veicoli in marcia,Incrocio,Più di due carreggiate,Asciutto,Asfaltata,Verticale ed orizzontale,Sereno,Scarso,Buona,0,0,0,2,12.56414,41.877119999999998,True,4139,VIA FILIPPO SMALDONE,
,5770368,1,2022-01-07T10:10:00,Strada Urbana,in corrispondenza,11158,VIA VENTI SETTEMBRE,27,Veicolo in marcia contro veicolo in sosta,Rettilineo,Una carreggiata a senso unico di marcia,Asciutto,Asfaltata,Verticale ed orizzontale,Sereno,Normale,Buona,0,0,0,2,12.496040000000001,41.905830000000002,True,,,
,5772450,17,2022-01-07T10:15:00,Strada Urbana,da specificare,6862,PIAZZALE MARESCIALLO GIARDINO,,Infortunio per sola frenata improvvisa,Rettilineo,Una carreggiata a senso unico di marcia,Asciutto,Asfaltata,Verticale ed orizzontale,Sereno,Normale,Buona,1,0,0,2,12.45787,41.923720000000003,True,,,prossimità Viale Angelico
,5771327,7,2022-01-07T10:20:00,Strada Urbana,in corrispondenza,11904,VIALE PALMIRO TOGLIATTI,601,Scontro laterale fra veicoli in marcia,Curva a visuale libera,Una carreggiata a senso unico di marcia,Asciutto,Asfaltata,Assente,Sereno,Normale,Buona,0,0,0,2,12.571910000000001,41.877409999999998,True,,,
,5771768,13,2022-01-07T10:20:00,Strada Urbana,all'intersezione con,3216,VIA CRISTOFORO COLOMBO,,Scontro frontale/laterale DX fra veicoli in marcia,Incrocio,Due carreggiate,Asciutto,Asfaltata,Verticale,Sereno,Normale,Buona,0,0,0,3,12.396879999999999,41.77552,True,6726,VIA DI MALAFEDE,
,5770367,16,2022-01-07T10:40:00,Strada Urbana,all'intersezione con,7551,VIA DI MONTE VERDE,,Scontro laterale fra veicoli in marcia,Intersezione stradale segnalata,Una carreggiata a senso unico di marcia,Asciutto,Asfaltata,Verticale ed orizzontale,Sereno,Normale,Buona,0,0,0,4,12.44918,41.871160000000003,True,3656,PIAZZALE ENRICO DUNANT,
,5770827,9,2022-01-07T10:50:00,,da specificare,2663,VIA CERVETERI,,Veicolo in marcia contro veicolo in sosta,,,,,,,,,0,0,0,1,,,False,,,fronte civico 23
,5770550,19,2022-01-07T11:00:00,Strada Urbana,in corrispondenza,2365,VIA DI CASAL DEL MARMO,252 B,Tamponamento,Rettilineo,Una carreggiata a doppio senso,Asciutto,Asfaltata,Orizzontale,Sereno,Normale,Buona,1,0,0,2,12.396990000000001,41.951529999999998,False,,,
,5771293,12,2022-01-07T11:00:00,Strada Urbana,in corrispondenza,11943,VIA FULVIO TOMASSUCCI,12,Scontro frontale/laterale DX fra veicoli in marcia,Rettilineo,Una carreggiata a doppio senso,Asciutto,Asfaltata,Assente,Sereno,Normale,Buona,0,0,0,3,12.440899999999999,41.80359,True,,,
,5772706,2,2022-01-07T11:30:00,Strada Urbana,all'intersezione semaforizzata con,7816,VIA NOMENTANA,,Scontro laterale fra veicoli in marcia,Intersezione semaforizzata,Due carreggiate,Asciutto,Asfaltata,Verticale ed orizzontale,Sereno,Normale,Buona,0,0,0,3,12.57368,41.959049999999998,True,1091,VIA ASMARA,
,5770195,10,2022-01-07T11:30:00,Strada Urbana,all'intersezione con,10827,VIA TUSCOLANA,,Scontro laterale fra veicoli in marcia,Incrocio,Due carreggiate,Asciutto,Asfaltata,Verticale ed orizzontale,Sereno,Normale,Buona,0,0,0,3,12.592280000000001,41.839640000000003,True,8894,VIA PONZIO COMINIO,
,5770304,1,2022-01-07T11:45:00,Strada Urbana,in corrispondenza,6993,VIA MARMORATA,93,Investimento di pedone,Rettilineo,Una carreggiata a doppio senso,Asciutto,Asfaltata,Verticale ed orizzontale,Sereno,Normale,Buona,1,0,0,1,12.47799,41.879959999999997,True,,,
,5770228,6,2022-01-07T11:55:00,Strada Urbana,in prossimità,2403,VIA CASILINA,641,Scontro frontale/laterale DX fra veicoli in marcia,Rettilineo,Due carreggiate,Asciutto,Asfaltata,Verticale ed orizzontale,Sereno,Scarso,Buona,1,0,0,0,12.548310000000001,41.878070000000001,False,,,
,5771852,13,2022-01-07T12:05:00,Strada Urbana,all'intersezione con,11139,VIA DEI VELIERI,,Scontro frontale/laterale SX fra veicoli in marcia,Incrocio,Due carreggiate,Asciutto,Asfaltata,Verticale ed orizzontale,Sereno,Normale,Buona,0,0,0,3,12.275679999999999,41.736460000000001,True,10698,VIA DEI TRAGHETTI,
,5772683,17,2022-01-07T12:20:00,Strada Urbana,all'intersezione con,11511,VIA VITTOR PISANI,,Scontro laterale fra veicoli in marcia,Intersezione stradale segnalata,Una carreggiata a senso unico di marcia,Asciutto,Asfaltata,Verticale ed orizzontale,Sereno,Normale,Buona,0,0,0,2,12.449260000000001,41.908059999999999,True,4428,VIA FRANCESCO CARACCIOLO,
,5772769,16,2022-01-07T12:20:00,Strada Urbana,in corrispondenza,6226,VIA LEONE XIII,30,Tamponamento Multiplo,Rettilineo,Due carreggiate,Asciutto,Asfaltata,Verticale ed orizzontale,Sereno,Normale,Buona,1,0,0,3,12.4374,41.893790000000003,True,,,
,5772828,16,2022-01-07T12:30:00,Strada Urbana,in prossimità,6620,VIA LUIGI ZAMBARELLI,36c,Scontro frontale/laterale SX fra veicoli in marcia,Rettilineo,Una carreggiata a doppio senso,Asciutto,Asfaltata,Verticale ed orizzontale,Sereno,Normale,Buona,0,0,0,3,12.446440000000001,41.877279999999999,True,,,
,5770298,15,2022-01-07T12:30:00,Strada Urbana,all'intersezione con,6703,VIA DELLA MAGLIANA,,Scontro frontale/laterale SX fra veicoli in marcia,Intersezione non regolata/non segnalata,Una carreggiata a doppio senso,Asciutto,Asfaltata,Verticale ed orizzontale,Sereno,Normale,Buona,0,0,0,5,12.419639999999999,41.831740000000003,True,4819,VIA DI GENEROSA,
,5772525,5,2022-01-07T12:45:00,Strada Urbana,all'intersezione con,3403,VIA DOMENICO CUCCHIARI,,Scontro laterale fra veicoli in marcia,Incrocio,Una carreggiata a doppio senso,Asciutto,Asfaltata,Verticale ed orizzontale,Sereno,Normale,Buona,0,0,0,3,12.536899999999999,41.899709999999999,True,5309,VIA GIOVANNI PITTALUGA,
,5770572,6,2022-01-07T12:45:00,Strada Urbana,in corrispondenza,2403,VIA CASILINA,408,Scontro laterale fra veicoli in marcia,Rettilineo,Due carreggiate,Asciutto,Asfaltata,Verticale ed orizzontale,Sereno,Normale,Buona,0,0,0,2,12.5425,41.87997,True,,,
,5770509,1,2022-01-07T13:00:00,Strada Urbana,in prossimità,3216,VIA CRISTOFORO COLOMBO,34,Tamponamento,Rettilineo,Una carreggiata a senso unico di marcia,Asciutto,Asfaltata,Verticale ed orizzontale,Sereno,Normale,Buona,1,0,0,2,12.49628,41.872030000000002,True,,,
,5770478,1,2022-01-07T13:00:00,Strada Urbana,in prossimità,8932,PIAZZA DI PORTA S. PAOLO,5,Veicolo in marcia contro veicoli in sosta,Rettilineo,Due carreggiate,Asciutto,Acciotolata,Verticale ed orizzontale,Sereno,Normale,Buona,0,0,0,3,12.481909999999999,41.877130000000001,True,,,
,5770845,20,2022-01-07T13:15:00,Strada Urbana,in corrispondenza,5427,VIA GIULIO GALLI,52,Veicolo in marcia contro veicolo in sosta,Curva a visuale libera,Una carreggiata a doppio senso,Asciutto,Asfaltata,Verticale ed orizzontale,Sereno,Normale,Sufficiente,0,0,0,2,12.40151,41.991129999999998,True,,,
,5772111,8,2022-01-07T13:20:00,Strada Urbana,in prossimità,9040,VIA PRENESTINA,499,Veicolo in marcia contro ostacolo fisso,Curva senza visuale libera,Una carreggiata a doppio senso,Asciutto,Asfaltata,Orizzontale,Sereno,Normale,Buona,0,0,0,0,,,False,,,
,5772929,16,2022-01-07T13:20:00,Strada Urbana,in prossimità,2000941,C.NE GIANICOLENSE,10,Tamponamento,Rettilineo,Più di due carreggiate,Asciutto,Asfaltata,Verticale ed orizzontale,Sereno,Normale,Buona,0,0,0,7,12.464840000000001,41.873840000000001,True,,,
,5771344,7,2022-01-07T13:25:00,Strada Urbana,in corrispondenza,2848,VIA DELLA CISTERNOLA,86,Veicolo in marcia contro veicolo in sosta,Rettilineo,Una carreggiata a senso unico di marcia,Asciutto,Asfaltata,Verticale ed orizzontale,Sereno,Normale,Buona,0,0,0,1,12.60811,41.886319999999998,True,,,
,5772807,17,2022-01-07T13:30:00,Strada Urbana,all'intersezione semaforizzata con,587,VIALE ANGELICO,,Scontro frontale/laterale DX fra veicoli in marcia,Intersezione semaforizzata,Più di due carreggiate,Asciutto,Asfaltata,Verticale ed orizzontale,Sereno,Normale,Buona,0,0,0,7,12.458489999999999,41.915289999999999,True,5589,VIALE GIUSEPPE MAZZINI,
,5772703,2,2022-01-07T13:30:00,Strada Urbana,all'intersezione con,2743,VIA CHIANA,,Scontro frontale/laterale SX fra veicoli in marcia,Incrocio,Una carreggiata a senso unico di marcia,Asciutto,Asfaltata,Verticale ed orizzontale,Sereno,Scarso,Buona,0,0,0,2,12.50554,41.921729999999997,True,6140,VIA LARIANA,
,5770831,1,2022-01-07T14:00:00,Strada Urbana,in prossimità,2624,LUNGOTEVERE DE' CENCI,2,Veicolo in marcia contro veicoli in sosta,Rettilineo,Una carreggiata a senso unico di marcia,Asciutto,Asfaltata,Verticale ed orizzontale,Sereno,Normale,Buona,0,0,0,1,12.476470000000001,41.891939999999998,True,,,
,5770585,12,2022-01-07T14:40:00,Strada Urbana,in prossimità,2000322,VIA ALVARO DEL PORTILLO,48,Veicolo in marcia contro veicolo in sosta,Rettilineo,Una carreggiata a doppio senso,Asciutto,Asfaltata,Verticale ed orizzontale,Sereno,Normale,Buona,1,0,0,0,12.46955,41.775910000000003,True,,,
,5772119,8,2022-01-07T15:00:00,Strada Urbana,da specificare,13712,VIA DI TOR BELLA MONACA,,Scontro laterale fra veicoli in marcia,Rettilineo,Due carreggiate,Asciutto,Asfaltata,Verticale ed orizzontale,Sereno,Normale,Buona,0,0,0,3,12.62809,41.876429999999999,True,,,snc
,5770857,9,2022-01-07T15:10:00,Strada Urbana,all'intersezione con,7386,PIAZZA MONTECASTRILLI,,Scontro frontale/laterale SX fra veicoli in marcia,Incrocio,Una carreggiata a doppio senso,Asciutto,Asfaltata,Verticale ed orizzontale,Sereno,Normale,Buona,1,0,0,1,12.532360000000001,41.877339999999997,True,7003,VIA DELLA MARRANA,
,5772424,15,2022-01-07T15:50:00,Strada Urbana,da specificare,5936,VIA DELL'IMBRECCIATO,,Scontro laterale fra veicoli in marcia,Rettilineo,Una carreggiata a doppio senso,Asciutto,Asfaltata,Verticale ed orizzontale,Nuvoloso,Scarso,Buona,0,0,0,3,12.447190000000001,41.847589999999997,True,,,prossimità Vicolo di Papa Leone
,5772701,2,2022-01-07T16:05:00,Strada Urbana,in prossimità,736,VIA ANTONIO BERTOLONI,50,Veicolo in marcia contro veicolo in sosta,Rettilineo,Una carreggiata a doppio senso,Asciutto,Asfaltata,Orizzontale,Sereno,Scarso,Buona,0,0,0,1,12.48639,41.924599999999998,True,,,
,5770918,1,2022-01-07T16:30:00,Strada Urbana,all'intersezione con,708,VIA ANTONINIANA,,Veicolo in marcia contro ostacolo accidentale,Intersezione non regolata/non segnalata,Una carreggiata a senso unico di marcia,Asciutto,Asfaltata,Orizzontale,Sereno,Normale,Buona,0,0,0,2,12.494529999999999,41.877969999999998,True,7840,PIAZZALE NUMA POMPILIO,
,5772975,16,2022-01-07T16:45:00,Strada Urbana,in prossimità,11402,VIA VINCENZO MONTI,39,Veicolo in marcia contro veicoli in sosta,Rettilineo,Una carreggiata a senso unico di marcia,Asciutto,Asfaltata,Verticale ed orizzontale,Sereno,Normale,Sufficiente,0,0,0,1,12.459709999999999,41.87379,True,,,
,5771094,10,2022-01-07T17:20:00,Strada Urbana,all'intersezione con,6839,VIALE MARCO FULVIO NOBILIORE,,Scontro frontale/laterale DX fra veicoli in marcia,Incrocio,Due carreggiate,Asciutto,Asfaltata,Verticale ed orizzontale,Sereno,Normale,Buona,0,0,0,5,12.56521,41.859439999999999,True,5185,PIAZZA S. GIOVANNI BOSCO,
,5771433,4,2022-01-07T17:20:00,Provinciale entro l'abitato,all'intersezione con,7816,VIA NOMENTANA,,Tamponamento,Intersezione stradale segnalata,Una carreggiata a doppio senso,Asciutto,Asfaltata,Verticale ed orizzontale,Sereno,Normale,Buona,1,0,0,1,12.563280000000001,41.94547,True,15508,VIA DIEGO FABBRI,
,5772539,18,2022-01-07T18:05:00,Strada Urbana,in prossimità,1281,VIA BALDO DEGLI UBALDI,55,Investimento di pedone,Rettilineo,Due carreggiate,Asciutto,Asfaltata,Verticale,Sereno,Normale,Sufficiente,1,0,0,0,12.431990000000001,41.898780000000002,False,,,
,5771840,13,2022-01-07T18:30:00,Strada Urbana,all'intersezione con,3374,VIA DOBBIACO,,Scontro frontale/laterale DX fra veicoli in marcia,Incrocio,Una carreggiata a doppio senso,Asciutto,Asfaltata,Verticale,Nuvoloso,Normale,Buona,0,0,0,2,12.37964,41.730150000000002,True,10986,VIA VALFLORIANA,
,5775038,6,2022-01-07T19:02:00,Strada Urbana,da specificare,9696,VIA SAN GIUSTO,,Tamponamento,Rettilineo,Una carreggiata a senso unico di marcia,Asciutto,Asfaltata,Assente,Sereno,Normale,Buona,0,0,0,2,12.56132,41.897509999999997,True,,,CIRCA 20 M. PRIMA DI VIALE DELLA VENEZIA GIULIA
,5771916,13,2022-01-07T19:40:00,Strada Urbana,in prossimità,14536,VIA TANCREDI CHIARALUCE,188,Veicolo in marcia contro ostacolo fisso,Rettilineo,Una carreggiata a doppio senso,Asciutto,Asfaltata,Orizzontale,Sereno,Normale,Sufficiente,0,0,0,1,12.27033,41.746389999999998,False,,,
,5772121,8,2022-01-07T19:45:00,Strada Urbana,da specificare,1598,VIA BORGHESIANA,,Scontro laterale fra veicoli in marcia,Rettilineo,Una carreggiata a doppio senso,Asciutto,Asfaltata,Assente,Sereno,Scarso,Sufficiente,0,0,0,3,12.672409999999999,41.876510000000003,True,,,complanare in prossimità civ. 255
,5771106,10,2022-01-07T19:50:00,Strada Urbana,in prossimità,2370,VIA DI CASAL MORENA,18,Tamponamento,Rettilineo,Una carreggiata a doppio senso,Asciutto,Asfaltata,Verticale ed orizzontale,Sereno,Normale,Buona,0,0,0,2,12.617430000000001,41.829050000000002,True,,,
,5771919,13,2022-01-07T20:00:00,Strada Urbana,in corrispondenza,6652,VIA DI MACCHIA PALOCCO,97,Veicolo in marcia contro ostacolo accidentale,Rettilineo,Una carreggiata a doppio senso,Asciutto,Asfaltata,Assente,Sereno,Normale,Sufficiente,0,0,0,1,12.349550000000001,41.768140000000002,True,,,
,5772697,2,2022-01-07T20:10:00,Strada Urbana,all'intersezione con,15068,VIALE DELLA MOSCHEA,,Scontro laterale fra veicoli in marcia,Incrocio,Due carreggiate,Asciutto,Asfaltata,Verticale ed orizzontale,Sereno,Scarso,Buona,0,0,0,2,12.493169999999999,41.933880000000002,True,183,VIA DELL'AGONISTICA,
,5771233,12,2022-01-07T20:30:00,Strada Urbana,da specificare,10877,PIAZZALE DELL'UMANESIMO,,Scontro frontale/laterale DX fra veicoli in marcia,Rettilineo,Una carreggiata a doppio senso,Asciutto,Asfaltata,Verticale ed orizzontale,Sereno,Scarso,Buona,1,0,0,2,12.47139,41.822490000000002,True,,,fronte ospedale Sant'Eugenio
,5772663,19,2022-01-07T20:50:00,Strada Urbana,da specificare,2000917,LARGO NELLA MORTARA,,Scontro frontale/laterale DX fra veicoli in marcia,Rettilineo,Una carreggiata a senso unico di marcia,Bagnato (umidità in atto),Asfaltata,Verticale,Nuvoloso,Normale,Buona,0,0,0,2,12.413819999999999,41.925069999999998,True,,,in corrispondenza di VIA MARIO CARRARA
,5772063,18,2022-01-07T21:10:00,Statale,in prossimità,1194,VIA AURELIA,12,Scontro frontale fra veicoli in marcia,Rettilineo,Due carreggiate,Asciutto,Asfaltata,Verticale ed orizzontale,Sereno,Normale,Insufficiente,1,0,0,1,12.366490000000001,41.887630000000001,True,,,
,5772123,8,2022-01-07T21:30:00,Strada Urbana,da specificare,16197,VIALE DELL'ARCHIGINNASIO,,Tamponamento,Rettilineo,Una carreggiata a senso unico di marcia,Asciutto,Asfaltata,Orizzontale,Sereno,Scarso,Buona,1,0,0,2,12.642770000000001,41.844209999999997,True,,,alt. palo Acea 183 - fronte orto botanico
,5772508,18,2022-01-07T21:30:00,Strada Urbana,all'intersezione con,3434,VIA DOMENICO TARDINI,,Scontro frontale/laterale DX fra veicoli in marcia,Intersezione stradale segnalata,Una carreggiata a senso unico di marcia,Asciutto,Asfaltata,Verticale ed orizzontale,Sereno,Scarso,Sufficiente,0,0,0,5,12.425369999999999,41.904539999999997,True,7829,VIA NOSTRA SIGNORA DI LOURDES,
,5770905,1,2022-01-07T22:10:00,Strada Urbana,all'intersezione con,2097,VIA CARLO ALBERTO,,Scontro frontale/laterale SX fra veicoli in marcia,Intersezione stradale segnalata,Una carreggiata a doppio senso,Asciutto,In cubetti di porfido,Verticale ed orizzontale,Sereno,Scarso,Buona,0,0,0,6,12.501569999999999,41.896129999999999,True,9247,VIA RATTAZZI,
,5770792,1,2022-01-08T00:01:00,Strada Urbana,in corrispondenza,7012,VIA MARSALA,44,Scontro frontale/laterale SX fra veicoli in marcia,Rettilineo,Una carreggiata a senso unico di marcia,Asciutto,Asfaltata,Verticale ed orizzontale,Sereno,Scarso,Buona,1,0,0,1,12.50299,41.902090000000001,True,,,
,5770828,6,2022-01-08T01:15:00,Strada Urbana,da specificare,5717,VIA DEI GORDIANI,,Scontro frontale/laterale SX fra veicoli in marcia,Rettilineo,Una carreggiata a senso unico di marcia,Asciutto,Asfaltata,Verticale ed orizzontale,Sereno,Scarso,Buona,2,0,0,2,12.554130000000001,41.886090000000003,True,,,F.C. 235
,5771110,10,2022-01-08T01:20:00,Strada Urbana,all'intersezione con,2403,VIA CASILINA,,Scontro laterale fra veicoli in marcia,Incrocio,Più di due carreggiate,Asciutto,Asfaltata,Verticale ed orizzontale,Sereno,Scarso,Insufficiente,2,0,0,3,12.55213,41.87715,True,5717,VIA DEI GORDIANI,
,5770769,11,2022-01-08T01:30:00,Strada Urbana,da specificare,8957,VIA DEL PORTO FLUVIALE,,Scontro frontale/laterale SX fra veicoli in marcia,Rettilineo,Una carreggiata a doppio senso,Asciutto,Asfaltata,Verticale ed orizzontale,Sereno,Normale,Buona,1,0,0,3,12.476570000000001,41.872390000000003,True,,,altezza Riva Ostiense
,5771857,3,2022-01-08T01:35:00,Strada Urbana,da specificare,2691,VIA CESARE DE LOLLIS,,Scontro laterale fra veicoli in marcia,Rettilineo,Una carreggiata a senso unico di marcia,Asciutto,Asfaltata,Verticale ed orizzontale,Sereno,Scarso,Buona,1,0,0,0,12.51473,41.900649999999999,False,,,a circa 50 metri da VIA DEI DALMATI
,5770885,1,2022-01-08T04:10:00,Strada Urbana,all'intersezione semaforizzata con,8326,VIA PASTRENGO,,Scontro frontale fra veicoli in marcia,Intersezione semaforizzata,Una carreggiata a senso unico di marcia,Asciutto,Asfaltata,Verticale ed orizzontale,Sereno,Scarso,Buona,1,0,0,5,12.49582,41.905479999999997,True,11158,VIA VENTI SETTEMBRE,
,5770934,12,2022-01-08T06:30:00,Provinciale,da specificare,8040,VIA OSTIENSE,,Veicolo in marcia contro ostacolo fisso,Cavalcavia,Una carreggiata a senso unico di marcia,Asciutto,Con buche,Assente,Sereno,,Buona,1,0,0,2,12.42292,41.810850000000002,True,,,direzione Ostia svincolo Vitinia
,5771255,12,2022-01-08T08:00:00,Provinciale,da specificare,6165,VIA LAURENTINA,,Veicolo in marcia contro ostacolo fisso,Rettilineo,Una carreggiata a doppio senso,Asciutto,Asfaltata,Verticale ed orizzontale,Sereno,Scarso,Buona,1,0,0,0,12.504670000000001,41.730170000000001,True,,,PROX KM 17.900 DIR. POMEZIA
,5770938,1,2022-01-08T08:00:00,Strada Urbana,all'intersezione con,11158,VIA VENTI SETTEMBRE,,Scontro frontale/laterale SX fra veicoli in marcia,Intersezione semaforizzata,Una carreggiata a senso unico di marcia,Asciutto,Asfaltata,Verticale ed orizzontale,Sereno,Scarso,Buona,1,0,0,1,12.49601,41.905619999999999,True,821,VIA ANTONIO SALANDRA,
,5771738,10,2022-01-08T09:00:00,Strada Urbana,all'intersezione con,9987,VIA SETTIMIO DI VICO,,Scontro frontale/laterale DX fra veicoli in marcia,Incrocio,Una carreggiata a doppio senso,Asciutto,Asfaltata,Assente,Sereno,Scarso,Buona,0,0,0,2,12.58319,41.863939999999999,True,5583,VIA GIUSEPPE MARTELLOTTI,
,5772134,8,2022-01-08T10:00:00,Statale entro l'abitato,in corrispondenza,2403,VIA CASILINA,1672,Tamponamento,Rettilineo,Una carreggiata a doppio senso,Asciutto,Asfaltata,Verticale ed orizzontale,Sereno,Normale,Buona,0,0,0,3,12.64682,41.862139999999997,True,,,
,5771451,4,2022-01-08T11:00:00,Provinciale entro l'abitato,da specificare,7816,VIA NOMENTANA,,Tamponamento,Rettilineo,Una carreggiata a doppio senso,Asciutto,Asfaltata,Verticale ed orizzontale,Sereno,Normale,Buona,1,0,0,6,12.52834,41.932490000000001,True,,,fronte civico 567
,5772869,3,2022-01-08T11:10:00,Strada Urbana,in prossimità,8455,VIA DEI PICENI,3,Scontro laterale fra veicoli in marcia,Rettilineo,Una carreggiata a senso unico di marcia,Asciutto,Asfaltata,Verticale ed orizzontale,Sereno,Normale,Buona,0,0,0,2,12.51797,41.89761,True,,,
,5772640,18,2022-01-08T11:30:00,Strada Urbana,da specificare,5957,VIA INNOCENZO III,,Veicolo in marcia contro veicolo in sosta,Rettilineo,Una carreggiata a senso unico di marcia,Asciutto,Asfaltata,Verticale ed orizzontale,Sereno,Scarso,Buona,0,0,0,2,12.453989999999999,41.89734,True,,,in prossimità piazza della stazione San Pietro
,5772566,18,2022-01-08T11:30:00,Strada Urbana,in prossimità,5775,VIA GREGORIO XI,4,Veicolo in marcia contro veicolo in sosta,Rettilineo,Una carreggiata a doppio senso,Asciutto,Asfaltata,Verticale ed orizzontale,Sereno,Normale,Buona,0,0,1,0,12.42145,41.902790000000003,True,,,
,5772570,1,2022-01-08T11:30:00,Strada Urbana,da specificare,4982,PASSEGGIATA DEL GIANICOLO,,Veicolo in marcia contro veicolo in sosta,Rettilineo,Una carreggiata a doppio senso,Asciutto,Asfaltata,Verticale ed orizzontale,Sereno,Normale,Buona,0,0,0,2,12.460570000000001,41.893590000000003,True,,,prox parcometro n. 110
,5773019,19,2022-01-08T11:40:00,Strada Urbana,in corrispondenza,7104,VIA MATTIA BATTISTINI,235,Scontro frontale/laterale SX fra veicoli in marcia,Rettilineo,Una carreggiata a doppio senso,Asciutto,Asfaltata,Orizzontale,Sereno,Normale,Buona,1,0,0,2,12.4184,41.915979999999998,True,,,
,5771777,10,2022-01-08T12:00:00,Strada Urbana,all'intersezione con,521,VIA ANAGNINA,,Tamponamento Multiplo,Intersezione stradale segnalata,Due carreggiate,Asciutto,Asfaltata,Verticale ed orizzontale,Sereno,Normale,Buona,4,0,0,0,12.62021,41.81427,True,73,VIA DI ACQUA ACETOSA ANAGNINA,
,5771368,7,2022-01-08T12:00:00,Strada Urbana,in corrispondenza,10841,VIA UGENTO,25,Scontro laterale fra veicoli in marcia,Rettilineo,Una carreggiata a doppio senso,Asciutto,Asfaltata,Assente,Sereno,Normale,Buona,0,0,0,3,12.57779,41.892040000000001,True,,,
,5771935,13,2022-01-08T12:20:00,Strada Urbana,all'intersezione con,1571,VIA BOMPORTO,,Veicolo in marcia contro veicolo arresto,Incrocio,Una carreggiata a doppio senso,Asciutto,Asfaltata,Assente,Sereno,Scarso,Buona,0,0,0,3,12.37679,41.78069,True,1465,VIA BERCETO,
,5771764,20,2022-01-08T12:40:00,Strada Urbana,in prossimità,15328,VIA ARTA TERME,145,Scontro laterale fra veicoli in marcia,Curva senza visuale libera,Una carreggiata a doppio senso,Asciutto,Asfaltata,Verticale ed orizzontale,Sereno,Scarso,Buona,0,0,0,3,12.49048,41.994990000000001,True,,,
,5771762,20,2022-01-08T12:40:00,Strada Urbana,da specificare,6860,LUNGOTEVERE MARESCIALLO DIAZ,,Scontro laterale fra veicoli in marcia,Rettilineo,Due carreggiate,Asciutto,Asfaltata,Verticale ed orizzontale,Sereno,Normale,Buona,2,0,0,0,12.461959999999999,41.933900000000001,True,,,prox palazzina Coni H direzione centro
,5772599,1,2022-01-08T13:40:00,Strada Urbana,all'intersezione con,1704,VIA BUONARROTI,,Scontro frontale/laterale SX fra veicoli in marcia,Incrocio,Una carreggiata a senso unico di marcia,Asciutto,Acciotolata,Verticale ed orizzontale,Sereno,Scarso,Buona,1,0,0,2,12.50248,41.893599999999999,True,4053,VIA FERRUCCIO,
,5774694,9,2022-01-08T14:10:00,,all'intersezione semaforizzata con,2364,PIAZZA CASALMAGGIORE,,Investimento di pedone,,,,,,,,,1,0,0,0,,,False,10346,VIA TARANTO,
,5772572,1,2022-01-08T14:15:00,Strada Urbana,in corrispondenza,7910,PIAZZA DI S. ONOFRIO,4,Scontro laterale fra veicoli in marcia,Rettilineo,Una carreggiata a doppio senso,Asciutto,Asfaltata,Verticale ed orizzontale,Sereno,Scarso,Buona,1,0,0,4,12.46025,41.897170000000003,True,,,
,5772652,13,2022-01-08T14:30:00,Strada Urbana,all'intersezione con,9755,VIA DI SAPONARA,,Scontro frontale/laterale SX fra veicoli in marcia,Incrocio,Una carreggiata a doppio senso,Asciutto,Asfaltata,Verticale,Sereno,Normale,Buona,0,0,0,3,12.345890000000001,41.774369999999998,True,15171,VIA NAPOLEONE PARISANI,
,5771466,4,2022-01-08T14:45:00,Strada Urbana,all'intersezione con,7435,PIAZZA MONTE GENNARO,,Scontro frontale/laterale SX fra veicoli in marcia,Intersezione non regolata/non segnalata,Una carreggiata a doppio senso,Asciutto,Asfaltata,Verticale,Sereno,Normale,Buona,1,0,0,1,12.537839999999999,41.944380000000002,True,7464,VIA MONTE META,
,5772136,8,2022-01-08T15:20:00,Strada Urbana,da specificare,4366,VIA DEL FOSSO DELL'OSA,,Scontro laterale fra veicoli in marcia,Rettilineo,Una carreggiata a doppio senso,Asciutto,Asfaltata,Verticale ed orizzontale,Sereno,Normale,Buona,0,0,0,2,12.684240000000001,41.905900000000003,True,,,prossimità Via Ateleta
,5771739,1,2022-01-08T15:45:00,Strada Urbana,all'intersezione con,2832,VIA DEL CIRCO MASSIMO,,Investimento di pedone,Intersezione stradale segnalata,Una carreggiata a doppio senso,Asciutto,Asfaltata,Verticale ed orizzontale,Sereno,Normale,Buona,2,0,0,1,12.48522,41.885300000000001,True,13473,PIAZZALE UGO LA MALFA,
,5771796,10,2022-01-08T15:45:00,Strada Urbana,all'intersezione semaforizzata con,878,VIA APPIA NUOVA,,Investimento di pedone,Intersezione semaforizzata,Due carreggiate,Asciutto,Asfaltata,Verticale ed orizzontale,Sereno,Normale,Buona,2,0,0,2,12.566549999999999,41.820709999999998,True,2335,VIA DEL CASALE DELLA SERGETTA,
,5772594,1,2022-01-08T16:15:00,Strada Urbana,all'intersezione con,5880,VIA GUSTAVO MODENA,,Scontro laterale fra veicoli in marcia,Incrocio,Una carreggiata a doppio senso,Asciutto,Asfaltata,Assente,Sereno,Normale,Buona,0,0,0,2,12.47358,41.890079999999998,True,1348,VIA BARTOLOMEO FILIPPERI,
,5771767,20,2022-01-08T16:20:00,Strada Urbana,all'intersezione con,10200,VIA DELLA STAZIONE DI CESANO,,Scontro laterale fra veicoli in marcia,Intersezione non regolata/non segnalata,Una carreggiata a doppio senso,Asciutto,Asfaltata,Verticale ed orizzontale,Sereno,Normale,Buona,0,0,0,3,12.332689999999999,42.068350000000002,True,798,VIA ANTONIO MONACO,
,5772383,15,2022-01-08T16:30:00,Strada Urbana,in prossimità,8394,VIA PESCAGLIA,38,Tamponamento,Rettilineo,Una carreggiata a senso unico di marcia,Asciutto,Asfaltata,Assente,Sereno,Scarso,Buona,0,0,0,2,12.461600000000001,41.847149999999999,True,,,
,5771412,7,2022-01-08T16:30:00,Strada Urbana,in corrispondenza,7265,PIAZZA DEI MIRTI,10,Scontro laterale fra veicoli in marcia,Rettilineo,Una carreggiata a senso unico di marcia,Asciutto,Asfaltata,Verticale ed orizzontale,Sereno,Normale,Buona,0,0,0,5,12.5664,41.881599999999999,True,,,
,5771763,10,2022-01-08T16:50:00,Strada Urbana,in prossimità,14662,VIA EUDO GIULIOLI,41,Veicolo in marcia contro veicoli in sosta,Rettilineo,Una carreggiata a doppio senso,Asciutto,Asfaltata,Verticale ed orizzontale,Sereno,Normale,Sufficiente,0,0,0,0,12.580120000000001,41.849550000000001,True,,,
,5772974,19,2022-01-08T17:25:00,Strada Urbana,da specificare,16745,GALLERIA GIOVANNI XXIII,,Veicolo in marcia contro ostacolo fisso,Curva a visuale libera,Una carreggiata a senso unico di marcia,Asciutto,Asfaltata,Verticale ed orizzontale,Sereno,Normale,Buona,0,0,0,1,12.441129999999999,41.940420000000003,True,,,KM 1600
,5772579,17,2022-01-08T17:25:00,Strada Urbana,all'intersezione semaforizzata con,1017,LUNGOTEVERE DELLE ARMI,,Investimento di pedone,Intersezione semaforizzata,Una carreggiata a senso unico di marcia,Asciutto,Asfaltata,Verticale ed orizzontale,Sereno,Normale,Buona,1,0,0,1,12.46956,41.915819999999997,True,7443,PIAZZA MONTE GRAPPA,
,5772693,19,2022-01-08T17:40:00,Strada Urbana,da specificare,10287,VIA DELLA STORTA,,Scontro laterale fra veicoli in marcia,Rettilineo,Una carreggiata a senso unico di marcia,Asciutto,Asfaltata,Verticale ed orizzontale,Sereno,Normale,Buona,0,0,0,3,12.364610000000001,41.965699999999998,True,,,RAMPA DI ACCESSO ALL'INT. CON VIA DELLA STORTA
,5772105,7,2022-01-08T18:00:00,Strada Urbana,in prossimità,7919,PIAZZA DEGLI ONTANI,11,Veicolo in marcia contro veicolo fermo,Rotatoria,Una carreggiata a doppio senso,Asciutto,Asfaltata,Orizzontale,Sereno,Normale,Buona,0,0,0,2,12.57114,41.878590000000003,True,,,
,5776208,1,2022-01-08T18:05:00,Strada Urbana,all'intersezione semaforizzata con,6778,VIALE MANZONI,,Infortunio per sola frenata improvvisa,Intersezione semaforizzata,Una carreggiata a doppio senso,Asciutto,Asfaltata,Verticale ed orizzontale,Sereno,Normale,Buona,1,0,0,1,12.50878,41.892040000000001,False,3573,VIA EMANUELE FILIBERTO,
,5771769,20,2022-01-08T19:00:00,Strada Urbana,da specificare,2000691,VIA FORNACE VIGNOLO,,Veicolo in marcia contro ostacolo accidentale,Curva a visuale libera,Una carreggiata a doppio senso,Asciutto,Asfaltata,Verticale ed orizzontale,Sereno,Scarso,Sufficiente,0,0,0,2,12.494859999999999,41.987490000000001,True,,,prox via Guido Grandi
,5772655,13,2022-01-08T19:00:00,Strada Urbana,all'intersezione con,4437,VIA FRANCESCO CILEA,,Scontro frontale/laterale SX fra veicoli in marcia,Incrocio,Due carreggiate,Asciutto,Asfaltata,Verticale ed orizzontale,Sereno,Normale,Buona,0,0,0,3,12.375159999999999,41.744779999999999,True,15907,VIA BRUNO MADERNA,
,5772677,1,2022-01-08T19:10:00,Strada Urbana,da specificare,9224,LUNGOTEVERE RAFFAELLO SANZIO,,Scontro laterale fra veicoli in marcia,Rettilineo,Una carreggiata a senso unico di marcia,Asciutto,Asfaltata,Verticale ed orizzontale,Sereno,Normale,Buona,0,0,0,3,12.472110000000001,41.890819999999998,True,,,fronte civico 15
,5772141,8,2022-01-08T19:15:00,Provinciale entro l'abitato,da specificare,2403,VIA CASILINA,,Scontro laterale fra veicoli in marcia,Rettilineo,Una carreggiata a doppio senso,Asciutto,Asfaltata,Verticale ed orizzontale,Sereno,Normale,Buona,0,0,0,2,12.66994,41.864049999999999,True,,,prossimità Via di Vermicino
,5771468,12,2022-01-08T19:30:00,Strada Urbana,in prossimità,12651,VIA DOMENICO GIULIOTTI,2,Veicolo in marcia contro veicoli in sosta,Rettilineo,Una carreggiata a doppio senso,Asciutto,Asfaltata,Verticale,Sereno,Normale,Buona,0,0,0,2,12.476749999999999,41.813139999999997,True,,,
,5772144,8,2022-01-08T20:05:00,Strada Urbana,da specificare,9495,VIA ROMETTA,,Tamponamento,Pendenza,Una carreggiata a doppio senso,Asciutto,Asfaltata,Assente,Sereno,Scarso,Buona,0,0,0,3,12.68121,41.867429999999999,True,,,alt. intersezione con Via Oliveri
,5772832,16,2022-01-08T20:10:00,Strada Urbana,in corrispondenza,2000941,C.NE GIANICOLENSE,206,Scontro frontale/laterale DX fra veicoli in marcia,Rettilineo,Più di due carreggiate,Asciutto,Asfaltata,Verticale ed orizzontale,Sereno,Scarso,Sufficiente,0,0,0,4,12.45115,41.870600000000003,True,,,
,5772660,13,2022-01-08T20:30:00,Strada Urbana,all'intersezione con,6856,VIA DEL MARE,,Scontro laterale fra veicoli in marcia,Incrocio,Una carreggiata a doppio senso,Asciutto,Asfaltata,Verticale ed orizzontale,Sereno,Normale,Buona,1,0,0,1,12.27454,41.734639999999999,True,11119,VIALE VASCO DE GAMA,
,5771842,10,2022-01-08T20:40:00,Strada Urbana,in corrispondenza,14047,VIA STEFANO OBERTO,69,Scontro frontale fra veicoli in marcia,Curva a visuale libera,Una carreggiata a doppio senso,Asciutto,Asfaltata,Verticale ed orizzontale,Sereno,Normale,Sufficiente,1,1,0,0,12.58803,41.849269999999997,True,,,
,5772275,11,2022-01-08T21:18:00,Strada Urbana,all'intersezione con,5786,VIA DI GROTTA PERFETTA,,Veicolo in marcia contro ostacolo fisso,Intersezione stradale segnalata,Una carreggiata a doppio senso,Asciutto,Asfaltata,Verticale ed orizzontale,Sereno,Scarso,Buona,0,0,0,1,12.50168,41.840519999999998,True,11467,VIA VITTORE CARPACCIO,
,5772878,3,2022-01-08T21:25:00,Strada Urbana,in prossimità,7816,VIA NOMENTANA,205,Tamponamento,Rettilineo,Più di due carreggiate,Asciutto,Asfaltata,Verticale ed orizzontale,Sereno,Normale,Sufficiente,1,0,0,4,12.50704,41.913499999999999,False,,,
,5772522,1,2022-01-08T21:30:00,Strada Urbana,in corrispondenza,2794,VIA CILICIA,37,Ribaltamento senza urto contro ostacolo fisso,Curva a visuale libera,Una carreggiata a senso unico di marcia,Asciutto,Asfaltata,Verticale ed orizzontale,Sereno,Scarso,Buona,2,0,0,0,,,False,,,
,5772694,2,2022-01-08T21:30:00,Strada Urbana,all'intersezione con,313,VIA ALESSANDRIA,,Scontro laterale fra veicoli in marcia,Incrocio,Una carreggiata a senso unico di marcia,Asciutto,Asfaltata,Verticale ed orizzontale,Sereno,Normale,Buona,3,0,0,2,12.50389,41.912730000000003,True,9267,VIA REGGIO EMILIA,
,5772279,11,2022-01-08T21:35:00,Strada Urbana,all'intersezione con,5836,VIALE GUGLIELMO MASSAIA,,Scontro laterale fra veicoli in marcia,Intersezione stradale segnalata,Una carreggiata a doppio senso,Asciutto,Asfaltata,Verticale ed orizzontale,Sereno,Scarso,Buona,0,0,0,3,12.493309999999999,41.862009999999998,True,6369,VIA S. LORENZO DA BRINDISI,
,5772392,15,2022-01-08T23:00:00,Strada Urbana,all'intersezione con,6703,VIA DELLA MAGLIANA,,Tamponamento,Incrocio,Una carreggiata a doppio senso,Asciutto,Asfaltata,Assente,Sereno,Scarso,Buona,0,0,0,5,12.419639999999999,41.831740000000003,True,3252,VIA CUTIGLIANO,
,5772898,16,2022-01-09T00:05:00,Strada Urbana,in prossimità,10375,LUNGOTEVERE DEI TEBALDI,fc 12,Tamponamento,Rettilineo,Una carreggiata a senso unico di marcia,Asciutto,Asfaltata,Orizzontale,Sereno,Normale,Buona,2,0,0,1,12.46949,41.894269999999999,True,,,
,5774481,16,2022-01-09T00:10:00,Strada Urbana,in prossimità,10375,LUNGOTEVERE DEI TEBALDI,fc 12,Veicolo in marcia contro veicolo in sosta,Rettilineo,Una carreggiata a senso unico di marcia,Asciutto,Asfaltata,Orizzontale,Sereno,Normale,Buona,0,0,0,2,12.46949,41.894269999999999,True,,,
,5772906,3,2022-01-09T00:50:00,Strada Urbana,all'intersezione semaforizzata con,7816,VIA NOMENTANA,,Scontro laterale fra veicoli in marcia,Intersezione semaforizzata,Più di due carreggiate,Asciutto,Asfaltata,Verticale ed orizzontale,Sereno,Normale,Sufficiente,1,0,0,2,12.505179999999999,41.914209999999997,True,9273,VIALE REGINA MARGHERITA,
,5771771,20,2022-01-09T01:00:00,Strada Urbana,all'intersezione con,4184,VIA FLAMINIA,,Tamponamento,Intersezione non regolata/non segnalata,Una carreggiata a senso unico di marcia,Asciutto,Asfaltata,Verticale ed orizzontale,Sereno,Scarso,Sufficiente,0,0,0,1,,,False,9315,VIA RIANO,
,5772686,13,2022-01-09T01:00:00,Strada Urbana,all'intersezione con,4442,PIAZZA FRANCESCO CONTEDUCA,,Scontro frontale/laterale DX fra veicoli in marcia,Incrocio,Due carreggiate,Asciutto,Asfaltata,Verticale ed orizzontale,Sereno,Normale,Buona,0,0,0,6,12.28805,41.735680000000002,True,2006,VIA CAPO SOPRANO,
,5772489,4,2022-01-09T01:10:00,Strada Urbana,all'intersezione con,11275,VIA DELLE VIGNE NUOVE,,Veicolo in marcia contro ostacolo fisso,Rotatoria,Una carreggiata a senso unico di marcia,Asciutto,Asfaltata,Verticale ed orizzontale,Sereno,Scarso,Buona,1,0,0,0,12.53581,41.955410000000001,True,14243,VIALE GINO CERVI,
,5772172,7,2022-01-09T02:00:00,Strada Urbana,in corrispondenza,9040,VIA PRENESTINA,492,Veicolo in marcia contro ostacolo fisso,Rettilineo,Una carreggiata a senso unico di marcia,Asciutto,Asfaltata,Verticale ed orizzontale,Sereno,Scarso,Sufficiente,0,0,0,1,12.57197,41.894820000000003,True,,,
,5773011,17,2022-01-09T02:15:00,Strada Urbana,all'intersezione con,10996,LUNGOTEVERE DEI VALLATI,,Scontro laterale fra veicoli in marcia,Incrocio,Una carreggiata a senso unico di marcia,Asciutto,Asfaltata,Verticale ed orizzontale,Sereno,Scarso,Sufficiente,0,0,0,5,12.4739,41.891739999999999,True,7129,VIA DEL MELANGOLO,
,5771858,10,2022-01-09T03:00:00,Strada Urbana,all'intersezione con,9485,VIALE DEI ROMANISTI,,Tamponamento,Intersezione semaforizzata,Due carreggiate,Asciutto,Asfaltata,Verticale ed orizzontale,Sereno,Scarso,Sufficiente,5,0,0,1,12.568379999999999,41.869639999999997,True,11904,VIALE PALMIRO TOGLIATTI,
,5772166,7,2022-01-09T05:00:00,Strada Urbana,all'intersezione con,10685,VIA DI TOR TRE TESTE,,Veicolo in marcia contro ostacolo fisso,Rotatoria,Una carreggiata a doppio senso,Asciutto,Asfaltata,Verticale ed orizzontale,Sereno,Scarso,Buona,1,0,0,0,12.591100000000001,41.890720000000002,True,2000896,VIALE ENZO FERRARI,
,5771807,6,2022-01-09T06:50:00,Strada Urbana,in corrispondenza,7880,VIA OLEVANO ROMANO,1,Veicolo in marcia contro ostacolo fisso,Rettilineo,Una carreggiata a doppio senso,Asciutto,Asfaltata,Orizzontale,Sereno,Scarso,Buona,0,0,0,1,12.555110000000001,41.893949999999997,True,,,
,5772125,7,2022-01-09T09:20:00,Strada Urbana,all'intersezione semaforizzata con,2425,VIA DEI CASTANI,,Scontro frontale/laterale SX fra veicoli in marcia,Intersezione semaforizzata,Una carreggiata a doppio senso,Asciutto,Asfaltata,Verticale ed orizzontale,Sereno,Normale,Buona,1,0,0,3,12.565670000000001,41.887650000000001,True,12,VIA DELLE ACACIE,
,5773093,16,2022-01-09T09:30:00,Strada Urbana,in prossimità,4959,VIA GIAMPAOLO DELLA CHIESA,fc 4,Veicolo in marcia contro veicolo in sosta,Rettilineo,Una carreggiata a senso unico di marcia,Bagnato (pioggia),Asfaltata,Verticale ed orizzontale,Nuvoloso,Scarso,Buona,0,0,0,1,12.45513,41.880600000000001,True,,,
,5771979,9,2022-01-09T10:00:00,Strada Urbana,in corrispondenza,6144,VIA LA SPEZIA,84,Tamponamento,Rettilineo,Una carreggiata a doppio senso,Bagnato (pioggia),Asfaltata,Verticale ed orizzontale,Nuvoloso,Normale,Buona,1,0,0,1,12.51984,41.886890000000001,True,,,
,5773936,1,2022-01-09T10:00:00,Strada Urbana,all'intersezione con,2882,PIAZZA DI S. CLAUDIO,,Scontro laterale fra veicoli in marcia,Incrocio,Una carreggiata a senso unico di marcia,Bagnato (pioggia),Asfaltata,Verticale ed orizzontale,Pioggia in atto,Scarso,Buona,0,0,0,3,12.481249999999999,41.902209999999997,True,2882,PIAZZA DI S. CLAUDIO,
,5771881,6,2022-01-09T10:10:00,Statale entro l'abitato,da specificare,2403,VIA CASILINA,,Tamponamento,Rettilineo,Due carreggiate,Bagnato (umidità in atto),Asfaltata,Orizzontale,Nuvoloso,Normale,Buona,0,0,0,4,12.53308,41.883130000000001,True,,,fronte civico 285
,5772516,4,2022-01-09T11:50:00,Strada Urbana,in prossimità,8486,VIA PIERO FOSCARI,121,Scontro laterale fra veicoli in marcia,Curva a visuale libera,Una carreggiata a doppio senso,Bagnato (umidità in atto),Asfaltata,Verticale,Pioggia in atto,Scarso,Buona,0,0,0,3,12.517530000000001,41.951560000000001,True,,,
,5772407,15,2022-01-09T12:00:00,Strada Urbana,all'intersezione con,8637,VIA PIETRO VENTURI,,Scontro frontale/laterale SX fra veicoli in marcia,Intersezione stradale segnalata,Una carreggiata a senso unico di marcia,Bagnato (pioggia),Asfaltata,Verticale ed orizzontale,Pioggia in atto,Scarso,Buona,0,0,0,2,12.451599999999999,41.857599999999998,True,5570,VIA GIUSEPPE LUNATI,
,5772403,10,2022-01-09T12:00:00,Strada Urbana,da specificare,11154,VIA VENOSA,,Veicolo in marcia contro veicoli in sosta,Rettilineo,Una carreggiata a senso unico di marcia,Bagnato (pioggia),Asfaltata,Orizzontale,Pioggia in atto,Normale,Buona,0,0,0,0,12.54538,41.843150000000001,True,,,fronte al civico 6
,5772283,11,2022-01-09T12:25:00,Strada Urbana,in prossimità,12548,VIA TAZIO NUVOLARI,281,Scontro frontale/laterale DX fra veicoli in marcia,Rettilineo,Una carreggiata a doppio senso,Bagnato (pioggia),Asfaltata,Verticale ed orizzontale,Pioggia in atto,Scarso,Sufficiente,1,0,0,2,12.503030000000001,41.835230000000003,True,,,
,5772399,11,2022-01-09T12:35:00,Strada Urbana,all'intersezione semaforizzata con,3036,VIA DELLE CONCE,,Scontro frontale/laterale DX fra veicoli in marcia,Intersezione semaforizzata,Una carreggiata a doppio senso,Bagnato (pioggia),Asfaltata,Verticale ed orizzontale,Pioggia in atto,Normale,Buona,0,0,0,3,12.4787,41.872399999999999,True,8957,VIA DEL PORTO FLUVIALE,
,5773862,17,2022-01-09T14:35:00,Strada Urbana,da specificare,10774,CIRCONVALLAZIONE TRIONFALE,,Scontro laterale fra veicoli in marcia,Rettilineo,Due carreggiate,Bagnato (pioggia),Asfaltata,Verticale ed orizzontale,Pioggia in atto,Scarso,Buona,0,0,0,5,12.44969,41.911619999999999,True,,,fronte civico 102
,5772145,8,2022-01-09T14:50:00,Statale entro l'abitato,da specificare,2403,VIA CASILINA,,Veicolo in marcia contro ostacolo fisso,Curva a visuale libera,Due carreggiate,Bagnato (pioggia),Asfaltata,Verticale ed orizzontale,Pioggia in atto,Normale,Buona,1,0,0,0,12.60276,41.864960000000004,True,,,altezza G.R.A.
,5772606,1,2022-01-09T14:50:00,Strada Urbana,all'intersezione con,10880,VIA UMBERTO BIANCAMANO,,Scontro frontale/laterale DX fra veicoli in marcia,Incrocio,Una carreggiata a senso unico di marcia,Bagnato (umidità in atto),Asfaltata,Verticale ed orizzontale,Nuvoloso,Scarso,Buona,1,0,0,1,12.51093,41.887709999999998,True,3063,VIA CONTE ROSSO,
,5773270,12,2022-01-09T15:10:00,Strada Urbana,da specificare,3216,VIA CRISTOFORO COLOMBO,,Veicolo in marcia contro ostacolo fisso,Curva senza visuale libera,Una carreggiata a senso unico di marcia,Bagnato (pioggia),Asfaltata,Temporanea di cantiere,Nuvoloso,Normale,Buona,1,0,0,0,12.460900000000001,41.814149999999998,True,,,dir.Roma prossimità Carlo Levi
,5772658,13,2022-01-09T15:35:00,Strada Urbana,all'intersezione con,1286,VIA DELLE BALENIERE,,Scontro frontale/laterale DX fra veicoli in marcia,Incrocio,Due carreggiate,Bagnato (umidità in atto),Asfaltata,Verticale ed orizzontale,Sereno,Normale,Buona,1,0,0,2,12.27951,41.738199999999999,True,6027,VIA ISOLE DEL CAPO VERDE,
,5772931,19,2022-01-09T15:40:00,Strada Urbana,in prossimità,10855,VIA UGO DE CAROLIS,83,Veicolo in marcia contro veicoli in sosta,Rettilineo,Una carreggiata a doppio senso,Bagnato (umidità in atto),Asfaltata,Orizzontale,Nuvoloso,Scarso,Buona,0,0,0,1,12.43927,41.917000000000002,True,,,
,5772532,5,2022-01-09T16:00:00,Strada Urbana,da specificare,2000847,NUOVA CIRCONVALLAZIONE INTERNA,,Veicolo in marcia contro ostacolo fisso,Curva a visuale libera,Una carreggiata a senso unico di marcia,Bagnato (pioggia),Asfaltata,Orizzontale,Pioggia in atto,Normale,Buona,0,0,0,0,12.532999999999999,41.910310000000003,True,,,uscita galleria dopo Stazione Tiburtina
,5772490,20,2022-01-09T16:00:00,Strada Urbana,da specificare,4184,VIA FLAMINIA,,Veicolo in marcia contro ostacolo fisso,Curva senza visuale libera,Una carreggiata a senso unico di marcia,Bagnato (pioggia),Asfaltata,Verticale ed orizzontale,Pioggia in atto,Normale,Buona,0,0,0,1,12.48556,41.957239999999999,True,,,interno sottopasso Euclide
,5772723,13,2022-01-09T16:10:00,,all'intersezione con,4589,VIA FRANCO MEZZADRA,,Scontro frontale/laterale DX fra veicoli in marcia,,,,,,,,,0,0,0,1,,,False,5240,VIA GIOVANNI GARAU,
,5772447,11,2022-01-09T16:20:00,Strada Urbana,da specificare,8040,VIA OSTIENSE,,Scontro laterale fra veicoli in marcia,Rettilineo,Più di due carreggiate,Bagnato (pioggia),Asfaltata,Verticale ed orizzontale,Pioggia in atto,Scarso,Buona,1,0,0,3,12.480549999999999,41.874569999999999,True,,,FRONTE CIVICO 8
,5772438,10,2022-01-09T16:40:00,Strada Urbana,all'intersezione con,16330,PIAZZA FABIO SABATINI,,Scontro laterale fra veicoli in marcia,Rotatoria,Una carreggiata a senso unico di marcia,Asciutto,Asfaltata,Verticale ed orizzontale,Sereno,Normale,Buona,0,0,0,5,12.59036,41.84648,True,16206,VIA ANDREA MONETA,
,5772496,18,2022-01-09T17:00:00,Strada Urbana,all'intersezione con,8666,VIA DELLA PINETA SACCHETTI,,Scontro frontale/laterale DX fra veicoli in marcia,Intersezione stradale segnalata,Una carreggiata a doppio senso,Bagnato (pioggia),Asfaltata,Verticale ed orizzontale,Nuvoloso,Normale,Buona,1,0,0,2,12.424989999999999,41.924010000000003,True,1788,VIA CALISTO II,
,5772748,1,2022-01-09T17:30:00,Strada Urbana,all'intersezione semaforizzata con,10600,LUNGOTEVERE TOR DI NONA,,Scontro laterale fra veicoli in marcia,Intersezione semaforizzata,Una carreggiata a senso unico di marcia,Bagnato (umidità in atto),Asfaltata,Verticale ed orizzontale,Nuvoloso,Normale,Sufficiente,0,0,0,4,12.46916,41.901510000000002,True,10897,PONTE UMBERTO I,
,5772439,18,2022-01-09T17:45:00,Strada Urbana,in prossimità,5775,VIA GREGORIO XI,103,Investimento di pedone,Rettilineo,Una carreggiata a doppio senso,Bagnato (pioggia),Asfaltata,Verticale ed orizzontale,Nuvoloso,Scarso,Sufficiente,0,1,0,1,12.420669999999999,41.900770000000001,True,,,
,5772752,23,2022-01-09T18:00:00,Strada Urbana,all'intersezione semaforizzata con,9181,VIA RABIRIO,,Scontro frontale/laterale SX fra veicoli in marcia,Intersezione semaforizzata,Due carreggiate,Bagnato (umidità in atto),Asfaltata,Verticale ed orizzontale,Nuvoloso,Scarso,Buona,0,0,0,3,12.46838,41.930109999999999,False,4184,VIA FLAMINIA,
,5772224,7,2022-01-09T18:15:00,Strada Urbana,da specificare,2000910,VIA MARISA BELLISARIO,,Veicolo in marcia che urta buche nella carreggiata,Rettilineo,Due carreggiate,Asciutto,Asfaltata,Orizzontale,Sereno,Normale,Buona,0,0,0,2,12.60741,41.882640000000002,True,,,PROSSIMITA' CENTRO COMMERCIALE GRAN ROMA
,5772529,8,2022-01-09T18:50:00,Strada Urbana,in prossimità,93,VIA DELL'ACQUA VERGINE,51,Scontro frontale fra veicoli in marcia,Curva senza visuale libera,Una carreggiata a doppio senso,Bagnato (umidità in atto),Asfaltata,Orizzontale,Nuvoloso,Normale,Buona,2,1,0,0,12.483969999999999,41.902720000000002,True,,,
,5772864,13,2022-01-09T20:30:00,Strada Urbana,in corrispondenza,1962,VIALE CAPITAN CONSALVO,19,Veicolo in marcia contro veicoli in sosta,Rettilineo,Una carreggiata a doppio senso,Asciutto,Asfaltata,Verticale ed orizzontale,Sereno,Normale,Buona,0,0,0,2,12.27861,41.732779999999998,True,,,
,5773038,19,2022-01-09T20:30:00,Strada Urbana,in prossimità,8735,VIA PLACIDO MARTINI,30,Infortunio per caduta del veicolo,Rettilineo,Una carreggiata a senso unico di marcia,Bagnato (umidità in atto),Asfaltata,Verticale ed orizzontale,Sereno,Scarso,Sufficiente,1,0,0,0,12.43967,41.91666,True,,,
,5772550,6,2022-01-09T21:08:00,Strada Urbana,all'intersezione con,9405,VIA ROBERTO MALATESTA,,Scontro frontale/laterale DX fra veicoli in marcia,Incrocio,Due carreggiate,Asciutto,Asfaltata,Verticale ed orizzontale,Sereno,Scarso,Buona,0,0,0,5,12.536569999999999,41.887560000000001,True,3708,VIA ERASMO GATTAMELATA,
,5773886,13,2022-01-09T21:21:00,,da specificare,9630,VIA SALORNO,,Veicolo in marcia contro ostacolo fisso,,,,,,,,,0,0,0,0,,,False,,,altezza palo acea 34
,5772457,15,2022-01-09T21:40:00,Strada Urbana,da specificare,9188,PIAZZA DELLA RADIO,,Scontro laterale fra veicoli in marcia,Rettilineo,Una carreggiata a doppio senso,Asciutto,Asfaltata,Verticale ed orizzontale,Sereno,Normale,Buona,1,0,0,2,12.466939999999999,41.870019999999997,True,,,fronte civico 70
,5772462,10,2022-01-09T22:15:00,Strada Urbana,all'intersezione con,12949,VIA PAU,,Veicolo in marcia contro ostacolo fisso,Intersezione stradale segnalata,Una carreggiata a doppio senso,Bagnato (pioggia),Asfaltata,Verticale ed orizzontale,Nuvoloso,Scarso,Sufficiente,0,0,0,1,12.69558,41.884270000000001,True,9422,VIA DI ROCCA CENCIA,
,5773105,16,2022-01-09T22:40:00,Strada Urbana,all'intersezione semaforizzata con,1205,VIALE AURELIO SAFFI,,Scontro frontale/laterale DX fra veicoli in marcia,Intersezione semaforizzata,Una carreggiata a senso unico di marcia,Asciutto,Asfaltata,Verticale ed orizzontale,Sereno,Normale,Buona,0,0,0,4,12.469290000000001,41.883360000000003,True,10714,VIALE DI TRASTEVERE,
,5772503,20,2022-01-09T22:40:00,Strada Urbana,in prossimità,3033,VIA CONCESIO,30,Scontro laterale fra veicoli in marcia,Curva senza visuale libera,Una carreggiata a doppio senso,Asciutto,Asfaltata,Verticale ed orizzontale,Sereno,Scarso,Sufficiente,0,0,0,2,12.48509,42.007170000000002,True,,,
,5772537,7,2022-01-09T22:50:00,Strada Urbana,all'intersezione con,4767,VIALE DELLE GARDENIE,,Scontro frontale/laterale SX fra veicoli in marcia,Incrocio,Una carreggiata a doppio senso,Bagnato (umidità in atto),Asfaltata,Orizzontale,Nuvoloso,Scarso,Sufficiente,0,0,0,3,12.56443,41.886119999999998,True,2608,VIA DELLE CELIDONIE,
,5772312,12,2022-01-09T23:15:00,Strada Urbana,in corrispondenza,13411,VIA CLEMENTE REBORA,78,Veicolo in marcia contro veicoli in sosta,Rettilineo,Una carreggiata a senso unico di marcia,Asciutto,Asfaltata,Verticale ed orizzontale,Nuvoloso,Scarso,Buona,0,0,0,1,12.47818,41.80894,True,,,
,5773527,16,2022-01-10T00:01:00,,in corrispondenza,3455,VIA DI DONNA OLIMPIA,43,Veicolo in marcia contro veicolo fermo,,,,,,,,,0,0,0,0,,,False,,,
,5773988,5,2022-01-10T00:40:00,Strada Urbana,da specificare,9330,VIA RICCARDO ZAMPIERI,,Veicolo in marcia contro veicolo in sosta,Rettilineo,Una carreggiata a senso unico di marcia,Asciutto,Asfaltata,Verticale ed orizzontale,Sereno,Scarso,Buona,0,0,0,1,12.5488,41.90504,True,,,fc 25
,5772540,5,2022-01-10T04:00:00,Strada Urbana,da specificare,7585,VIA DEI MONTI TIBURTINI,,Veicolo in marcia contro ostacolo fisso,Cavalcavia,Due carreggiate,Asciutto,Asfaltata,Verticale ed orizzontale,Nuvoloso,Scarso,Buona,0,0,0,1,12.55275,41.913379999999997,True,,,cavalcavia via Tiburtina direzione Prenestina
,5773006,9,2022-01-10T06:30:00,Strada Urbana,all'intersezione semaforizzata con,9302,PIAZZA DEI RE DI ROMA,,Scontro laterale fra veicoli in marcia,Rotatoria,Una carreggiata a senso unico di marcia,Asciutto,Asfaltata,Verticale ed orizzontale,Sereno,Intenso,Buona,0,0,0,2,12.514530000000001,41.882460000000002,True,860,VIA AOSTA,
,5774072,17,2022-01-10T07:00:00,Strada Urbana,in prossimità,2831,VIA CIPRO,4,Veicolo in marcia contro veicolo fermo,Rettilineo,Due carreggiate,Asciutto,Asfaltata,Verticale ed orizzontale,Sereno,Normale,Buona,0,0,0,2,12.4474,41.908059999999999,True,,,
,5774829,16,2022-01-10T07:10:00,,in corrispondenza,5716,VIA DEI GONZAGA,1591E,Veicolo in marcia contro veicoli in sosta,,,,,,,,,0,0,0,0,12.420579999999999,41.882019999999997,False,,,
,5773342,15,2022-01-10T07:10:00,Strada Urbana,all'intersezione con,2398,VIA DELLA CASETTA MATTEI,,Scontro laterale fra veicoli in marcia,Incrocio,Una carreggiata a doppio senso,Asciutto,Asfaltata,Verticale ed orizzontale,Sereno,Normale,Sufficiente,1,0,0,2,12.419589999999999,41.857880000000002,True,8783,VIA POGGIO VERDE,
,5774257,2,2022-01-10T07:50:00,Strada Urbana,all'intersezione con,6140,VIA LARIANA,,Scontro frontale/laterale SX fra veicoli in marcia,Incrocio,Una carreggiata a senso unico di marcia,Asciutto,Asfaltata,Verticale,Sereno,Normale,Buona,0,0,0,3,12.50459,41.92389,True,11280,VIA DI VILLA ADA,
,5773548,16,2022-01-10T08:05:00,,all'intersezione con,6620,VIA LUIGI ZAMBARELLI,,Investimento di pedone,,,,,,,,,0,0,0,3,12.44608,41.876980000000003,False,11383,PIAZZA VINCENZO CERESI,
,5774125,4,2022-01-10T08:20:00,Strada Urbana,all'intersezione con,10856,VIA UGO DELLA SETA,,Veicolo in marcia contro veicolo fermo,Intersezione stradale segnalata,Una carreggiata a doppio senso,Asciutto,Asfaltata,Verticale ed orizzontale,Sereno,Normale,Buona,1,0,0,1,12.52538,41.961559999999999,True,9655,VIA SALVATORE SCOCA,
,5773790,13,2022-01-10T08:45:00,Strada Urbana,in prossimità,8040,VIA OSTIENSE,2525,Tamponamento Multiplo,Curva a visuale libera,Una carreggiata a doppio senso,Asciutto,Asfaltata,Verticale ed orizzontale,Sereno,Normale,Buona,0,0,0,3,12.313079999999999,41.765000000000001,True,,,
,5774104,3,2022-01-10T08:45:00,Strada Urbana,in prossimità,10478,VIA TIBURTINA,104,Scontro frontale/laterale SX fra veicoli in marcia,Rettilineo,Una carreggiata a doppio senso,Bagnato (umidità in atto),Asfaltata,Verticale ed orizzontale,Sereno,Normale,Buona,0,0,0,3,12.514150000000001,41.898180000000004,True,,,
,5773840,10,2022-01-10T09:00:00,Strada Urbana,da specificare,12696,VIALE BRUNO PELIZZI,,Tamponamento,Rotatoria,Una carreggiata a senso unico di marcia,Asciutto,Asfaltata,Verticale ed orizzontale,Sereno,Normale,Buona,0,0,0,2,12.5825,41.852510000000002,True,,,rotatoria per via R. Scintu
,5773772,8,2022-01-10T09:15:00,Strada Urbana,in prossimità,9425,VIA ROCCAFLUVIONE,50,Scontro frontale/laterale DX fra veicoli in marcia,Rettilineo,Una carreggiata a doppio senso,Asciutto,Asfaltata,Verticale ed orizzontale,Sereno,Scarso,Buona,0,0,0,2,12.72878,41.91516,True,,,
,5773021,1,2022-01-10T09:30:00,Strada Urbana,da specificare,1222,LUNGOTEVERE AVENTINO,,Tamponamento,Rettilineo,Due carreggiate,Asciutto,Asfaltata,Verticale ed orizzontale,Sereno,Normale,Buona,1,0,0,1,12.479010000000001,41.885539999999999,True,,,PRESSO PALO LUCE 10
,5774202,18,2022-01-10T09:30:00,Strada Urbana,all'intersezione con,6226,VIA LEONE XIII,,Veicolo in marcia contro veicolo in sosta,Intersezione stradale segnalata,Una carreggiata a senso unico di marcia,Asciutto,Asfaltata,Verticale ed orizzontale,Sereno,Normale,Buona,0,0,0,1,12.440440000000001,41.886940000000003,True,4096,VIA FILIPPO BERNARDINI,
,5773810,20,2022-01-10T09:40:00,Strada Urbana,in corrispondenza,2416,VIA CASSIA,611,Scontro frontale/laterale DX fra veicoli in marcia,Rettilineo,Una carreggiata a doppio senso,Asciutto,Asfaltata,Verticale ed orizzontale,Sereno,Normale,Sufficiente,0,0,0,2,12.447979999999999,41.962420000000002,True,,,
,5774229,6,2022-01-10T09:45:00,Strada Urbana,in prossimità,11397,VIA VINCENZO MACULANI,4,Veicolo in marcia contro veicolo in sosta,Rettilineo,Una carreggiata a senso unico di marcia,Asciutto,Asfaltata,Verticale ed orizzontale,Sereno,Scarso,Buona,0,0,0,1,12541,41.880099999999999,True,,,
,5774116,4,2022-01-10T10:00:00,Strada Urbana,in prossimità,2163,VIA CARLO LORENZINI,30,Veicolo in marcia contro veicoli in sosta,Curva a visuale libera,Una carreggiata a doppio senso,Asciutto,Asfaltata,Assente,Sereno,Normale,Buona,0,0,0,1,12.55667,41.944409999999998,True,,,
,5774454,17,2022-01-10T10:00:00,Strada Urbana,in prossimità,143,PIAZZA ADRIANA,21,Tamponamento Multiplo,Rettilineo,Una carreggiata a senso unico di marcia,Asciutto,Asfaltata,Verticale ed orizzontale,Sereno,Normale,Buona,0,0,0,4,12.46406,41.903599999999997,True,,,
,5773807,12,2022-01-10T10:12:00,Strada Urbana,in corrispondenza,7664,VIA NAIROBI,14,Veicolo in marcia contro ostacolo accidentale,Rettilineo,Una carreggiata a senso unico di marcia,Asciutto,Asfaltata,Verticale ed orizzontale,Sereno,Scarso,Buona,0,0,0,1,12.47334,41.82396,True,,,
,5773789,11,2022-01-10T10:15:00,Strada Urbana,in corrispondenza,311,VIA ALESSANDRA MACINGHI STROZZI,7,Veicolo in marcia contro veicolo in sosta,Rettilineo,Una carreggiata a doppio senso,Asciutto,Asfaltata,Verticale ed orizzontale,Nuvoloso,Normale,Buona,0,0,0,1,12.491379999999999,41.859830000000002,True,,,
,5773561,9,2022-01-10T10:20:00,Strada Urbana,in prossimità,2404,VIA CASILINA VECCHIA,86,Scontro frontale/laterale SX fra veicoli in marcia,Rettilineo,Una carreggiata a senso unico di marcia,Asciutto,Asfaltata,Verticale,Sereno,Normale,Buona,0,0,0,3,12.527240000000001,41.885779999999997,True,,,
,5773767,8,2022-01-10T10:20:00,Strada Urbana,in corrispondenza,4648,VIA DEL FUOCO SACRO,136,Scontro laterale fra veicoli in marcia,Rettilineo,Una carreggiata a doppio senso,Asciutto,Asfaltata,Orizzontale,Sereno,Normale,Buona,0,0,0,3,12.64378,41.865780000000001,True,,,
,5773846,5,2022-01-10T11:00:00,Strada Urbana,in prossimità,10478,VIA TIBURTINA,1238,Tamponamento,Rettilineo,Due carreggiate,Asciutto,Asfaltata,Verticale ed orizzontale,Sereno,Normale,Buona,1,0,0,1,12.60483,41.933860000000003,True,,,
,5773855,10,2022-01-10T11:25:00,Strada Urbana,all'intersezione con,9154,VIA QUINTILIO VARO,,Scontro laterale fra veicoli in marcia,Intersezione non regolata/non segnalata,Una carreggiata a senso unico di marcia,Asciutto,Asfaltata,Verticale ed orizzontale,Sereno,Normale,Buona,0,0,0,2,12.5677,41.851979999999998,True,6330,VIA LIVIA ORESTILLA,
,5773820,15,2022-01-10T11:30:00,Strada Urbana,in corrispondenza,6703,VIA DELLA MAGLIANA,273,Infortunio per sola frenata improvvisa,Rettilineo,Una carreggiata a doppio senso,Asciutto,Asfaltata,Assente,Sereno,Normale,Buona,1,0,0,0,12.456810000000001,41.84554,True,,,
,5773765,8,2022-01-10T11:30:00,Strada Urbana,da specificare,2403,VIA CASILINA,,Investimento di pedone,Rettilineo,Una carreggiata a doppio senso,Asciutto,Asfaltata,Verticale ed orizzontale,Sereno,Intenso,Buona,1,0,0,1,12.62121,41.862589999999997,True,,,altezza via FONTANA CANDIDA
,5774034,13,2022-01-10T11:40:00,Strada Urbana,da specificare,3479,CORSO DUCA DI GENOVA,,Tamponamento,Rettilineo,Una carreggiata a doppio senso,Asciutto,Asfaltata,Orizzontale,Sereno,Normale,Buona,1,0,0,1,12.26731,41.735309999999998,False,,,prossimità via delle Repubbliche Marinare
,5773974,4,2022-01-10T11:45:00,Statale entro l'abitato,in prossimità,9609,VIA SALARIA,1300,Scontro laterale fra veicoli in marcia,Rettilineo,Due carreggiate,Asciutto,Asfaltata,Verticale ed orizzontale,Sereno,Normale,Buona,0,0,0,3,12.51591,41.99447,True,,,
,5774250,13,2022-01-10T12:05:00,Strada Urbana,all'intersezione con,5320,LARGO GIOVANNI RONCAGLI,,Scontro frontale/laterale SX fra veicoli in marcia,Intersezione non regolata/non segnalata,Più di due carreggiate,Asciutto,Asfaltata,Verticale ed orizzontale,Sereno,Normale,Sufficiente,0,0,0,3,12.284129999999999,41.734020000000001,True,2701,VIA CESARE LAURENTI,
,5773773,8,2022-01-10T12:30:00,Strada Urbana,da specificare,10637,VIA DI TORRENOVA,,Tamponamento,Rettilineo,Una carreggiata a doppio senso,Asciutto,Asfaltata,Orizzontale,Nuvoloso,Normale,Sufficiente,0,0,0,3,12.618259999999999,41.878219999999999,True,,,altezza cavalcavia Tor Bella Monaca
,5774304,17,2022-01-10T13:00:00,Strada Urbana,da specificare,143,PIAZZA ADRIANA,,Tamponamento,Rettilineo,Una carreggiata a senso unico di marcia,Asciutto,Asfaltata,Verticale ed orizzontale,Sereno,Scarso,Buona,0,0,0,3,12.464880000000001,41.904739999999997,True,,,fronte civico 15
,5773881,5,2022-01-10T13:00:00,Strada Urbana,da specificare,14467,VIA BELMONTE IN SABINA,,Scontro laterale fra veicoli in marcia,Rettilineo,Due carreggiate,Asciutto,Asfaltata,Orizzontale,Sereno,Intenso,Buona,1,0,0,1,12.59746,41.948430000000002,True,,,altez. svinc. invers. di marcia direz. Torraccia
,5773282,2,2022-01-10T13:30:00,Strada Urbana,all'intersezione con,10389,VIA TEMBIEN,,Tamponamento,Incrocio,Una carreggiata a doppio senso,Asciutto,Asfaltata,Verticale ed orizzontale,Sereno,Normale,Buona,0,0,0,4,12.52534,41.929310000000001,True,3780,VIALE ETIOPIA,
,5773381,6,2022-01-10T13:30:00,Strada Urbana,in prossimità,6083,VIA LABICO,1,Veicolo in marcia contro ostacolo fisso,Rettilineo,Una carreggiata a senso unico di marcia,Asciutto,Asfaltata,Assente,Sereno,Scarso,Buona,0,0,0,1,12.543200000000001,41.879860000000001,True,,,
,5773909,5,2022-01-10T13:30:00,Strada Urbana,in corrispondenza,7585,VIA DEI MONTI TIBURTINI,510,Veicolo in marcia contro veicolo fermo,Rettilineo,Due carreggiate,Asciutto,Asfaltata,Verticale ed orizzontale,Vento forte,Intenso,Buona,0,0,0,2,12.545439999999999,41.91601,True,,,
,5773939,13,2022-01-10T13:35:00,Strada Urbana,in prossimità,8040,VIA OSTIENSE,25.5,Scontro frontale/laterale SX fra veicoli in marcia,Rettilineo,Una carreggiata a doppio senso,Asciutto,Asfaltata,Verticale ed orizzontale,Sereno,Normale,Buona,2,0,0,2,12.42292,41.810850000000002,True,,,
,5773267,12,2022-01-10T13:45:00,Statale,da specificare,8887,VIA PONTINA,,Tamponamento Multiplo,Rettilineo,Due carreggiate,Asciutto,Asfaltata,Verticale ed orizzontale,Sereno,Intenso,Buona,1,0,0,4,12.45332,41.799399999999999,True,,,DIREZIONE POMEZIA PROX. KM.12.900
,5773941,13,2022-01-10T13:50:00,Strada Urbana,da specificare,3216,VIA CRISTOFORO COLOMBO,,Scontro laterale fra veicoli in marcia,Rettilineo,Una carreggiata a senso unico di marcia,Asciutto,Asfaltata,Verticale ed orizzontale,Sereno,Scarso,Buona,0,0,0,2,12.328099999999999,41.722709999999999,True,,,prossimità VIA DELLA VILLA DI PLINIO
,5773566,9,2022-01-10T14:00:00,Strada Urbana,da specificare,878,VIA APPIA NUOVA,,Ribaltamento senza urto contro ostacolo fisso,Rettilineo,Due carreggiate,Asciutto,Asfaltata,Verticale ed orizzontale,Sereno,Normale,Buona,1,0,0,0,12.525320000000001,41.873069999999998,True,,,fronte civico 520
,5773779,8,2022-01-10T14:00:00,Strada Urbana,all'intersezione con,1598,VIA BORGHESIANA,,Scontro frontale/laterale SX fra veicoli in marcia,Incrocio,Una carreggiata a doppio senso,Asciutto,Asfaltata,Verticale ed orizzontale,Sereno,Normale,Buona,0,0,0,3,12.673959999999999,41.86918,True,9791,VIA SAVOCA,
,5773972,5,2022-01-10T14:10:00,Strada Urbana,in prossimità,11909,VIALE BATTISTA BARDANZELLU,7,Veicolo in marcia contro veicolo fermo,Rettilineo,Due carreggiate,Asciutto,Asfaltata,Verticale ed orizzontale,Sereno,Normale,Buona,0,0,0,5,12.57113,41.915730000000003,True,,,
,5773395,6,2022-01-10T14:15:00,Strada Urbana,in prossimità,2403,VIA CASILINA,480,Infortunio per sola frenata improvvisa,Rettilineo,Più di due carreggiate,Asciutto,Asfaltata,Verticale ed orizzontale,Sereno,Normale,Buona,1,0,0,1,12.54547,41.878579999999999,True,,,
,5773997,1,2022-01-10T14:20:00,Strada Urbana,in corrispondenza,1445,PIAZZA BENEDETTO CAIROLI,3,Scontro laterale fra veicoli in marcia,Rettilineo,Una carreggiata a senso unico di marcia,Asciutto,In cubetti di porfido,Verticale ed orizzontale,Sereno,Normale,Sufficiente,0,0,0,2,12.475070000000001,41.893619999999999,True,,,
,5775827,18,2022-01-10T14:40:00,Strada Urbana,da specificare,1546,LARGO DI BOCCEA,,Scontro laterale fra veicoli in marcia,Rettilineo,Due carreggiate,Asciutto,Asfaltata,Verticale ed orizzontale,Sereno,Normale,Buona,1,0,0,3,12.42713,41.901209999999999,True,,,fronte civico 9C
,5773483,10,2022-01-10T14:55:00,Strada Urbana,all'intersezione con,16298,VIA ULDERICO MAZZOLANI,,Scontro laterale fra veicoli in marcia,Incrocio,Una carreggiata a doppio senso,Asciutto,Asfaltata,Verticale ed orizzontale,Sereno,Scarso,Buona,1,0,0,1,12.59219,41.846919999999997,True,5924,VIA IGNAZIO SCIMONELLI,
,5773843,11,2022-01-10T15:35:00,Strada Urbana,all'intersezione con,11767,VIA ANDREA DI BONAIUTO,,Investimento di pedone,Incrocio,Una carreggiata a doppio senso,Asciutto,Asfaltata,Verticale ed orizzontale,Sereno,Scarso,Buona,2,0,0,1,12.48831,41.82873,True,11799,VIA SIMONE MARTINI,
,5774000,4,2022-01-10T16:00:00,Strada Urbana,in prossimità,1697,VIA DELLA BUFALOTTA,354,Investimento di pedone,Rettilineo,Una carreggiata a doppio senso,Asciutto,Asfaltata,Verticale ed orizzontale,Sereno,Normale,Buona,1,0,0,1,12.54425,41.953330000000001,True,,,
,5773367,7,2022-01-10T16:20:00,Strada Urbana,all'intersezione con,9040,VIA PRENESTINA,,Scontro frontale/laterale SX fra veicoli in marcia,Incrocio,Due carreggiate,Asciutto,Asfaltata,Verticale ed orizzontale,Sereno,Normale,Buona,1,0,0,1,12.606730000000001,41.893830000000001,True,6697,VIA DEL MAGGIOLINO,
,5774098,19,2022-01-10T16:25:00,Strada Urbana,in corrispondenza,12210,VIA GIOVANNI PAOLO MAGGINI,165,Scontro frontale/laterale DX fra veicoli in marcia,Rettilineo,Una carreggiata a doppio senso,Asciutto,Asfaltata,Assente,Sereno,Scarso,Buona,0,0,0,5,12.3636,41.943950000000001,True,,,
,5773993,5,2022-01-10T16:45:00,Strada Urbana,in prossimità,14602,VIA PESCOSOLIDO,168,Veicolo in marcia contro veicolo in sosta,Rettilineo,Una carreggiata a senso unico di marcia,Asciutto,Asfaltata,Assente,Sereno,Scarso,Buona,0,0,0,2,12.56216,41.918129999999998,True,,,
,5773883,10,2022-01-10T17:00:00,Strada Urbana,da specificare,3056,VIALE DEI CONSOLI,,Veicolo in marcia contro veicoli in sosta,Rettilineo,Una carreggiata a senso unico di marcia,Asciutto,Asfaltata,Verticale ed orizzontale,Sereno,Scarso,Buona,0,0,0,3,12.553520000000001,41.863770000000002,True,,,parcheggio interno fronte civ 6
,5773999,13,2022-01-10T17:15:00,Strada Urbana,all'intersezione con,6088,VIA LA CORSESCA,,Veicolo in marcia che urta buche nella carreggiata,Incrocio,Una carreggiata a senso unico di marcia,Asciutto,Con buche,Assente,Nuvoloso,Normale,Buona,0,0,0,2,12.343529999999999,41.779980000000002,True,5978,VIA IPPOLITO DESIDERI,
,5774090,12,2022-01-10T17:30:00,Strada Urbana,all'intersezione con,1838,VIALE CAMILLO SABATINI,,Investimento di pedone,Intersezione semaforizzata,Due carreggiate,Asciutto,Asfaltata,Verticale ed orizzontale,Sereno,Normale,Sufficiente,1,0,0,1,12.44361,41.820970000000003,True,3309,VIA DI DECIMA,
,5773759,15,2022-01-10T17:40:00,Strada Urbana,in prossimità,8855,VIA DI PONTE GALERIA,141,Veicolo in marcia contro ostacolo accidentale,Rettilineo,Una carreggiata a doppio senso,Asciutto,Asfaltata,Assente,Sereno,Normale,Sufficiente,0,0,0,1,12.33986,41.832059999999998,True,,,
,5773885,15,2022-01-10T17:45:00,Strada Urbana,in prossimità,8855,VIA DI PONTE GALERIA,141,Veicolo in marcia contro ostacolo accidentale,Rettilineo,Una carreggiata a doppio senso,Asciutto,Asfaltata,Assente,Sereno,Normale,Sufficiente,0,0,0,1,12.33986,41.832059999999998,True,,,
,5773866,9,2022-01-10T18:00:00,Strada Urbana,da specificare,10346,VIA TARANTO,,Scontro laterale fra veicoli in marcia,Rettilineo,Una carreggiata a doppio senso,Asciutto,Asfaltata,Verticale ed orizzontale,Sereno,Normale,Sufficiente,0,0,0,4,12.51286,41.884979999999999,True,,,fronte VIA RIMINI
,5773569,9,2022-01-10T18:00:00,Strada Urbana,all'intersezione con,953,VIA DELL'ARCO DI TRAVERTINO,,Scontro laterale fra veicoli in marcia,Incrocio,Una carreggiata a senso unico di marcia,Asciutto,Asfaltata,Verticale ed orizzontale,Sereno,Normale,Sufficiente,0,0,0,4,12.536799999999999,41.868189999999998,True,4837,VIA GENZANO,
,5774080,1,2022-01-10T18:10:00,Strada Urbana,in corrispondenza,10736,VIALE TRENTA APRILE,17,Infortunio per sola frenata improvvisa,Curva senza visuale libera,Una carreggiata a senso unico di marcia,Asciutto,Strada pavimentata dissestata,Verticale ed orizzontale,Sereno,Scarso,Sufficiente,1,0,0,0,12.463290000000001,41.885590000000001,True,,,
,5774058,7,2022-01-10T18:15:00,Strada Urbana,in corrispondenza,318,VIALE ALESSANDRINO,1 a,Investimento di pedone,Rettilineo,Una carreggiata a doppio senso,Asciutto,Asfaltata,Verticale ed orizzontale,Sereno,Normale,Buona,0,0,0,2,12.57967,41.871319999999997,True,,,
,5774004,5,2022-01-10T18:15:00,Strada Urbana,all'intersezione con,245,VIA DEGLI ALBERINI,,Tamponamento,Incrocio,Una carreggiata a senso unico di marcia,Asciutto,Asfaltata,Verticale ed orizzontale,Sereno,Normale,Buona,0,0,0,2,12.571429999999999,41.91872,True,5796,VIA DI GROTTA DI GREGNA,
,5773937,10,2022-01-10T18:45:00,Strada Urbana,in corrispondenza,10827,VIA TUSCOLANA,991,Tamponamento,Rettilineo,Due carreggiate,Asciutto,Asfaltata,Verticale ed orizzontale,Nuvoloso,Intenso,Sufficiente,1,0,0,1,12.56682,41.85463,True,,,
,5774255,2,2022-01-10T18:55:00,Strada Urbana,all'intersezione con,1678,VIALE BRUNO BUOZZI,,Scontro frontale/laterale SX fra veicoli in marcia,Intersezione stradale segnalata,Una carreggiata a doppio senso,Asciutto,Asfaltata,Verticale ed orizzontale,Sereno,Normale,Buona,1,0,0,1,12.48166,41.921390000000002,True,11570,LARGO ILDEBRANDO PIZZETTI,
,5774372,17,2022-01-10T19:15:00,Strada Urbana,in corrispondenza,508,VIALE DEGLI AMMIRAGLI,33,Investimento di pedone,Rettilineo,Due carreggiate,Asciutto,Asfaltata,Verticale ed orizzontale,Nuvoloso,Normale,Buona,0,0,0,2,12.44492,41.904850000000003,False,,,
,5774042,10,2022-01-10T20:15:00,Strada Urbana,in corrispondenza,16313,VIA MARY PANDOLFI DE RINALDIS,24,Investimento di pedone,Rettilineo,Una carreggiata a doppio senso,Asciutto,Asfaltata,Orizzontale,Sereno,Scarso,Sufficiente,1,0,0,1,12.62101,41.843269999999997,True,,,
,5774101,7,2022-01-10T20:20:00,Strada Urbana,all'intersezione con,2784,VIA DEI CICLAMINI,,Scontro frontale/laterale SX fra veicoli in marcia,Incrocio,Una carreggiata a senso unico di marcia,Asciutto,Asfaltata,Verticale ed orizzontale,Sereno,Scarso,Sufficiente,0,0,0,3,12.566929999999999,41.889710000000001,True,8141,VIA DELLE PALME,
,5774251,6,2022-01-10T20:20:00,Strada Urbana,in prossimità,1162,VIA AUGUSTO DULCERI,47,Scontro laterale fra veicoli in marcia,Rettilineo,Una carreggiata a doppio senso,Asciutto,Asfaltata,Verticale ed orizzontale,Sereno,Scarso,Buona,0,0,0,5,12.535299999999999,41.884779999999999,True,,,
,5774852,16,2022-01-10T20:25:00,Strada Urbana,in corrispondenza,162,VIA DI AFFOGALASINO,48,Scontro frontale/laterale SX fra veicoli in marcia,Rettilineo,Una carreggiata a doppio senso,Asciutto,Asfaltata,Assente,Sereno,Normale,Sufficiente,1,0,0,1,12.4339,41.860689999999998,True,,,
,5774128,19,2022-01-10T20:40:00,Strada Urbana,in corrispondenza,10776,VIA TRIONFALE,8283,Tamponamento Multiplo,Rettilineo,Una carreggiata a senso unico di marcia,Asciutto,Asfaltata,Verticale ed orizzontale,Sereno,Normale,Buona,0,0,0,4,12.42708,41.937440000000002,True,,,
,5773769,15,2022-01-10T21:00:00,Strada Urbana,in corrispondenza,8713,VIA DELLA PISANA,222,Scontro frontale fra veicoli in marcia,Curva senza visuale libera,Una carreggiata a doppio senso,Asciutto,Asfaltata,Orizzontale,Sereno,Normale,Sufficiente,2,0,0,0,12.38897,41.857680000000002,True,,,
,5776493,18,2022-01-10T21:00:00,Strada Urbana,in corrispondenza,1547,VIA DI BOCCEA,678,Veicolo in marcia contro ostacolo fisso,Dosso,Una carreggiata a doppio senso,Asciutto,Asfaltata,Verticale ed orizzontale,Sereno,Scarso,Sufficiente,1,0,0,0,12.37453,41.922719999999998,True,,,
,5774247,7,2022-01-10T21:15:00,Strada Urbana,all'intersezione con,9040,VIA PRENESTINA,,Scontro laterale fra veicoli in marcia,Incrocio,Due carreggiate,Asciutto,Asfaltata,Verticale ed orizzontale,Sereno,Normale,Buona,1,0,0,3,12.559089999999999,41.894919999999999,True,10680,VIA TOR DE' SCHIAVI,
,5774122,3,2022-01-10T21:30:00,Strada Urbana,in prossimità,1841,VIA DELLA CAMILLUCCIA,703,Veicolo in marcia contro ostacolo fisso,Curva senza visuale libera,Una carreggiata a doppio senso,Bagnato (umidità in atto),Asfaltata,Verticale ed orizzontale,Nuvoloso,Scarso,Sufficiente,0,1,0,0,12.455970000000001,41.949910000000003,True,,,
,5773770,12,2022-01-10T22:10:00,Strada Urbana,da specificare,6165,VIA LAURENTINA,,Scontro laterale fra veicoli in marcia,Rotatoria,Una carreggiata a doppio senso,Asciutto,Asfaltata,Verticale ed orizzontale,Sereno,Scarso,Buona,0,0,0,2,12.485609999999999,41.810319999999997,True,,,rotatoria TOR PAGNOTTA
,5774033,6,2022-01-10T22:40:00,Strada Urbana,all'intersezione con,4844,PIAZZA DEI GERANI,,Scontro laterale fra veicoli in marcia,Incrocio,Più di due carreggiate,Asciutto,Asfaltata,Verticale ed orizzontale,Sereno,Scarso,Sufficiente,0,0,0,2,12.56625,41.88597,True,4767,VIALE DELLE GARDENIE,
,5774197,19,2022-01-10T22:40:00,Strada Urbana,all'intersezione semaforizzata con,7104,VIA MATTIA BATTISTINI,,Scontro frontale/laterale SX fra veicoli in marcia,Intersezione semaforizzata,Una carreggiata a doppio senso,Asciutto,Asfaltata,Verticale ed orizzontale,Sereno,Normale,Sufficiente,2,0,0,2,12.41864,41.912700000000001,True,4304,VIA DEL FORTE BRASCHI,
,5774102,20,2022-01-10T23:15:00,Strada Urbana,in corrispondenza,2416,VIA CASSIA,438,Veicolo in marcia contro ostacolo fisso,Curva senza visuale libera,Una carreggiata a doppio senso,Asciutto,Asfaltata,Verticale ed orizzontale,Sereno,Scarso,Sufficiente,1,0,0,0,12.458019999999999,41.95693,True,,,
,5774067,10,2022-01-11T01:40:00,Strada Urbana,in prossimità,521,VIA ANAGNINA,257,Veicolo in marcia contro veicolo in sosta,Rettilineo,Due carreggiate,Asciutto,Asfaltata,Verticale ed orizzontale,Sereno,Scarso,Sufficiente,0,0,0,1,12.60655,41.823149999999998,True,,,
,5776955,18,2022-01-11T03:30:00,Strada Urbana,all'intersezione con,2373,VIA DI CASALOTTI,,Veicolo in marcia contro ostacolo fisso,Intersezione stradale segnalata,Una carreggiata a doppio senso,Asciutto,Asfaltata,Verticale ed orizzontale,Sereno,Scarso,Sufficiente,0,0,0,1,12.36849,41.915860000000002,True,10790,VIA TROFARELLO,
,5774217,6,2022-01-11T06:15:00,Strada Urbana,all'intersezione con,8281,VIALE PARTENOPE,,Veicolo in marcia contro veicolo arresto,Incrocio,Due carreggiate,Asciutto,Asfaltata,Verticale ed orizzontale,Sereno,Scarso,Buona,0,0,0,3,12.55104,41.891280000000002,True,6820,VIA MARCIANISE,
,5775121,18,2022-01-11T06:45:00,Strada Urbana,da specificare,5775,VIA GREGORIO XI,,Veicolo in marcia contro ostacolo accidentale,Pianeggiante,Una carreggiata a senso unico di marcia,Asciutto,Asfaltata,Orizzontale,Sereno,Scarso,Buona,0,0,0,1,12.398529999999999,41.888739999999999,True,,,tratto prima dell'immissione con Via Aurelia
,5775530,5,2022-01-11T06:50:00,Strada Urbana,all'intersezione con,9629,VIA DI SALONE,,Scontro frontale fra veicoli in marcia,Incrocio,Una carreggiata a doppio senso,Asciutto,Asfaltata,Verticale ed orizzontale,Sereno,Normale,Buona,1,0,0,1,12.627230000000001,41.930459999999997,True,12149,VIA CASTEL SAN PIETRO ROMANO,
,5775271,8,2022-01-11T08:25:00,Strada Urbana,all'intersezione semaforizzata con,2403,VIA CASILINA,,Investimento di pedone,Intersezione semaforizzata,Una carreggiata a doppio senso,Asciutto,Asfaltata,Verticale ed orizzontale,Sereno,Intenso,Buona,1,0,0,1,12.669449999999999,41.864080000000001,True,11178,VIA DI VERMICINO,
,5775565,17,2022-01-11T08:25:00,Strada Urbana,all'intersezione semaforizzata con,2820,PIAZZA DELLE CINQUE GIORNATE,,Scontro frontale/laterale SX fra veicoli in marcia,Intersezione semaforizzata,Più di due carreggiate,Asciutto,Asfaltata,Verticale ed orizzontale,Sereno,Normale,Buona,4,0,0,0,12.46916,41.914200000000001,True,7236,VIALE DELLE MILIZIE,
,5774595,19,2022-01-11T08:35:00,Strada Urbana,in prossimità,2365,VIA DI CASAL DEL MARMO,401,Tamponamento,Rettilineo,Una carreggiata a doppio senso,Asciutto,Asfaltata,Verticale ed orizzontale,Sereno,Normale,Buona,0,0,0,3,12.38167,41.933149999999998,True,,,
,5774468,12,2022-01-11T08:40:00,Strada Urbana,in corrispondenza,2000175,VIALE DEI CADUTI NELLA GUERRA DI LIBERAZIONE,596,Scontro laterale fra veicoli in marcia,Rettilineo,Una carreggiata a senso unico di marcia,Asciutto,Asfaltata,Verticale ed orizzontale,Sereno,Normale,Buona,0,0,0,3,12.44158,41.780859999999997,True,,,
,5775349,11,2022-01-11T09:00:00,Strada Urbana,in prossimità,10576,VIA DI TOR CARBONE,53,Scontro frontale/laterale DX fra veicoli in marcia,Rettilineo,Una carreggiata a doppio senso,Asciutto,Asfaltata,Verticale ed orizzontale,Sereno,Normale,Buona,0,0,0,4,12.535769999999999,41.832799999999999,True,,,
,5774885,16,2022-01-11T09:10:00,Strada Urbana,all'intersezione semaforizzata con,1195,VIA AURELIA ANTICA,,Investimento di pedone,Intersezione semaforizzata,Una carreggiata a doppio senso,Asciutto,Asfaltata,Verticale ed orizzontale,Sereno,Normale,Buona,0,0,1,1,12.434950000000001,41.890160000000002,False,3453,LARGO DON LUIGI GUANELLA,
,5777195,3,2022-01-11T09:20:00,Strada Urbana,in prossimità,7816,VIA NOMENTANA,231,Investimento di pedone,Rettilineo,Più di due carreggiate,Asciutto,Asfaltata,Verticale ed orizzontale,Sereno,Normale,Buona,2,0,0,0,12.50783,41.913989999999998,True,,,
,5775542,5,2022-01-11T09:45:00,Strada Urbana,in prossimità,5285,VIA GIOVANNI MICHELOTTI,29,Veicolo in marcia contro veicoli in sosta,Rettilineo,Una carreggiata a doppio senso,Asciutto,Asfaltata,Verticale ed orizzontale,Sereno,Normale,Buona,0,0,0,2,12.55686,41.915550000000003,True,,,
,5774509,1,2022-01-11T10:20:00,Strada Urbana,da specificare,2731,PONTE CESTIO,,Veicolo in marcia contro veicolo in sosta,Rettilineo,Una carreggiata a senso unico di marcia,Asciutto,Asfaltata,Verticale ed orizzontale,Sereno,Normale,Buona,0,0,0,1,12.4773,41.890009999999997,True,,,snc
,5775239,15,2022-01-11T10:20:00,Strada Urbana,in prossimità,5963,LUNGOTEVERE DEGLI INVENTORI,114,Tamponamento,Rettilineo,Una carreggiata a doppio senso,Asciutto,Asfaltata,Orizzontale,Sereno,Normale,Buona,1,0,0,1,12.46499,41.861229999999999,True,,,
,5774613,19,2022-01-11T11:00:00,Altra strada,da specificare,6924,PIAZZA S. MARIA DELLA PIETA',,Veicolo in marcia contro veicoli in sosta,Rettilineo,Una carreggiata a doppio senso,Asciutto,Asfaltata,Assente,Sereno,Scarso,Buona,0,0,0,1,12.418530000000001,41.940739999999998,True,,,all'interno del parco
,5775272,8,2022-01-11T11:15:00,Strada Urbana,all'intersezione con,3996,VIA FELICE BISLERI,,Scontro laterale fra veicoli in marcia,Intersezione stradale segnalata,Una carreggiata a senso unico di marcia,Asciutto,Asfaltata,Verticale,Nuvoloso,Scarso,Buona,0,0,0,3,12.623139999999999,41.861080000000001,True,257,VIA ALBERTO FASSINI,
,5777213,3,2022-01-11T11:30:00,Strada Urbana,all'intersezione con,10233,VIA DELLA STAZIONE TIBURTINA,,Scontro laterale fra veicoli in marcia,Incrocio,Più di due carreggiate,Asciutto,Asfaltata,Verticale ed orizzontale,Sereno,Normale,Buona,0,0,0,2,12.526389999999999,41.909579999999998,True,8557,VIA PIETRO L'EREMITA,
,5775564,5,2022-01-11T11:30:00,Strada Urbana,in corrispondenza,9629,VIA DI SALONE,248 C,Scontro laterale fra veicoli in marcia,Rettilineo,Una carreggiata a doppio senso,Asciutto,Asfaltata,Verticale,Sereno,Normale,Buona,0,0,0,2,12.62932,41.92736,True,,,
,5775152,12,2022-01-11T11:35:00,Strada Urbana,all'intersezione con,1734,VIALE DEI CADUTI PER LA RESISTENZA,,Scontro frontale/laterale DX fra veicoli in marcia,Intersezione non regolata/non segnalata,Una carreggiata a senso unico di marcia,Asciutto,Asfaltata,Verticale ed orizzontale,Sereno,Normale,Buona,0,0,0,3,12.441079999999999,41.784170000000003,True,9651,VIA SALVATORE LORIZZO,
,5775399,4,2022-01-11T11:40:00,Strada Urbana,all'intersezione con,9285,VIA RENATO FUCINI,,Investimento di pedone,Incrocio,Due carreggiate,Asciutto,Asfaltata,Verticale ed orizzontale,Sereno,Normale,Sufficiente,0,0,0,3,12.549569999999999,41.949660000000002,True,3114,VIA CORRADO ALVARO,
,5777024,18,2022-01-11T11:40:00,Strada Urbana,in prossimità,1194,VIA AURELIA,7.8,Tamponamento,Rettilineo,Due carreggiate,Asciutto,Asfaltata,Verticale ed orizzontale,Sereno,Normale,Buona,0,0,0,1,12.401160000000001,41.886099999999999,True,,,
,5775582,5,2022-01-11T11:55:00,Strada Urbana,da specificare,10478,VIA TIBURTINA,,Scontro frontale/laterale DX fra veicoli in marcia,Rettilineo,Due carreggiate,Asciutto,Asfaltata,Verticale ed orizzontale,Sereno,Normale,Buona,0,0,0,2,12.587249999999999,41.932630000000003,True,,,fr. civico 1095
,5777107,18,2022-01-11T12:00:00,Strada Urbana,in corrispondenza,10643,VIA DI TORRE ROSSA,2,Tamponamento,Rettilineo,Una carreggiata a doppio senso,Asciutto,Asfaltata,Verticale ed orizzontale,Sereno,Normale,Buona,0,0,0,3,12.42891,41.894410000000001,True,,,
,5775273,8,2022-01-11T12:10:00,Strada Urbana,all'intersezione con,9549,VIA DEI RUDERI DI CASA CALDA,,Scontro frontale/laterale SX fra veicoli in marcia,Incrocio,Una carreggiata a doppio senso,Asciutto,Asfaltata,Assente,Sereno,Normale,Buona,0,0,0,2,12.596360000000001,41.874899999999997,True,12333,PIAZZALE DELLE PARADISEE,
,5775115,6,2022-01-11T12:20:00,Strada Urbana,da specificare,10680,VIA TOR DE' SCHIAVI,,Scontro frontale/laterale SX fra veicoli in marcia,Rettilineo,Due carreggiate,Asciutto,Asfaltata,Verticale ed orizzontale,Sereno,Normale,Buona,0,0,0,2,12.56414,41.877119999999998,True,,,fronte VIA DELLE PALME
,5775243,15,2022-01-11T12:20:00,Strada Urbana,da specificare,9188,PIAZZA DELLA RADIO,,Scontro laterale fra veicoli in marcia,Rettilineo,Due carreggiate,Asciutto,Asfaltata,Verticale ed orizzontale,Sereno,Normale,Buona,0,0,0,2,12.466939999999999,41.870019999999997,True,,,fronte civico 1
,5775552,2,2022-01-11T12:30:00,Strada Urbana,in corrispondenza,3780,VIALE ETIOPIA,fr. 83,Veicolo in marcia contro ostacolo accidentale,Rettilineo,Una carreggiata a senso unico di marcia,Asciutto,Asfaltata,Verticale ed orizzontale,Nuvoloso,Normale,Buona,0,0,0,1,12.52192,41.932429999999997,True,,,
,5775563,4,2022-01-11T13:00:00,Strada Urbana,da specificare,16201,RAMPA USCITA G.R.A. CARREGGIATA INTERNA,,Scontro laterale fra veicoli in marcia,Curva a visuale libera,Una carreggiata a doppio senso,Asciutto,Asfaltata,Verticale ed orizzontale,Sereno,Normale,Buona,0,0,0,3,12.59357,41.836179999999999,True,,,prossimità Via Lello Maddaleno
,5775275,8,2022-01-11T13:00:00,Strada Urbana,in prossimità,13679,LARGO FERRUCCIO MENGARONI,11,Veicolo in marcia contro veicolo in sosta,Rettilineo,Una carreggiata a doppio senso,Asciutto,Asfaltata,Assente,Sereno,Scarso,Buona,0,0,0,0,12.63885,41.868049999999997,False,,,
,5775568,2,2022-01-11T13:05:00,Strada Urbana,da specificare,10110,VIALE SOMALIA,,Scontro frontale/laterale DX fra veicoli in marcia,Rettilineo,Una carreggiata a senso unico di marcia,Asciutto,Asfaltata,Verticale ed orizzontale,Sereno,Scarso,Buona,0,0,0,1,12.515140000000001,41.935960000000001,True,,,pross. fr via antrodoco
,5775966,13,2022-01-11T13:35:00,Strada Urbana,in corrispondenza,8224,VIALE PAOLO ORLANDO,31,Scontro laterale fra veicoli in marcia,Rettilineo,Due carreggiate,Asciutto,Asfaltata,Verticale ed orizzontale,Nuvoloso,Normale,Buona,0,0,0,2,12.284890000000001,41.731389999999998,True,,,
,5777247,18,2022-01-11T13:50:00,Strada Urbana,da specificare,6226,VIA LEONE XIII,,Scontro frontale/laterale SX fra veicoli in marcia,Rettilineo,Due carreggiate,Asciutto,Asfaltata,Verticale ed orizzontale,Sereno,Scarso,Buona,1,0,0,1,12.437760000000001,41.892200000000003,True,,,area distributore Star Oil in prox Via Dehon
,5775536,17,2022-01-11T13:55:00,Strada Urbana,all'intersezione con,1268,PIAZZA BAINSIZZA,,Veicolo in marcia contro veicolo in sosta,Incrocio,Una carreggiata a senso unico di marcia,Asciutto,Asfaltata,Verticale ed orizzontale,Sereno,Normale,Buona,0,0,0,0,12.461510000000001,41.919240000000002,False,8024,VIA OSLAVIA,
,5775489,6,2022-01-11T14:05:00,Strada Urbana,all'intersezione con,2630,VIA DI CENTOCELLE,,Scontro frontale/laterale SX fra veicoli in marcia,Incrocio,Una carreggiata a doppio senso,Asciutto,Asfaltata,Verticale ed orizzontale,Sereno,Intenso,Buona,1,0,0,3,12.549630000000001,41.872349999999997,True,585,VIA DEGLI ANGELI,
,5775589,5,2022-01-11T14:05:00,Strada Urbana,in prossimità,10478,VIA TIBURTINA,1070,Scontro frontale fra veicoli in marcia,Rettilineo,Due carreggiate,Asciutto,Asfaltata,Verticale,Sereno,Normale,Buona,0,0,0,2,12.57794,41.930720000000001,True,,,
,5775336,19,2022-01-11T14:30:00,Strada Urbana,in prossimità,3955,VIA FEDERICO BORROMEO,45/a,Tamponamento,Rettilineo,Una carreggiata a doppio senso,Asciutto,Asfaltata,Assente,Sereno,Normale,Buona,0,0,0,2,12.41466,41.91592,True,,,
,5775276,8,2022-01-11T14:35:00,Strada Urbana,in prossimità,16144,VIALE DELLA SORBONA,141,Scontro laterale fra veicoli in marcia,Rotatoria,Una carreggiata a senso unico di marcia,Asciutto,Asfaltata,Orizzontale,Sereno,Normale,Buona,0,0,0,2,12612,41.854599999999998,True,,,
,5775277,8,2022-01-11T14:50:00,Strada Urbana,da specificare,9629,VIA DI SALONE,,Scontro laterale fra veicoli in marcia,Rettilineo,Una carreggiata a doppio senso,Asciutto,Asfaltata,Verticale ed orizzontale,Sereno,Normale,Buona,0,0,0,2,12.63392,41.922750000000001,True,,,50 metri prima della rotatoria Salone/Collatina
,5775600,5,2022-01-11T14:50:00,Strada Urbana,da specificare,6849,VIA DI MARCO SIMONE,,Tamponamento,Rettilineo,Una carreggiata a doppio senso,Asciutto,Asfaltata,Orizzontale,Sereno,Normale,Buona,0,0,0,1,12.6341,41.957410000000003,True,,,fronte civico 82
,5775643,5,2022-01-11T15:00:00,Strada Urbana,all'intersezione con,10478,VIA TIBURTINA,,Scontro laterale fra veicoli in marcia,Incrocio,Più di due carreggiate,Asciutto,Asfaltata,Verticale ed orizzontale,Sereno,Normale,Buona,0,0,0,3,12.5739,41.925739999999998,True,3496,VIA DEI DURANTINI,
,5775416,10,2022-01-11T15:15:00,Strada Urbana,all'intersezione con,13587,VIA ACQUALANDRONI,,Scontro frontale/laterale DX fra veicoli in marcia,Incrocio,Una carreggiata a senso unico di marcia,Asciutto,Asfaltata,Assente,Sereno,Scarso,Sufficiente,0,0,0,6,12.653169999999999,41.81915,True,7092,VIA DI S. MATTEO,
,5775601,4,2022-01-11T15:20:00,Strada Urbana,in prossimità,11028,VIA DI VALLE MELAINA,54d,Investimento di pedone,Rettilineo,Due carreggiate,Asciutto,Asfaltata,Verticale ed orizzontale,Sereno,Normale,Buona,1,0,0,1,12.52624,41.948990000000002,True,,,
,5777169,3,2022-01-11T15:20:00,Strada Urbana,in prossimità,7598,VIA MONZAMBANO,10,Scontro laterale fra veicoli in marcia,Rettilineo,Una carreggiata a doppio senso,Asciutto,Asfaltata,Assente,Sereno,Scarso,Buona,0,0,0,2,12.50807,41.904179999999997,True,,,
,5775074,10,2022-01-11T15:40:00,Strada Urbana,da specificare,12647,VIALE BRUNO RIZZIERI,,Tamponamento,Rettilineo,Due carreggiate,Asciutto,Asfaltata,Verticale ed orizzontale,Sereno,Normale,Buona,2,0,0,2,12.586460000000001,41.85228,True,,,fronte civ.101
,5776055,13,2022-01-11T15:50:00,Strada Urbana,all'intersezione con,15025,VIA DELLA MARTINICA,,Investimento di pedone,Incrocio,Una carreggiata a doppio senso,Asciutto,Asfaltata,Verticale ed orizzontale,Sereno,Normale,Buona,0,0,0,3,12.26136,41.740189999999998,False,5900,VIA DELL'IDROSCALO,
,5775438,20,2022-01-11T16:10:00,Strada Urbana,da specificare,11502,VIA VITTORIO PICCININI,,Tamponamento,Rettilineo,Due carreggiate,Asciutto,Asfaltata,Verticale ed orizzontale,Sereno,Normale,Buona,0,0,0,3,12.408519999999999,41.983750000000001,True,,,in prossimità via Cassia
,5775080,10,2022-01-11T16:30:00,Strada Urbana,in corrispondenza,12500,VIALE ANTONIO CIAMARRA,96,Veicolo in marcia contro veicolo arresto,Rettilineo,Due carreggiate,Asciutto,Asfaltata,Verticale ed orizzontale,Sereno,Normale,Buona,0,0,0,2,12.59127,41.849870000000003,True,,,
,5776114,13,2022-01-11T16:30:00,Strada Urbana,all'intersezione con,3729,VIA ERMANNO WOLF FERRARI,,Scontro frontale/laterale DX fra veicoli in marcia,Incrocio,Una carreggiata a doppio senso,Asciutto,Asfaltata,Verticale ed orizzontale,Sereno,Normale,Buona,0,0,0,4,12.377940000000001,41.748170000000002,True,15910,VIA MANUEL DE FALLA,
,5775662,5,2022-01-11T16:30:00,Strada Urbana,in prossimità,7585,VIA DEI MONTI TIBURTINI,510,Veicolo in marcia contro veicolo fermo,Rettilineo,Due carreggiate,Asciutto,Asfaltata,Orizzontale,Sereno,Normale,Buona,0,0,0,4,12.54604,41.915979999999998,True,,,
,5775641,17,2022-01-11T16:40:00,Strada Urbana,all'intersezione con,5589,VIALE GIUSEPPE MAZZINI,,Scontro frontale/laterale DX fra veicoli in marcia,Incrocio,Una carreggiata a senso unico di marcia,Asciutto,Asfaltata,Verticale ed orizzontale,Sereno,Normale,Buona,1,0,0,1,12.46264,41.915770000000002,True,8327,VIA PASUBIO,
,5775039,12,2022-01-11T16:50:00,Strada Urbana,in prossimità,15679,VIA ANDREA MILLEVOI,399,Tamponamento,Rettilineo,Una carreggiata a doppio senso,Asciutto,Asfaltata,Verticale ed orizzontale,Sereno,Scarso,Buona,1,0,0,2,12.51746,41.821069999999999,True,,,
,5775342,1,2022-01-11T17:00:00,Strada Urbana,in prossimità,8911,PIAZZA DI PORTA CAPENA,5,Tamponamento,Rettilineo,Più di due carreggiate,Asciutto,Asfaltata,Verticale ed orizzontale,Nuvoloso,Normale,Buona,0,0,0,2,12.489509999999999,41.884230000000002,True,,,
,5775603,12,2022-01-11T17:15:00,Strada Urbana,all'intersezione con,10878,VIALE DELL'UMANESIMO,,Scontro laterale fra veicoli in marcia,Intersezione semaforizzata,Una carreggiata a doppio senso,Asciutto,Asfaltata,Verticale ed orizzontale,Sereno,Normale,Buona,0,0,0,3,12.47697,41.820909999999998,True,10877,PIAZZALE DELL'UMANESIMO,
,5775721,5,2022-01-11T17:20:00,Strada Urbana,in corrispondenza,10478,VIA TIBURTINA,652/G,Investimento di pedone,Rettilineo,Una carreggiata a doppio senso,Asciutto,Asfaltata,Orizzontale,Sereno,Normale,Sufficiente,1,0,0,1,12.54874,41.909979999999997,True,,,
,5777305,18,2022-01-11T17:45:00,Strada Urbana,all'intersezione con,5958,VIA INNOCENZO XIII,,Scontro frontale/laterale DX fra veicoli in marcia,Intersezione stradale segnalata,Una carreggiata a doppio senso,Asciutto,Asfaltata,Verticale,Sereno,Scarso,Sufficiente,0,0,0,3,12.44286,41.898940000000003,True,529,VIA ANASTASIO II,
,5775953,16,2022-01-11T18:00:00,Strada Urbana,in corrispondenza,10714,VIALE DI TRASTEVERE,183,Tamponamento,Rettilineo,Più di due carreggiate,Asciutto,Asfaltata,Verticale ed orizzontale,Sereno,Normale,Buona,1,0,0,1,12.46927,41.88308,True,,,
,5775560,2,2022-01-11T18:00:00,Strada Urbana,in prossimità,4295,VIA DEL FORO ITALICO,502,Scontro laterale fra veicoli in marcia,Rettilineo,Una carreggiata a senso unico di marcia,Asciutto,Asfaltata,Orizzontale,Sereno,Normale,Buona,1,0,0,3,12.49469,41.939729999999997,True,,,
,5775428,20,2022-01-11T18:00:00,Strada Urbana,da specificare,4295,VIA DEL FORO ITALICO,,Scontro laterale fra veicoli in marcia,Rettilineo,Due carreggiate,Asciutto,Asfaltata,Verticale ed orizzontale,Sereno,Normale,Sufficiente,0,0,0,3,12.481339999999999,41.940219999999997,True,,,DIR. TRIONFALE RAMPA IMMI. DA CORSO DI FRANCIA
,5775864,7,2022-01-11T18:15:00,Strada Urbana,in prossimità,3603,VIA EMILIO LONGONI,3,Veicolo in marcia che urta buche nella carreggiata,Rettilineo,Due carreggiate,Asciutto,Asfaltata,Verticale ed orizzontale,Sereno,Normale,Buona,0,0,0,1,12.6036,41.894039999999997,True,,,
,5775925,7,2022-01-11T18:20:00,Strada Urbana,in prossimità,3603,VIA EMILIO LONGONI,3,Veicolo in marcia che urta buche nella carreggiata,Rettilineo,Due carreggiate,Asciutto,Asfaltata,Verticale ed orizzontale,Sereno,Normale,Buona,0,0,0,1,12.6036,41.894039999999997,True,,,
,5776544,16,2022-01-11T18:30:00,Strada Urbana,in prossimità,3656,PIAZZALE ENRICO DUNANT,15,Scontro frontale/laterale SX fra veicoli in marcia,Rettilineo,Due carreggiate,Asciutto,Asfaltata,Verticale ed orizzontale,Sereno,Normale,Sufficiente,1,0,0,3,12.458360000000001,41.872459999999997,True,,,
,5775479,10,2022-01-11T18:40:00,Strada Urbana,in corrispondenza,10827,VIA TUSCOLANA,866,Investimento di pedone,Rettilineo,Due carreggiate,Asciutto,Asfaltata,Verticale ed orizzontale,Sereno,Normale,Sufficiente,1,0,0,2,12.54975,41.863289999999999,True,,,
,5775278,8,2022-01-11T19:00:00,Strada Urbana,in prossimità,9676,VIA SAN BIAGIO PLATANI,324,Veicolo in marcia contro veicolo fermo,Rettilineo,Una carreggiata a senso unico di marcia,Asciutto,Asfaltata,Assente,Sereno,Scarso,Buona,0,0,0,4,12.643269999999999,41.875770000000003,True,,,
,5776647,1,2022-01-11T19:05:00,Strada Urbana,all'intersezione semaforizzata con,10298,PONTE SUBLICIO,,Veicolo in marcia contro veicolo fermo,Intersezione semaforizzata,Una carreggiata a doppio senso,Asciutto,Asfaltata,Verticale ed orizzontale,Nuvoloso,Normale,Buona,0,0,0,2,12.47573,41.882849999999998,True,1222,LUNGOTEVERE AVENTINO,
,5775723,7,2022-01-11T20:00:00,Strada Urbana,in prossimità,7293,VIA MOLFETTA,22/A,Scontro laterale fra veicoli in marcia,Rettilineo,Una carreggiata a doppio senso,Asciutto,Asfaltata,Verticale ed orizzontale,Sereno,Normale,Buona,1,0,0,1,12.575749999999999,41.889899999999997,True,,,
,5775279,8,2022-01-11T20:05:00,Strada Urbana,all'intersezione con,4366,VIA DEL FOSSO DELL'OSA,,Scontro frontale/laterale SX fra veicoli in marcia,Intersezione stradale segnalata,Una carreggiata a doppio senso,Asciutto,Asfaltata,Verticale ed orizzontale,Sereno,Normale,Buona,0,0,0,3,12.68432,41.905209999999997,True,8374,VIA PERANO,
,5775553,4,2022-01-11T20:10:00,Provinciale entro l'abitato,all'intersezione con,7816,VIA NOMENTANA,,Scontro laterale fra veicoli in marcia,Intersezione stradale segnalata,Una carreggiata a doppio senso,Asciutto,Asfaltata,Verticale ed orizzontale,Sereno,Normale,Sufficiente,0,0,0,3,12.57368,41.959049999999998,True,11093,VIA VAL TROMPIA,
,5775382,15,2022-01-11T20:30:00,Strada Urbana,all'intersezione con,8975,VIA PORTUENSE,,Scontro frontale/laterale DX fra veicoli in marcia,Incrocio,Due carreggiate,Asciutto,Asfaltata,Verticale ed orizzontale,Sereno,Scarso,Buona,0,0,0,2,12.413970000000001,41.846899999999998,True,5936,VIA DELL'IMBRECCIATO,
,5775280,8,2022-01-11T20:40:00,Strada Urbana,da specificare,12785,VIA ACQUAVIVA D'ISERNIA,,Scontro frontale/laterale SX fra veicoli in marcia,Rettilineo,Una carreggiata a doppio senso,Asciutto,Asfaltata,Assente,Sereno,Scarso,Sufficiente,0,0,0,1,12.668200000000001,41.921230000000001,True,,,in prossimità di via GIOVANNI CASONI
,5775585,4,2022-01-11T20:45:00,Strada Urbana,in prossimità,8446,VIA PIAN DI SCO,62,Scontro laterale fra veicoli in marcia,Rettilineo,Una carreggiata a doppio senso,Asciutto,Asfaltata,Verticale ed orizzontale,Sereno,Scarso,Buona,0,0,0,2,12.51891,41.962530000000001,True,,,
,5775735,5,2022-01-11T21:15:00,Strada Urbana,da specificare,2000847,NUOVA CIRCONVALLAZIONE INTERNA,,Veicolo in marcia contro ostacolo fisso,Galleria illuminata,Una carreggiata a senso unico di marcia,Asciutto,Asfaltata,Verticale ed orizzontale,Sereno,Normale,Buona,0,0,0,2,12.530390000000001,41.909300000000002,True,,,DIR.S.GIOVANNI RAMPA USC. VIA TIBURTINA
,5775583,4,2022-01-11T21:15:00,Strada Urbana,da specificare,2000405,VIALE FRANCO ARCALLI,,Tamponamento,Rettilineo,Una carreggiata a senso unico di marcia,Asciutto,Asfaltata,Verticale ed orizzontale,Sereno,Scarso,Buona,0,0,0,3,12.54222,41.970880000000001,True,,,direzione GRA
,5775544,2,2022-01-11T21:30:00,Strada Urbana,all'intersezione con,8160,VIA PANARO,,Scontro frontale/laterale SX fra veicoli in marcia,Intersezione stradale segnalata,Una carreggiata a senso unico di marcia,Asciutto,Asfaltata,Verticale ed orizzontale,Sereno,Scarso,Buona,1,0,0,1,12.510770000000001,41.924379999999999,True,2912,VIA CLISIO,
,5776065,13,2022-01-11T21:38:00,Strada Urbana,all'intersezione con,9481,VIALE DEI ROMAGNOLI,,Scontro frontale/laterale SX fra veicoli in marcia,Incrocio,Una carreggiata a doppio senso,Asciutto,Asfaltata,Verticale ed orizzontale,Sereno,Normale,Sufficiente,1,0,0,1,12.33738,41.774790000000003,True,15149,VIALE CHARLES LENORMANT,
,5775493,6,2022-01-11T21:40:00,Strada Urbana,all'intersezione con,5215,VIA GIOVANNI DE AGOSTINI,,Veicolo in marcia contro veicolo in sosta,Incrocio,Una carreggiata a doppio senso,Asciutto,Asfaltata,Verticale ed orizzontale,Sereno,Normale,Sufficiente,0,0,0,1,12.52997,41.88617,True,921,VIALE ARCANGELO GHISLERI,
,5775524,10,2022-01-11T22:45:00,Strada Urbana,all'intersezione semaforizzata con,5186,VIALE S. GIOVANNI BOSCO,,Scontro frontale/laterale SX fra veicoli in marcia,Intersezione semaforizzata,Due carreggiate,Asciutto,Asfaltata,Verticale ed orizzontale,Sereno,Scarso,Buona,1,0,0,1,12.56072,41.860660000000003,True,1796,VIA CALPURNIO FIAMMA,
,5775340,9,2022-01-11T23:00:00,,all'intersezione con,2370,VIA DI CASAL MORENA,,Veicolo in marcia che urta buche nella carreggiata,,,,,,,,,0,0,0,1,,,False,10139,VIA SPADOLA,
,5775398,9,2022-01-12T02:25:00,Strada Urbana,all'intersezione semaforizzata con,4735,VIA GALLARATE,,Scontro laterale fra veicoli in marcia,Intersezione semaforizzata,Due carreggiate,Asciutto,Asfaltata,Verticale ed orizzontale,Sereno,Scarso,Sufficiente,1,0,0,1,12.52164,41.887810000000002,True,2403,VIA CASILINA,
,5775351,11,2022-01-12T03:30:00,Strada Urbana,all'intersezione con,6545,VIA LUIGI FINCATI,,Veicolo in marcia contro veicoli in sosta,Intersezione stradale segnalata,Una carreggiata a senso unico di marcia,Asciutto,Asfaltata,Verticale ed orizzontale,Sereno,Scarso,Buona,0,0,0,1,12.48381,41.86365,True,8186,PIAZZA PANTERO PANTERA,
,5775944,7,2022-01-12T04:00:00,Strada Urbana,all'intersezione con,10685,VIA DI TOR TRE TESTE,,Fuoriuscita dalla sede stradale,Incrocio,Una carreggiata a doppio senso,Con neve,Asfaltata,Verticale ed orizzontale,Nevicata in atto,Scarso,Sufficiente,1,0,0,0,12.59338,41.883710000000001,True,15190,VIA WALTER TOBAGI,
,5777755,19,2022-01-12T06:30:00,Strada Urbana,da specificare,4184,VIA FLAMINIA,,Scontro laterale fra veicoli in marcia,Galleria illuminata,Una carreggiata a senso unico di marcia,Asciutto,Asfaltata,Verticale ed orizzontale,Sereno,Normale,Sufficiente,0,0,0,4,12.471830000000001,41.941920000000003,True,,,direzione Centro prox Km. 14500 (galleria)
,5777488,19,2022-01-12T06:55:00,Strada Urbana,da specificare,15093,VIA IPOGEO DEGLI OTTAVI,,Scontro frontale/laterale DX fra veicoli in marcia,Curva a visuale libera,Una carreggiata a doppio senso,Bagnato (umidità in atto),Asfaltata,Orizzontale,Sereno,Normale,Buona,0,0,0,2,12.40503,41.965200000000003,True,,,PROX. VIA SAN GALLICANO NEL LAZIO
,5775661,1,2022-01-12T07:15:00,Strada Urbana,all'intersezione con,10193,VIA DELLO STATUTO,,Investimento di pedone,Incrocio,Una carreggiata a doppio senso,Bagnato (pioggia),In cubetti di porfido,Verticale ed orizzontale,Nuvoloso,Normale,Sufficiente,1,0,0,1,12.501390000000001,41.894930000000002,True,11490,PIAZZA VITTORIO EMANUELE II,
,5777725,19,2022-01-12T07:20:00,Strada Urbana,in prossimità,6897,VIA DI S. MARIA DI GALERIA,SNC,Veicolo in marcia contro ostacolo accidentale,Rettilineo,Una carreggiata a doppio senso,Bagnato (umidità in atto),Asfaltata,Assente,Sereno,Scarso,Buona,0,0,0,1,12.31208,41.995849999999997,True,,,
,5777088,13,2022-01-12T07:25:00,Strada Urbana,all'intersezione con,6656,VIA DI MACCHIA SAPONARA,,Scontro frontale/laterale DX fra veicoli in marcia,Incrocio,Una carreggiata a doppio senso,Bagnato (pioggia),Asfaltata,Assente,Pioggia in atto,Normale,Buona,0,0,0,2,12.35313,41.774709999999999,True,6652,VIA DI MACCHIA PALOCCO,
,5777095,13,2022-01-12T07:45:00,Strada Urbana,all'intersezione con,8239,LUNGOMARE PAOLO TOSCANELLI,,Scontro laterale fra veicoli in marcia,Rotatoria,Una carreggiata a senso unico di marcia,Asciutto,Asfaltata,Verticale ed orizzontale,Sereno,Normale,Buona,0,0,0,3,12.274929999999999,41.730119999999999,True,6694,PIAZZALE MAGELLANO,
,5776970,20,2022-01-12T08:00:00,Strada Urbana,all'intersezione semaforizzata con,2418,VIA CASSIA NUOVA,,Scontro frontale/laterale SX fra veicoli in marcia,Intersezione semaforizzata,Una carreggiata a doppio senso,Asciutto,Asfaltata,Verticale ed orizzontale,Sereno,Normale,Buona,1,0,0,1,12.46829,41.950769999999999,True,16362,LARGO PASQUALE SARACENO,
,5775861,1,2022-01-12T08:10:00,Strada Urbana,all'intersezione con,6963,VIA MARIO DE FIORI,,Veicolo in marcia contro veicolo in sosta,Incrocio,Una carreggiata a senso unico di marcia,Bagnato (umidità in atto),In cubetti di porfido,Verticale ed orizzontale,Nuvoloso,Scarso,Buona,0,0,0,1,,,False,1605,VIA BORGOGNONA,
,5776871,8,2022-01-12T08:20:00,,in prossimità,13660,VIA AMICO ASPERTINI,151,Scontro frontale/laterale DX fra veicoli in marcia,,,,,,,,,0,0,0,2,,,False,,,
,5780310,1,2022-01-12T08:35:00,Strada Urbana,in prossimità,8924,VIA DI PORTA S. LORENZO,7,Tamponamento,Rettilineo,Una carreggiata a senso unico di marcia,Asciutto,In cubetti di porfido,Verticale ed orizzontale,Sereno,Intenso,Buona,0,0,0,2,,,False,,,
,5776549,10,2022-01-12T08:51:00,Strada Urbana,in corrispondenza,10645,VIA DI TORRE SPACCATA,155,Tamponamento Multiplo,Rettilineo,Una carreggiata a doppio senso,Asciutto,Asfaltata,Orizzontale,Sereno,Normale,Buona,0,0,0,4,12.58587,41.86262,True,,,
,5776855,12,2022-01-12T09:00:00,Statale,da specificare,8887,VIA PONTINA,,Veicolo in marcia contro ostacolo fisso,Curva a visuale libera,Due carreggiate,Asciutto,Asfaltata,Verticale ed orizzontale,Sereno,Normale,Buona,0,0,0,1,12.45219,41.79401,True,,,"km 17,900 direzione Roma"
,5776067,12,2022-01-12T09:00:00,Strada Urbana,in prossimità,3309,VIA DI DECIMA,102,Fuoriuscita dalla sede stradale,Curva a visuale libera,Una carreggiata a doppio senso,Bagnato (pioggia),Asfaltata,Verticale ed orizzontale,Sereno,Normale,Buona,1,0,0,0,12.451409999999999,41.816360000000003,True,,,
,5775924,1,2022-01-12T09:10:00,Strada Urbana,in prossimità,13924,VIA LUIGI PETROSELLI,45,Veicolo in marcia contro ostacolo accidentale,Rettilineo,Una carreggiata a doppio senso,Asciutto,In cubetti di porfido,Verticale ed orizzontale,Sereno,Normale,Buona,1,0,0,0,12.481070000000001,41.89029,True,,,
,5776616,15,2022-01-12T09:15:00,Strada Urbana,da specificare,13927,VIA FULDA,,Scontro laterale fra veicoli in marcia,Rettilineo,Una carreggiata a senso unico alternato,Asciutto,Asfaltata,Verticale,Nuvoloso,Normale,Buona,0,0,0,3,12.43112,41.837539999999997,True,,,fronte civico 119
,5776575,16,2022-01-12T09:15:00,,da specificare,1647,VIA DI BRAVA,,Veicolo in marcia che urta buche nella carreggiata,,,,,,,,,0,0,0,1,,,False,,,FRONTE PALO ACEA N°134
,5776110,12,2022-01-12T09:25:00,Strada Urbana,da specificare,4383,VIA DEL FOSSO DEL TORRINO,,Scontro frontale/laterale DX fra veicoli in marcia,Rettilineo,Una carreggiata a doppio senso,Asciutto,Asfaltata,Verticale,Sereno,Scarso,Buona,0,0,0,2,12.434369999999999,41.815579999999997,True,,,all'altezza di Via Casale del Torrino
,5776159,9,2022-01-12T09:35:00,Strada Urbana,da specificare,878,VIA APPIA NUOVA,,Scontro laterale fra veicoli in marcia,Rettilineo,Una carreggiata a senso unico di marcia,Asciutto,Asfaltata,Verticale ed orizzontale,Sereno,Normale,Buona,0,0,0,2,12.523899999999999,41.874189999999999,True,,,in prossimità di VIA CAMILLA
,5778722,17,2022-01-12T09:40:00,Strada Urbana,all'intersezione con,587,VIALE ANGELICO,,Veicolo in marcia contro veicoli in sosta,Incrocio,Una carreggiata a senso unico di marcia,Asciutto,Asfaltata,Verticale ed orizzontale,Sereno,Normale,Buona,1,0,0,1,12.458629999999999,41.917200000000001,False,5357,PIAZZA GIOVINE ITALIA,
,5776898,8,2022-01-12T09:50:00,Strada Urbana,da specificare,4363,VIA DEL FOSSO DI S. MAURA,,Scontro laterale fra veicoli in marcia,Rotatoria,Una carreggiata a senso unico di marcia,Asciutto,Asfaltata,Verticale ed orizzontale,Sereno,Normale,Buona,0,0,0,2,12.59469,41.857950000000002,True,,,rotatoria Viale della SORBONA
,5777252,3,2022-01-12T09:50:00,Strada Urbana,in prossimità,9806,VIALE DELLO SCALO S. LORENZO,16,Scontro frontale/laterale DX fra veicoli in marcia,Rettilineo,Più di due carreggiate,Asciutto,Asfaltata,Orizzontale,Sereno,Normale,Buona,1,0,0,1,12.51703,41.893799999999999,True,,,
,5776596,16,2022-01-12T09:50:00,,da specificare,6962,VIA MARIO FIORETTI,,Veicolo in marcia contro veicolo in sosta,,,,,,,,,0,0,0,0,12.45364,41.875920000000001,False,,,fronte civico 8
,5800887,11,2022-01-12T10:30:00,Strada Urbana,da specificare,5674,VIA GIUSEPPE VERATTI,,Veicolo in marcia contro veicolo fermo,Curva senza visuale libera,Una carreggiata a senso unico di marcia,Asciutto,Asfaltata,Assente,Sereno,Scarso,Buona,0,0,0,2,12.471880000000001,41.852110000000003,True,,,Palo Acea n. 8
,5777348,1,2022-01-12T10:30:00,Strada Urbana,in corrispondenza,3573,VIA EMANUELE FILIBERTO,167,Scontro frontale/laterale SX fra veicoli in marcia,Rettilineo,Due carreggiate,Asciutto,Asfaltata,Verticale,Sereno,Normale,Buona,0,0,0,2,12.50667,41.890070000000001,True,,,
,5776070,12,2022-01-12T10:30:00,Provinciale,all'intersezione semaforizzata con,958,VIA ARDEATINA,,Tamponamento,Intersezione semaforizzata,Una carreggiata a doppio senso,Asciutto,Asfaltata,Verticale ed orizzontale,Sereno,Scarso,Buona,1,0,0,2,12.562609999999999,41.735909999999997,True,10161,VIA DI SPREGAMORE,
,5776342,1,2022-01-12T10:40:00,Strada Urbana,in corrispondenza,9356,LUNGOTEVERE RIPA,6,Tamponamento,Rettilineo,Una carreggiata a senso unico di marcia,Asciutto,Asfaltata,Verticale ed orizzontale,Sereno,Normale,Buona,1,0,0,1,12.478770000000001,41.888399999999997,True,,,
,5776607,16,2022-01-12T10:50:00,,in corrispondenza,4452,VIA FRANCESCO DATINI,8,Veicolo in marcia contro veicolo in sosta,,,,,,,,,0,0,0,1,,,False,,,
,5777333,17,2022-01-12T11:00:00,Strada Urbana,all'intersezione con,2929,VIA COLA DI RIENZO,,Investimento di pedone,Intersezione semaforizzata,Una carreggiata a doppio senso,Asciutto,Asfaltata,Verticale ed orizzontale,Sereno,Normale,Buona,1,0,0,1,12.465120000000001,41.907969999999999,True,1141,VIA ATTILIO REGOLO,
,5776986,5,2022-01-12T11:20:00,Strada Urbana,in prossimità,13860,VIA EUGENIO CARGIOLLI,19,Veicolo in marcia contro veicolo arresto,Pendenza,Una carreggiata a doppio senso,Asciutto,Asfaltata,Assente,Sereno,Scarso,Buona,0,0,0,3,12.560499999999999,41.927010000000003,True,,,
,5775989,6,2022-01-12T11:20:00,Provinciale entro l'abitato,in corrispondenza,9040,VIA PRENESTINA,206,Scontro laterale fra veicoli in marcia,Rettilineo,Più di due carreggiate,Asciutto,Asfaltata,Verticale ed orizzontale,Sereno,Normale,Buona,0,0,0,2,12.535690000000001,41.892319999999998,True,,,
,5777188,2,2022-01-12T11:30:00,Strada Urbana,in prossimità,1865,VIA DEI CAMPI SPORTIVI,15,Scontro laterale fra veicoli in marcia,Rettilineo,Una carreggiata a doppio senso,Asciutto,Asfaltata,Orizzontale,Sereno,Normale,Buona,1,0,0,1,12.48691,41.932369999999999,True,,,
,5777092,13,2022-01-12T11:40:00,Strada Urbana,all'intersezione semaforizzata con,8239,LUNGOMARE PAOLO TOSCANELLI,,Scontro frontale/laterale DX fra veicoli in marcia,Intersezione semaforizzata,Una carreggiata a doppio senso,Asciutto,Asfaltata,Verticale ed orizzontale,Sereno,Normale,Buona,1,0,0,1,12.274929999999999,41.730119999999999,True,5402,VIA GIULIANO DA SANGALLO,
,5776188,12,2022-01-12T11:50:00,Regionale,in corrispondenza,2000863,VIA PONTINA  (CARREGGIATA COMPLANARE),13.85,Tamponamento,Rettilineo,Più di due carreggiate,Asciutto,Asfaltata,Verticale ed orizzontale,Sereno,Intenso,Buona,1,0,0,1,12.45262,41.795610000000003,True,,,
,5777098,13,2022-01-12T11:53:00,Strada Urbana,all'intersezione con,4345,VIA DEL FOSSO DI DRAGONCELLO,,Scontro frontale/laterale SX fra veicoli in marcia,Incrocio,Una carreggiata a doppio senso,Asciutto,Asfaltata,Verticale ed orizzontale,Sereno,Normale,Buona,0,0,0,2,12.329890000000001,41.757680000000001,True,6652,VIA DI MACCHIA PALOCCO,
,5777791,19,2022-01-12T12:00:00,Strada Urbana,da specificare,1547,VIA DI BOCCEA,,Tamponamento,Rettilineo,Una carreggiata a senso unico di marcia,Asciutto,Asfaltata,Assente,Sereno,Scarso,Buona,0,0,0,1,12.38466,41.914949999999997,True,,,verso benzinaio AGIP
,5779329,16,2022-01-12T12:30:00,Strada Urbana,in corrispondenza,1649,VIA DI BRAVETTA,248,Veicolo in marcia contro veicolo in sosta,Rettilineo,Una carreggiata a doppio senso,Asciutto,Asfaltata,Orizzontale,Sereno,Normale,Buona,0,0,0,1,12.425929999999999,41.881019999999999,True,,,
,5776973,20,2022-01-12T12:40:00,Strada Urbana,da specificare,10606,VIALE DI TOR DI QUINTO,,Tamponamento,Rettilineo,Una carreggiata a doppio senso,Asciutto,Asfaltata,Orizzontale,Sereno,Normale,Buona,0,0,0,3,12.478479999999999,41.944710000000001,True,,,prox fronte civico 37
,5777081,4,2022-01-12T12:45:00,Strada Urbana,in corrispondenza,7153,PIAZZA MENENIO AGRIPPA,13,Scontro laterale fra veicoli in marcia,Rettilineo,Una carreggiata a senso unico di marcia,Asciutto,Asfaltata,Verticale ed orizzontale,Sereno,Normale,Buona,1,0,0,2,12.535970000000001,41.934640000000002,True,,,
,5776525,9,2022-01-12T12:45:00,Strada Urbana,in prossimità,4652,VIALE FURIO CAMILLO,71,Veicolo in marcia contro veicolo arresto,Rettilineo,Due carreggiate,Asciutto,Asfaltata,Temporanea di cantiere,Sereno,Scarso,Buona,0,0,0,2,12.52427,41.875889999999998,True,,,
,5776967,8,2022-01-12T13:00:00,Strada Urbana,in prossimità,2369,VIA DI CASAL MONTANI,9,Veicolo in marcia contro ostacolo fisso,Curva senza visuale libera,Una carreggiata a doppio senso,Asciutto,Con buche,Assente,Sereno,Scarso,Buona,0,0,0,1,12.70941,41.834879999999998,True,,,
,5776527,9,2022-01-12T13:00:00,Strada Urbana,da specificare,878,VIA APPIA NUOVA,,Scontro laterale fra veicoli in marcia,Rettilineo,Due carreggiate,Asciutto,Asfaltata,Verticale ed orizzontale,Sereno,Intenso,Buona,0,0,0,2,12.51591,41.88053,True,,,fronte VIA BOBBIO
,5776991,10,2022-01-12T13:15:00,Strada Urbana,da specificare,10688,VIA DI TOR VERGATA,,Tamponamento,Rotatoria,Due carreggiate,Asciutto,Asfaltata,Verticale ed orizzontale,Sereno,Normale,Buona,1,0,0,1,12.622590000000001,41.846769999999999,True,,,X Casal Morena sotto ponte della Tuscolana
,5776649,1,2022-01-12T13:30:00,Strada Urbana,in prossimità,1414,VIA BELISARIO,6,Tamponamento,Rettilineo,Una carreggiata a senso unico di marcia,Asciutto,Asfaltata,Verticale ed orizzontale,Sereno,Scarso,Buona,0,0,0,2,12.4977,41.90896,False,,,
,5776216,11,2022-01-12T13:30:00,Strada Urbana,all'intersezione con,5256,VIA GIOVANNI KEPLERO,,Scontro frontale/laterale DX fra veicoli in marcia,Rotatoria,Una carreggiata a senso unico di marcia,Bagnato (pioggia),Asfaltata,Verticale ed orizzontale,Sereno,Normale,Buona,0,0,0,2,12.48654,41.828890000000001,True,4460,VIA FRANCESCO DE VICO,
,5777001,20,2022-01-12T13:35:00,Regionale entro l'abitato,da specificare,2416,VIA CASSIA,,Tamponamento,Rettilineo,Una carreggiata a doppio senso,Asciutto,Asfaltata,Verticale ed orizzontale,Sereno,Normale,Buona,1,0,0,1,12.4137,41.982779999999998,True,,,ALTEZZA VIA LEONESSA
,5776531,9,2022-01-12T13:50:00,Strada Urbana,da specificare,16205,Tangenziale Est,,Tamponamento,Rettilineo,Due carreggiate,Asciutto,Asfaltata,Orizzontale,Sereno,Normale,Buona,0,0,0,2,12.61548,41.893259999999998,True,,,prossimità immissione VIA PRENESTINA
,5776568,10,2022-01-12T14:00:00,Strada Urbana,all'intersezione semaforizzata con,11904,VIALE PALMIRO TOGLIATTI,,Tamponamento Multiplo,Intersezione semaforizzata,Due carreggiate,Asciutto,Asfaltata,Verticale ed orizzontale,Sereno,Intenso,Buona,0,0,0,4,12.577400000000001,41.867519999999999,True,9485,VIALE DEI ROMANISTI,
,5777028,10,2022-01-12T14:30:00,Strada Urbana,all'intersezione con,9154,VIA QUINTILIO VARO,,Scontro frontale/laterale DX fra veicoli in marcia,Incrocio,Una carreggiata a senso unico di marcia,Asciutto,Asfaltata,Verticale ed orizzontale,Sereno,Scarso,Buona,0,0,0,3,12.565099999999999,41.853630000000003,True,9965,VIA SESTIO CALVINO,
,5777061,13,2022-01-12T14:40:00,Strada Urbana,all'intersezione con,6656,VIA DI MACCHIA SAPONARA,,Veicolo in marcia contro ostacolo accidentale,Incrocio,Una carreggiata a doppio senso,Asciutto,Asfaltata,Verticale ed orizzontale,Sereno,Normale,Buona,0,0,0,1,12.35313,41.774709999999999,True,13350,VIA GIUSEPPE MOLTENI,
,5776932,20,2022-01-12T14:40:00,Strada Urbana,da specificare,4185,VIA FLAMINIA NUOVA,,Tamponamento,Rettilineo,Due carreggiate,Asciutto,Asfaltata,Verticale ed orizzontale,Sereno,Normale,Buona,1,0,0,1,12.47917,41.96087,True,,,"KM 7,900"
,5776880,8,2022-01-12T15:00:00,Strada Urbana,da specificare,13712,VIA DI TOR BELLA MONACA,,Scontro frontale/laterale SX fra veicoli in marcia,Rotatoria,Una carreggiata a senso unico di marcia,Asciutto,Asfaltata,Verticale ed orizzontale,Sereno,Normale,Buona,0,0,0,3,12.62824,41.87632,True,,,rotatoria per via di Torrenova dir. Prenestina
,5776959,20,2022-01-12T15:15:00,Strada Urbana,all'intersezione con,11463,VIA VITO SINISI,,Scontro frontale fra veicoli in marcia,Intersezione stradale segnalata,Una carreggiata a doppio senso,Asciutto,Asfaltata,Verticale ed orizzontale,Sereno,Normale,Buona,0,0,0,3,12.453250000000001,41.96734,True,6007,VIA ISCHIA DI CASTRO,
,5776569,9,2022-01-12T15:15:00,,in prossimità,7660,VIA MUZIO SCEVOLA,30,Veicolo in marcia contro veicoli in arresto,,,,,,,,,0,0,0,2,12.528219999999999,41.873759999999997,False,,,
,5777235,3,2022-01-12T15:20:00,Strada Urbana,in prossimità,11522,VIA DEI VOLSCI,151,Scontro frontale/laterale SX fra veicoli in marcia,Rettilineo,Una carreggiata a doppio senso,Asciutto,Asfaltata,Verticale ed orizzontale,Sereno,Scarso,Buona,0,0,0,2,12.518219999999999,41.899679999999996,True,,,
,5777053,13,2022-01-12T16:00:00,Strada Urbana,all'intersezione con,3622,VIA ENEA PICCHIO,,Scontro frontale/laterale SX fra veicoli in marcia,Incrocio,Una carreggiata a doppio senso,Asciutto,Asfaltata,Verticale ed orizzontale,Sereno,Scarso,Sufficiente,0,0,0,2,12.25282,41.737909999999999,True,10888,VIA UMBERTO GROSSO,
,5776892,15,2022-01-12T16:15:00,Strada Urbana,in corrispondenza,6705,VIA DELLA MAGLIANA NUOVA,362,Tamponamento,Rettilineo,Una carreggiata a doppio senso,Asciutto,Asfaltata,Verticale ed orizzontale,Sereno,Normale,Buona,0,0,0,2,12.456009999999999,41.848019999999998,True,,,
,5777105,13,2022-01-12T17:10:00,Strada Urbana,all'intersezione con,8978,VIA POSIDIPPO,,Scontro frontale/laterale DX fra veicoli in marcia,Incrocio,Una carreggiata a senso unico di marcia,Asciutto,Asfaltata,Verticale ed orizzontale,Sereno,Normale,Buona,0,0,0,2,12.374230000000001,41.769750000000002,True,66,VIA DI ACILIA,
,5777827,19,2022-01-12T17:20:00,Strada Urbana,in prossimità,6897,VIA DI S. MARIA DI GALERIA,631,Fuoriuscita dalla sede stradale,Curva senza visuale libera,Una carreggiata a doppio senso,Asciutto,Asfaltata,Orizzontale,Sereno,Scarso,Insufficiente,1,0,0,0,12.30883,42.015909999999998,True,,,
,5777386,19,2022-01-12T17:30:00,Strada Urbana,in corrispondenza,549,VIA ANDREA BARBAZZA,59,Scontro laterale fra veicoli in marcia,Rettilineo,Una carreggiata a doppio senso,Asciutto,Asfaltata,Verticale ed orizzontale,Sereno,Scarso,Sufficiente,1,0,0,1,12.41127,41.919629999999998,True,,,
,5777824,12,2022-01-12T17:30:00,Strada Urbana,all'intersezione con,3216,VIA CRISTOFORO COLOMBO,,Scontro frontale/laterale DX fra veicoli in marcia,Incrocio,Due carreggiate,Asciutto,Asfaltata,Verticale ed orizzontale,Sereno,Normale,Buona,0,0,0,2,12.460559999999999,41.813600000000001,True,7858,VIALE DELL'OCEANO ATLANTICO,
,5777113,13,2022-01-12T17:32:00,Strada Urbana,da specificare,9481,VIALE DEI ROMAGNOLI,,Tamponamento,Rettilineo,Una carreggiata a doppio senso,Asciutto,Asfaltata,Verticale ed orizzontale,Sereno,Normale,Sufficiente,1,0,0,1,12.35737,41.782629999999997,True,,,pross.tà Via F. Donati
,5777064,10,2022-01-12T17:35:00,Strada Urbana,da specificare,16212,VIA DI PASSOLOMBARDO,,Scontro laterale fra veicoli in marcia,Rettilineo,Una carreggiata a doppio senso,Asciutto,Asfaltata,Verticale ed orizzontale,Sereno,Scarso,Buona,1,0,0,1,12.633179999999999,41.836350000000003,True,,,altezza vicolo di Passo Lombardo
,5777388,18,2022-01-12T17:45:00,Strada Urbana,in corrispondenza,3102,VIA CORNELIA,16,Scontro frontale/laterale SX fra veicoli in marcia,Rettilineo,Una carreggiata a doppio senso,Asciutto,Asfaltata,Verticale ed orizzontale,Sereno,Normale,Buona,1,0,0,1,12.398540000000001,41.910089999999997,True,,,
,5777051,13,2022-01-12T17:55:00,Strada Urbana,all'intersezione con,3492,LUNGOMARE DUILIO,,Investimento di pedone,Incrocio,Due carreggiate,Asciutto,Asfaltata,Verticale ed orizzontale,Sereno,Normale,Buona,1,0,0,2,12.29875,41.721029999999999,True,7126,PIAZZALE MEDITERRANEO,
,5777130,10,2022-01-12T18:00:00,Strada Urbana,in prossimità,5644,VIA GIUSEPPE SALVIOLI,5,Scontro laterale fra veicoli in marcia,Rettilineo,Una carreggiata a senso unico di marcia,Asciutto,Asfaltata,Verticale ed orizzontale,Sereno,Normale,Sufficiente,0,0,0,3,12.56649,41.860660000000003,True,,,
,5777103,6,2022-01-12T18:15:00,Strada Urbana,all'intersezione con,899,VIA AQUILONIA,,Scontro laterale fra veicoli in marcia,Incrocio,Una carreggiata a senso unico di marcia,Asciutto,Asfaltata,Orizzontale,Sereno,Scarso,Sufficiente,2,0,0,0,12.54998,41.890619999999998,True,9444,VIA ROCCAROMANA,
,5776901,20,2022-01-12T18:20:00,Strada Urbana,in corrispondenza,13436,VIA GIUSEPPE CANNATA,11,Investimento di pedone,Rettilineo,Una carreggiata a doppio senso,Asciutto,Asfaltata,Assente,Sereno,Scarso,Sufficiente,1,0,0,2,12.377420000000001,42.019869999999997,True,,,
,5776995,4,2022-01-12T18:20:00,Strada Urbana,in corrispondenza,7365,VIA MONTE BIANCO,2,Infortunio per caduta del veicolo,Rettilineo,Una carreggiata a doppio senso,Asciutto,Asfaltata,Verticale ed orizzontale,Sereno,Normale,Buona,0,0,0,1,12.533250000000001,41.942320000000002,True,,,
,5826129,1,2022-01-12T18:30:00,Strada Urbana,all'intersezione semaforizzata con,6778,VIALE MANZONI,,Tamponamento,Incrocio,Una carreggiata a senso unico di marcia,Asciutto,Asfaltata,Assente,Sereno,Intenso,Buona,0,0,0,2,12.50788,41.891309999999997,True,8926,VIA DI PORTA MAGGIORE,
,5777096,4,2022-01-12T18:35:00,Strada Urbana,in prossimità,6059,VIA JACOPO SANNAZZARO,94,Veicolo in marcia contro veicolo in sosta,Rettilineo,Due carreggiate,Asciutto,Asfaltata,Assente,Sereno,Scarso,Sufficiente,0,0,0,1,12.541119999999999,41.940350000000002,True,,,
,5777283,17,2022-01-12T18:40:00,Strada Urbana,in prossimità,143,PIAZZA ADRIANA,14,Scontro laterale fra veicoli in marcia,Rettilineo,Una carreggiata a senso unico di marcia,Asciutto,Asfaltata,Verticale,Sereno,Normale,Sufficiente,0,0,0,2,12.46847,41.90457,True,,,
,5776996,5,2022-01-12T18:50:00,Strada Urbana,in prossimità,10478,VIA TIBURTINA,757,Scontro laterale fra veicoli in marcia,Rettilineo,Una carreggiata a doppio senso,Asciutto,Asfaltata,Verticale ed orizzontale,Sereno,Normale,Sufficiente,0,0,0,2,12.5543,41.912649999999999,True,,,
,5777697,12,2022-01-12T19:25:00,Strada Urbana,in prossimità,13495,VIALE FILIPPO TOMMASO MARINETTI,46,Veicolo in marcia contro veicolo in sosta,Rettilineo,Due carreggiate,Asciutto,Asfaltata,Verticale ed orizzontale,Sereno,Scarso,Sufficiente,0,0,0,1,12.47209,41.808779999999999,True,,,
,5777133,1,2022-01-12T19:30:00,Strada Urbana,all'intersezione semaforizzata con,8929,PIAZZA DI PORTA METRONIA,,Investimento di pedone,Intersezione semaforizzata,Una carreggiata a doppio senso,Asciutto,Asfaltata,Verticale ed orizzontale,Sereno,Normale,Sufficiente,2,0,0,0,12.498379999999999,41.882449999999999,True,480,VIA DELL'AMBA ARADAM,
,5778200,3,2022-01-12T19:30:00,Strada Urbana,in corrispondenza,9472,VIA RODOLFO LANCIANI,72,Scontro laterale fra veicoli in marcia,Rettilineo,Due carreggiate,Asciutto,Asfaltata,Verticale ed orizzontale,Sereno,Normale,Buona,0,0,0,2,12.524789999999999,41.921039999999998,True,,,
,5777015,5,2022-01-12T19:45:00,Strada Urbana,all'intersezione semaforizzata con,10478,VIA TIBURTINA,,Scontro laterale fra veicoli in marcia,Intersezione semaforizzata,Due carreggiate,Asciutto,Asfaltata,Verticale ed orizzontale,Sereno,Normale,Buona,0,0,0,2,12.531890000000001,41.90813,True,8962,VIA DI PORTONACCIO,
,5777116,1,2022-01-12T20:15:00,Strada Urbana,all'intersezione con,9624,VIA SALLUSTIANA,,Scontro frontale/laterale DX fra veicoli in marcia,Intersezione stradale segnalata,Una carreggiata a senso unico di marcia,Asciutto,Asfaltata,Verticale ed orizzontale,Sereno,Scarso,Buona,0,0,0,2,12.493880000000001,41.907080000000001,True,8464,VIA PIEMONTE,
,5776924,12,2022-01-12T21:00:00,Strada Urbana,in corrispondenza,2481,VIA DELLA CASTELLUCCIA DI S. PAOLO,29,Veicolo in marcia contro ostacolo fisso,Curva a visuale libera,Una carreggiata a doppio senso,Asciutto,Asfaltata,Assente,Sereno,Scarso,Buona,0,0,0,1,12.5143,41.781509999999997,True,,,
,5776956,9,2022-01-12T21:25:00,Strada Urbana,in corrispondenza,9302,PIAZZA DEI RE DI ROMA,67,Veicolo in marcia contro veicoli in sosta,Rotatoria,Una carreggiata a senso unico di marcia,Asciutto,Asfaltata,Verticale,Sereno,Scarso,Sufficiente,0,0,0,1,12.51496,41.882159999999999,True,,,
,5777189,6,2022-01-12T23:05:00,Strada Urbana,in prossimità,8579,VIA PIETRO MARTIRE D'ANGHIERA,4,Veicolo in marcia contro veicoli in sosta,Rettilineo,Una carreggiata a senso unico di marcia,Asciutto,Asfaltata,Assente,Sereno,Scarso,Sufficiente,0,0,0,1,12.54265,41.884680000000003,True,,,
,5777221,11,2022-01-13T00:00:00,Strada Urbana,da specificare,7292,VIA DELLA MOLETTA,,Veicolo in marcia contro veicoli in sosta,Rettilineo,Una carreggiata a senso unico di marcia,Asciutto,Asfaltata,Verticale ed orizzontale,Sereno,Scarso,Buona,0,0,0,1,12.48457,41869,True,,,fronte civico 2
,5777194,11,2022-01-13T00:00:00,Strada Urbana,all'intersezione semaforizzata con,16502,VIALE SETTIMIA SPIZZICHINO,,Tamponamento,Intersezione semaforizzata,Due carreggiate,Asciutto,Asfaltata,Verticale ed orizzontale,Sereno,Scarso,Buona,0,0,0,3,12.48438,41.867150000000002,True,8037,CIRCONVALLAZIONE OSTIENSE,
,5777186,11,2022-01-13T00:00:00,Strada Urbana,da specificare,15550,PIAZZALE 12 OTTOBRE 1492,,Veicolo in marcia contro veicoli in sosta,Rettilineo,Una carreggiata a senso unico di marcia,Asciutto,Asfaltata,Verticale ed orizzontale,Sereno,Scarso,Buona,0,0,0,2,12.487349999999999,41.87039,True,,,PROSSIMITA' PALO ACEA 1
,5777193,10,2022-01-13T00:15:00,Strada Urbana,in corrispondenza,12416,VIA NOCARA,9,Veicolo in marcia che urta buche nella carreggiata,Rettilineo,Una carreggiata a doppio senso,Asciutto,Asfaltata,Verticale,Sereno,Scarso,Buona,0,0,0,1,12.60022,41.83605,True,,,
,5777168,4,2022-01-13T00:20:00,Strada Urbana,all'intersezione semaforizzata con,7462,VIA MONTE MASSICO,,Scontro frontale/laterale SX fra veicoli in marcia,Incrocio,Una carreggiata a doppio senso,Asciutto,Asfaltata,Verticale ed orizzontale,Sereno,Scarso,Sufficiente,1,0,0,1,12.526770000000001,41.950539999999997,True,7393,VIA MONTE CERVIALTO,
,5778495,18,2022-01-13T01:15:00,Strada Urbana,in prossimità,11122,VIALE VATICANO,42,Veicolo in marcia contro ostacolo accidentale,Curva senza visuale libera,Una carreggiata a doppio senso,Asciutto,Asfaltata,Verticale ed orizzontale,Sereno,Scarso,Sufficiente,0,0,0,1,12.445510000000001,41.901919999999997,True,,,
,5776903,20,2022-01-13T02:00:00,Statale entro l'abitato,in corrispondenza,2416,VIA CASSIA,481,Veicolo in marcia contro ostacolo accidentale,Curva senza visuale libera,Una carreggiata a doppio senso,Asciutto,Asfaltata,Orizzontale,Sereno,Scarso,Sufficiente,0,0,0,1,12.45452,41.957810000000002,True,,,
,5777171,17,2022-01-13T03:40:00,Strada Urbana,in prossimità,587,VIALE ANGELICO,169,Veicolo in marcia contro veicolo in sosta,Rettilineo,Più di due carreggiate,Asciutto,Asfaltata,Verticale ed orizzontale,Sereno,Scarso,Buona,0,0,0,1,12.458349999999999,41.91986,True,,,
,5778462,5,2022-01-13T06:00:00,Strada Urbana,all'intersezione con,10478,VIA TIBURTINA,,Scontro frontale/laterale DX fra veicoli in marcia,Incrocio,Due carreggiate,Asciutto,Asfaltata,Temporanea di cantiere,Sereno,Normale,Buona,0,0,0,2,12.599209999999999,41.933010000000003,True,14815,VIA CARLO PESENTI,
,5777788,1,2022-01-13T06:45:00,Strada Urbana,all'intersezione semaforizzata con,5258,PIAZZA DI S. GIOVANNI IN LATERANO,,Infortunio per caduta del veicolo,Intersezione semaforizzata,Una carreggiata a doppio senso,Asciutto,Asfaltata,Orizzontale,Sereno,Normale,Buona,1,0,0,1,12.5068,41.886850000000003,True,7171,VIA MERULANA,
,5806683,19,2022-01-13T07:00:00,Strada Urbana,in prossimità,8602,VIA PIETRO PAOLO VERGERIO,62,Veicolo in marcia contro ostacolo accidentale,Curva a visuale libera,Una carreggiata a senso unico di marcia,Ghiacciato,Asfaltata,Assente,Sereno,Scarso,Buona,0,0,0,1,12.42905,41.943710000000003,True,,,
,5778037,19,2022-01-13T07:00:00,,in prossimità,8602,VIA PIETRO PAOLO VERGERIO,62,Infortunio per caduta del veicolo,,,,,,,,,0,0,0,0,12.42905,41.943710000000003,False,,,
,5778564,18,2022-01-13T07:20:00,Strada Urbana,in prossimità,7104,VIA MATTIA BATTISTINI,54,Veicolo in marcia contro veicolo fermo,Curva a visuale libera,Una carreggiata a doppio senso,Asciutto,Asfaltata,Verticale ed orizzontale,Sereno,Normale,Buona,0,0,0,2,12.413959999999999,41.906100000000002,True,,,
,5778063,19,2022-01-13T07:45:00,Strada Urbana,in prossimità,8602,VIA PIETRO PAOLO VERGERIO,62,Infortunio per caduta del veicolo,Curva a visuale libera,Una carreggiata a senso unico di marcia,Ghiacciato,Asfaltata,Assente,Sereno,Scarso,Buona,0,0,0,2,12.42905,41.943710000000003,True,,,
,5778482,5,2022-01-13T07:50:00,Strada Urbana,all'intersezione con,14467,VIA BELMONTE IN SABINA,,Scontro laterale fra veicoli in marcia,Incrocio,Due carreggiate,Asciutto,Asfaltata,Verticale ed orizzontale,Sereno,Normale,Buona,0,0,0,3,12.59811,41.948790000000002,True,319,VIA DI S. ALESSANDRO,
,5779987,4,2022-01-13T08:05:00,Strada Urbana,in prossimità,1697,VIA DELLA BUFALOTTA,fr 600,Scontro laterale fra veicoli in marcia,Curva a visuale libera,Una carreggiata a doppio senso,Asciutto,Asfaltata,Orizzontale,Sereno,Normale,Buona,0,0,0,2,12.54166,41.950749999999999,True,,,
,5779347,16,2022-01-13T08:10:00,Strada Urbana,in corrispondenza,1649,VIA DI BRAVETTA,484,Scontro laterale fra veicoli in marcia,Rettilineo,Una carreggiata a doppio senso,Asciutto,Asfaltata,Orizzontale,Sereno,Normale,Buona,0,0,0,2,12.42338,41.874609999999997,True,,,
,5777384,1,2022-01-13T08:25:00,Strada Urbana,all'intersezione semaforizzata con,8929,PIAZZA DI PORTA METRONIA,,Scontro laterale fra veicoli in marcia,Intersezione semaforizzata,Una carreggiata a doppio senso,Asciutto,Asfaltata,Verticale ed orizzontale,Sereno,Intenso,Buona,0,0,0,2,12.498200000000001,41.882309999999997,True,3476,VIA DRUSO,
,5777422,13,2022-01-13T08:29:00,,in prossimità,6638,LUNGOMARE LUTAZIO CATULO,40,Investimento di pedone,,,,,,,,,0,0,1,1,,,False,,,
,5778076,10,2022-01-13T08:30:00,Strada Urbana,in corrispondenza,12770,VIALE ROLANDO VIGNALI,81,Veicolo in marcia contro veicolo fermo,Rettilineo,Due carreggiate,Asciutto,Asfaltata,Verticale ed orizzontale,Sereno,Normale,Buona,0,0,0,2,12.580780000000001,41.857460000000003,True,,,
,5778391,8,2022-01-13T08:35:00,Strada Urbana,all'intersezione con,7248,VIA MINEO,,Scontro frontale/laterale DX fra veicoli in marcia,Intersezione stradale segnalata,Una carreggiata a senso unico di marcia,Asciutto,Asfaltata,Verticale,Sereno,Normale,Buona,0,0,0,3,12.65673,41.871029999999998,True,10447,VIA TERMINI IMERESE,
,5777952,19,2022-01-13T08:45:00,Strada Urbana,in corrispondenza,10776,VIA TRIONFALE,7012,Investimento di pedone,Rettilineo,Una carreggiata a doppio senso,Asciutto,Asfaltata,Verticale ed orizzontale,Sereno,Intenso,Buona,1,0,0,1,12.439399999999999,41.93459,True,,,
,5778371,11,2022-01-13T08:50:00,Strada Urbana,all'intersezione con,9646,VIA SALVATORE DI GIACOMO,,Scontro frontale/laterale SX fra veicoli in marcia,Intersezione non regolata/non segnalata,Due carreggiate,Asciutto,Asfaltata,Verticale ed orizzontale,Sereno,Normale,Buona,0,0,0,3,12.488720000000001,41.84675,True,5786,VIA DI GROTTA PERFETTA,
,5777481,9,2022-01-13T09:00:00,Strada Urbana,da specificare,6081,PIAZZALE LABICANO,,Scontro laterale fra veicoli in marcia,Curva a visuale libera,Una carreggiata a senso unico di marcia,Asciutto,Asfaltata,Verticale ed orizzontale,Sereno,Normale,Buona,0,0,0,2,12.515599999999999,41.891249999999999,True,,,prossimità Scalo San Lorenzo
,5778386,8,2022-01-13T09:30:00,Strada Urbana,in prossimità,9040,VIA PRENESTINA,1238,Investimento di pedone,Rettilineo,Una carreggiata a doppio senso,Asciutto,Asfaltata,Verticale ed orizzontale,Sereno,Normale,Buona,1,0,0,2,12.63359,41.89264,True,,,
,5779421,16,2022-01-13T09:30:00,Strada Urbana,in prossimità,3875,VIA FABIOLA,5,Veicolo in marcia contro veicoli in sosta,Rettilineo,Una carreggiata a senso unico di marcia,Asciutto,Asfaltata,Orizzontale,Sereno,Normale,Buona,0,0,0,1,12.44961,41.876480000000001,True,,,
,5777557,12,2022-01-13T09:35:00,Comunale extraurbana,da specificare,8040,VIA OSTIENSE,,Tamponamento Multiplo,Rettilineo,Una carreggiata a senso unico di marcia,Asciutto,Asfaltata,Verticale ed orizzontale,Sereno,Normale,Buona,0,0,0,4,12.420859999999999,41.808999999999997,True,,,PROSSIMITA' RAMPA G.R.A. DIREZIONE OSTIA
,5777297,6,2022-01-13T09:40:00,Provinciale entro l'abitato,in prossimità,9040,VIA PRENESTINA,37,Veicolo in marcia contro veicolo arresto,Rettilineo,Più di due carreggiate,Asciutto,Asfaltata,Orizzontale,Sereno,Normale,Buona,0,0,0,2,12.520210000000001,41.891489999999997,True,,,
,5777505,10,2022-01-13T09:45:00,Strada Urbana,da specificare,15168,VIALE LUIGI SCHIAVONETTI,,Veicolo in marcia contro ostacolo accidentale,Rettilineo,Una carreggiata a doppio senso,Asciutto,Asfaltata,Verticale ed orizzontale,Sereno,Normale,Buona,0,0,0,2,12.61131,41.845140000000001,True,,,altezza palo acea 117
,5777867,1,2022-01-13T09:50:00,Strada Urbana,da specificare,8936,PIAZZA DI PORTA PORTESE,,Scontro laterale fra veicoli in marcia,Rettilineo,Una carreggiata a senso unico di marcia,Asciutto,In cubetti di porfido,Verticale,Sereno,Normale,Buona,1,0,0,1,12.47418,41.884010000000004,True,,,via di porta portese
,5778914,17,2022-01-13T09:55:00,Strada Urbana,all'intersezione semaforizzata con,7236,VIALE DELLE MILIZIE,,Scontro frontale/laterale SX fra veicoli in marcia,Incrocio,Più di due carreggiate,Asciutto,Asfaltata,Verticale ed orizzontale,Sereno,Normale,Buona,0,0,0,2,12.4619,41.912199999999999,True,2820,PIAZZA DELLE CINQUE GIORNATE,
,5778998,23,2022-01-13T10:15:00,Strada Urbana,all'intersezione con,9040,VIA PRENESTINA,,Scontro laterale fra veicoli in marcia,Incrocio,Più di due carreggiate,Asciutto,Asfaltata,Verticale ed orizzontale,Sereno,Normale,Buona,0,0,0,2,12.57489,41.895040000000002,True,11904,VIALE PALMIRO TOGLIATTI,
,5778623,4,2022-01-13T10:30:00,Strada Urbana,in prossimità,10866,VIA UGO OJETTI,404,Tamponamento,Rettilineo,Due carreggiate,Asciutto,Asfaltata,Verticale ed orizzontale,Sereno,Normale,Buona,0,0,0,2,12.5555,41.947879999999998,False,,,
,5778621,20,2022-01-13T10:40:00,Strada Urbana,da specificare,4295,VIA DEL FORO ITALICO,,Scontro laterale fra veicoli in marcia,Rettilineo,Una carreggiata a senso unico di marcia,Asciutto,Asfaltata,Verticale ed orizzontale,Sereno,Normale,Buona,0,0,0,2,12.481339999999999,41.940219999999997,True,,,uscita via di Tor di Quinto
,5778605,7,2022-01-13T10:50:00,Strada Urbana,in prossimità,3268,VIA DAMETA,31,Tamponamento,Rettilineo,Una carreggiata a senso unico di marcia,Asciutto,Asfaltata,Orizzontale,Sereno,Scarso,Buona,0,0,0,2,12.608169999999999,41.915680000000002,True,,,
,5778538,20,2022-01-13T10:55:00,Strada Urbana,in corrispondenza,11032,VIA DI VALLE MURICANA,367,Scontro laterale fra veicoli in marcia,Curva a visuale libera,Una carreggiata a doppio senso,Asciutto,Asfaltata,Orizzontale,Sereno,Scarso,Buona,1,0,0,1,12.470230000000001,42.02008,True,,,
,5777438,7,2022-01-13T10:55:00,Strada Urbana,all'intersezione con,2936,VIA COLLATINA,,Scontro frontale/laterale DX fra veicoli in marcia,Incrocio,Due carreggiate,Asciutto,Asfaltata,Verticale ed orizzontale,Sereno,Normale,Buona,1,0,0,2,12.60211,41.904850000000003,True,11904,VIALE PALMIRO TOGLIATTI,
,5778506,5,2022-01-13T11:10:00,Strada Urbana,in prossimità,10478,VIA TIBURTINA,568,Scontro laterale fra veicoli in marcia,Rettilineo,Più di due carreggiate,Asciutto,Asfaltata,Orizzontale,Sereno,Normale,Buona,0,0,0,2,12.54341,41.908560000000001,True,,,
,5778481,18,2022-01-13T11:15:00,Strada Urbana,in corrispondenza,5994,PIAZZA IRNERIO,57,Veicolo in marcia contro veicolo in sosta,Rettilineo,Due carreggiate,Asciutto,Asfaltata,Verticale ed orizzontale,Sereno,Normale,Buona,0,0,0,1,12.42919,41.898499999999999,False,,,
,5779603,16,2022-01-13T11:17:00,Strada Urbana,all'intersezione con,9193,VIA RAFFAELE BALESTRA,,Investimento di pedone,Intersezione non regolata/non segnalata,Una carreggiata a senso unico di marcia,Asciutto,Asfaltata,Assente,Sereno,Normale,Buona,1,0,0,1,12.449769999999999,41.873869999999997,True,8537,VIA PIETRO CARTONI,
,5777973,1,2022-01-13T11:20:00,Strada Urbana,in prossimità,10369,VIA DEL TEATRO DI MARCELLO,5,Scontro laterale fra veicoli in marcia,Rettilineo,Una carreggiata a doppio senso,Asciutto,In cubetti di porfido,Orizzontale,Sereno,Normale,Buona,0,0,0,2,12.48114,41.893039999999999,True,,,
,5777912,1,2022-01-13T11:27:00,Strada Urbana,da specificare,9066,VIA DI S. PRISCA,,Scontro frontale/laterale SX fra veicoli in marcia,Rettilineo,Una carreggiata a doppio senso,Asciutto,Asfaltata,Verticale ed orizzontale,Sereno,Normale,Buona,1,0,0,1,12.48399,41.881860000000003,True,,,fronte civico 42
,5778385,8,2022-01-13T11:40:00,Strada Urbana,all'intersezione con,16204,VIALE OXFORD,,Scontro laterale fra veicoli in marcia,Rotatoria,Una carreggiata a senso unico di marcia,Asciutto,Asfaltata,Verticale ed orizzontale,Sereno,Normale,Buona,1,0,0,2,12.62468,41.85689,True,16144,VIALE DELLA SORBONA,
,5778703,2,2022-01-13T11:50:00,Strada Urbana,da specificare,4295,VIA DEL FORO ITALICO,,Infortunio per caduta del veicolo,Rettilineo,Due carreggiate,Asciutto,Asfaltata,Orizzontale,Sereno,Intenso,Buona,1,0,0,0,12.50093,41.94032,True,,,dir. Stadio alt. via Foce dell'Aniene
,5778401,11,2022-01-13T12:00:00,Strada Urbana,in prossimità,4257,VIA FONTE BUONO,85,Tamponamento,Rettilineo,Una carreggiata a senso unico di marcia,Asciutto,Asfaltata,Verticale ed orizzontale,Sereno,Scarso,Buona,0,0,0,2,12.485670000000001,41.847720000000002,True,,,
,5778021,19,2022-01-13T12:10:00,Strada Urbana,in corrispondenza,2365,VIA DI CASAL DEL MARMO,250,Tamponamento Multiplo,Rettilineo,Una carreggiata a doppio senso,Asciutto,Asfaltata,Verticale ed orizzontale,Sereno,Normale,Buona,1,0,0,2,12.39723,41.951689999999999,True,,,
,5778432,11,2022-01-13T12:20:00,Strada Urbana,in corrispondenza,8040,VIA OSTIENSE,137,Tamponamento,Rettilineo,Più di due carreggiate,Asciutto,Asfaltata,Verticale ed orizzontale,Sereno,Normale,Buona,1,0,0,1,12.47927,41.864130000000003,True,,,
,5778514,5,2022-01-13T12:35:00,Strada Urbana,in prossimità,9322,PIAZZA RICCARDO BALSAMO CRIVELLI,6,Scontro laterale fra veicoli in marcia,Rettilineo,Una carreggiata a doppio senso,Asciutto,Asfaltata,Verticale ed orizzontale,Sereno,Normale,Buona,0,0,0,3,12.55077,41.905290000000001,True,,,
,5778142,10,2022-01-13T12:45:00,Strada Urbana,all'intersezione con,3602,VIA EMILIO LEPIDO,,Scontro frontale/laterale DX fra veicoli in marcia,Intersezione stradale segnalata,Una carreggiata a senso unico di marcia,Asciutto,Asfaltata,Verticale ed orizzontale,Sereno,Scarso,Buona,0,0,0,2,12.561310000000001,41.85821,True,10190,VIA STATILIO TAURO,
,5782274,5,2022-01-13T12:50:00,Strada Urbana,all'intersezione con,6849,VIA DI MARCO SIMONE,,Scontro frontale fra veicoli in marcia,Incrocio,Una carreggiata a doppio senso,Asciutto,Asfaltata,Verticale ed orizzontale,Sereno,Scarso,Buona,0,0,0,2,12.64289,41.951639999999998,True,2810,VIA CINETO ROMANO,
,5778627,3,2022-01-13T13:20:00,Strada Urbana,da specificare,9806,VIALE DELLO SCALO S. LORENZO,,Scontro frontale/laterale DX fra veicoli in marcia,Rettilineo,Più di due carreggiate,Asciutto,Asfaltata,Verticale,Sereno,Normale,Buona,1,0,0,2,12.518039999999999,41.895189999999999,True,,,fronte civico 77
,5777990,19,2022-01-13T13:20:00,Strada Urbana,da specificare,7460,VIA MONTE DEL MARMO,,Tamponamento,Rettilineo,Una carreggiata a doppio senso,Asciutto,Asfaltata,Verticale ed orizzontale,Sereno,Normale,Buona,1,0,0,1,12.386670000000001,41.928519999999999,True,,,altezza Via Castino
,5778389,8,2022-01-13T13:25:00,Strada Urbana,in prossimità,894,VIA DELL'AQUILA REALE,49,Scontro laterale fra veicoli in marcia,Rettilineo,Una carreggiata a doppio senso,Asciutto,Asfaltata,Orizzontale,Sereno,Scarso,Buona,0,0,0,2,12.59605,41.863320000000002,True,,,
,5779956,13,2022-01-13T13:25:00,Strada Urbana,all'intersezione con,11119,VIALE VASCO DE GAMA,,Investimento di pedone,Intersezione semaforizzata,Due carreggiate,Asciutto,Asfaltata,Verticale ed orizzontale,Sereno,Normale,Buona,1,0,0,1,12.27454,41.734639999999999,True,1286,VIA DELLE BALENIERE,
,5778145,10,2022-01-13T13:27:00,Strada Urbana,in prossimità,11746,VIA FRANCESCO BUONAMICI,71,Veicolo in marcia contro veicolo in sosta,Rettilineo,Una carreggiata a doppio senso,Asciutto,Asfaltata,Orizzontale,Sereno,Scarso,Buona,0,0,0,1,12.574009999999999,41.85895,True,,,
,5778709,2,2022-01-13T13:30:00,Strada Urbana,all'intersezione con,4957,VIA GIAMBATTISTA VICO,,Veicolo in marcia contro ostacolo accidentale,Intersezione semaforizzata,Una carreggiata a doppio senso,Asciutto,Asfaltata,Verticale ed orizzontale,Sereno,Scarso,Buona,0,0,0,3,12.47303,41.91639,True,6623,VIA LUISA DI SAVOIA,
,5778026,12,2022-01-13T13:40:00,Strada Urbana,in prossimità,15679,VIA ANDREA MILLEVOI,76,Veicolo in marcia contro ostacolo accidentale,Curva senza visuale libera,Una carreggiata a senso unico di marcia,Viscido da liquidi oleosi,Asfaltata,Verticale ed orizzontale,Sereno,Normale,Buona,0,0,0,1,12.517950000000001,41.82208,True,,,
,5778369,12,2022-01-13T13:55:00,Strada Urbana,in prossimità,1177,VIA AUGUSTO RENZINI,53,Veicolo in marcia contro veicolo fermo,Rettilineo,Due carreggiate,Asciutto,Asfaltata,Assente,Sereno,Scarso,Buona,0,0,0,2,12.443669999999999,41.780380000000001,True,,,
,5778383,8,2022-01-13T14:00:00,Strada Urbana,in prossimità,2403,VIA CASILINA,1777,Tamponamento,Rettilineo,Una carreggiata a doppio senso,Asciutto,Asfaltata,Verticale ed orizzontale,Sereno,Intenso,Buona,1,0,0,1,12.67117,41.863979999999998,True,,,
,5778149,10,2022-01-13T14:04:00,Strada Urbana,all'intersezione semaforizzata con,9485,VIALE DEI ROMANISTI,,Scontro frontale/laterale SX fra veicoli in marcia,Intersezione semaforizzata,Due carreggiate,Asciutto,Asfaltata,Verticale ed orizzontale,Sereno,Normale,Buona,2,0,0,1,12.577540000000001,41.86739,True,8626,VIA PIETRO SOMMARIVA,
,5778510,7,2022-01-13T14:15:00,Strada Urbana,all'intersezione con,5369,LARGO GIROLAMO COCCONI,,Scontro frontale/laterale DX fra veicoli in marcia,Intersezione stradale segnalata,Una carreggiata a doppio senso,Asciutto,Asfaltata,Verticale ed orizzontale,Sereno,Normale,Buona,1,0,0,1,12.56344,41.89349,True,11385,VIA VINCENZO CESATI,
,5778642,3,2022-01-13T14:20:00,Strada Urbana,all'intersezione semaforizzata con,8800,VIALE DEL POLICLINICO,,Scontro frontale/laterale DX fra veicoli in marcia,Intersezione semaforizzata,Una carreggiata a doppio senso,Asciutto,Asfaltata,Verticale ed orizzontale,Sereno,Normale,Buona,0,0,0,2,12.505050000000001,41.908250000000002,True,5374,PIAZZA GIROLAMO FABRIZIO,
,5778539,18,2022-01-13T14:20:00,Strada Urbana,in corrispondenza,3101,PIAZZA CORNELIA,17,Scontro frontale/laterale DX fra veicoli in marcia,Rettilineo,Una carreggiata a doppio senso,Asciutto,Asfaltata,Verticale ed orizzontale,Sole radente,Normale,Buona,1,0,0,1,12.393829999999999,41.906230000000001,True,,,
,5778387,8,2022-01-13T14:20:00,Strada Urbana,in corrispondenza,2936,VIA COLLATINA,726,Tamponamento Multiplo,Rettilineo,Una carreggiata a doppio senso,Asciutto,Asfaltata,Verticale ed orizzontale,Sereno,Intenso,Buona,2,0,0,3,12.64166,41.911639999999998,True,,,
,5778535,5,2022-01-13T14:45:00,Strada Urbana,all'intersezione con,12270,VIA COLLEDIMACINE,,Scontro frontale/laterale DX fra veicoli in marcia,Incrocio,Una carreggiata a doppio senso,Asciutto,Asfaltata,Verticale ed orizzontale,Sereno,Normale,Buona,1,0,0,1,12.64742,41.939129999999999,True,12283,VIA OSTERIA DELLE CAPANNACCE,
,5778378,8,2022-01-13T15:20:00,Strada Urbana,da specificare,2403,VIA CASILINA,,Scontro laterale fra veicoli in marcia,Rettilineo,Una carreggiata a doppio senso,Asciutto,Asfaltata,Assente,Sereno,Intenso,Buona,0,0,0,4,12.62121,41.862589999999997,True,,,fronte civico 1386
,5778636,1,2022-01-13T15:30:00,Strada Urbana,in prossimità,8935,VIA DI PORTA PINCIANA,16,Veicolo in marcia contro veicolo in sosta,Rettilineo,Una carreggiata a senso unico di marcia,Asciutto,Asfaltata,Verticale ed orizzontale,Sereno,Normale,Buona,0,0,0,1,12.48682,41.90813,True,,,
,5778584,20,2022-01-13T15:30:00,Strada Urbana,all'intersezione con,4600,VIA FRASSINETO,,Scontro frontale/laterale DX fra veicoli in marcia,Intersezione stradale segnalata,Una carreggiata a senso unico di marcia,Asciutto,Asfaltata,Verticale ed orizzontale,Sereno,Normale,Sufficiente,0,0,0,2,12.486510000000001,41.999960000000002,True,12321,VIA DORNO,
,5778569,1,2022-01-13T15:45:00,Strada Urbana,da specificare,2818,PIAZZA DEI CINQUECENTO,,Infortunio per caduta del veicolo,Rettilineo,Una carreggiata a senso unico di marcia,Asciutto,In cubetti di porfido,Verticale ed orizzontale,Sereno,Normale,Buona,1,0,0,0,,,False,,,fronte civ 52
,5778167,19,2022-01-13T16:35:00,Strada Urbana,in prossimità,2365,VIA DI CASAL DEL MARMO,212,Scontro frontale fra veicoli in marcia,Rettilineo,Una carreggiata a doppio senso,Asciutto,Asfaltata,Orizzontale,Sereno,Normale,Buona,1,0,0,2,12.400539999999999,41.9542,True,,,
,5778540,10,2022-01-13T16:40:00,Strada Urbana,all'intersezione con,16355,VIA VITTORIO RAGUSA,,Tamponamento,Incrocio,Una carreggiata a senso unico di marcia,Asciutto,Asfaltata,Verticale ed orizzontale,Sereno,Normale,Buona,0,0,0,3,12.607010000000001,41.8489,True,15483,VIA FRANCESCO ANTOLISEI,
,5779618,16,2022-01-13T17:30:00,Strada Urbana,in prossimità,1194,VIA AURELIA,1303,Scontro laterale fra veicoli in marcia,Rettilineo,Una carreggiata a senso unico alternato,Asciutto,Asfaltata,Orizzontale,Sereno,Normale,Buona,1,0,0,1,12.35507,41.881100000000004,True,,,
,5784479,3,2022-01-13T17:30:00,Strada Urbana,in prossimità,6380,VIA LORENZO IL MAGNIFICO,fr.114,Scontro laterale fra veicoli in marcia,Rettilineo,Una carreggiata a doppio senso,Asciutto,Asfaltata,Verticale ed orizzontale,Sereno,Normale,Buona,0,0,0,2,12.525130000000001,41.912140000000001,True,,,
,5778376,1,2022-01-13T17:40:00,Strada Urbana,all'intersezione con,11490,PIAZZA VITTORIO EMANUELE II,,Investimento di pedone,Incrocio,Una carreggiata a doppio senso,Asciutto,Asfaltata,Verticale ed orizzontale,Sereno,Normale,Buona,1,0,0,1,12.50484,41.895119999999999,True,10193,VIA DELLO STATUTO,
,5778546,19,2022-01-13T17:55:00,Strada Urbana,in prossimità,7104,VIA MATTIA BATTISTINI,235,Scontro frontale/laterale SX fra veicoli in marcia,Rettilineo,Una carreggiata a doppio senso,Asciutto,Asfaltata,Verticale ed orizzontale,Sereno,Normale,Buona,1,0,0,1,12.41844,41.915979999999998,True,,,
,5778566,5,2022-01-13T18:14:00,Strada Urbana,da specificare,10478,VIA TIBURTINA,,Tamponamento,Rettilineo,Una carreggiata a doppio senso,Asciutto,Asfaltata,Verticale ed orizzontale,Sereno,Normale,Sufficiente,0,0,0,2,12.57347,41.925530000000002,True,,,prossimità stazione Metro Rebibbia
,5778396,9,2022-01-13T18:25:00,Strada Urbana,all'intersezione con,10450,VIA TERNI,,Scontro frontale/laterale DX fra veicoli in marcia,Incrocio,Due carreggiate,Asciutto,Asfaltata,Verticale ed orizzontale,Sereno,Normale,Buona,1,0,0,1,12.51872,41.885179999999998,True,4222,VIA FOLIGNO,
,5778671,4,2022-01-13T19:00:00,Strada Urbana,in prossimità,13694,VIA GIOVANNI BOCCOMINI,21,Veicolo in marcia contro ostacolo fisso,Rettilineo,Una carreggiata a doppio senso,Asciutto,Asfaltata,Assente,Sereno,Scarso,Sufficiente,0,0,0,1,12.51998,41.965409999999999,True,,,
,5778548,13,2022-01-13T19:05:00,Strada Urbana,all'intersezione con,7008,VIA MAR ROSSO,,Investimento di pedone,Incrocio,Una carreggiata a doppio senso,Asciutto,Asfaltata,Orizzontale,Sereno,Normale,Buona,0,0,1,1,12.299630000000001,41.733260000000001,True,11600,VIA MARE DI BERING,
,5779634,16,2022-01-13T19:05:00,Strada Urbana,in prossimità,1649,VIA DI BRAVETTA,F.C. 2,Scontro laterale fra veicoli in marcia,Curva a visuale libera,Una carreggiata a doppio senso,Asciutto,Asfaltata,Orizzontale,Sereno,Normale,Sufficiente,0,0,0,2,12.425739999999999,41.876199999999997,True,,,
,5778428,9,2022-01-13T19:10:00,Strada Urbana,da specificare,6081,PIAZZALE LABICANO,,Scontro laterale fra veicoli in marcia,Rettilineo,Una carreggiata a senso unico di marcia,Asciutto,Asfaltata,Verticale ed orizzontale,Sereno,Normale,Buona,0,0,0,2,12.515599999999999,41.891249999999999,True,,,prossimità SCALO SAN LORENZO
,5778392,11,2022-01-13T19:10:00,Strada Urbana,in prossimità,8040,VIA OSTIENSE,81 a,Tamponamento,Rettilineo,Più di due carreggiate,Asciutto,Asfaltata,Verticale ed orizzontale,Sereno,Normale,Buona,0,0,0,4,12.48019,41.871549999999999,True,,,
,5778430,15,2022-01-13T19:15:00,Strada Urbana,in corrispondenza,7376,VIA DEL MONTE DELLE CAPRE,36,Tamponamento,Rettilineo,Una carreggiata a doppio senso,Asciutto,Asfaltata,Verticale ed orizzontale,Sereno,Normale,Sufficiente,0,0,0,2,12.431520000000001,41.845149999999997,True,,,
,5778479,19,2022-01-13T19:15:00,Strada Urbana,in prossimità,10655,VIA DI TORREVECCHIA,375,Veicolo in marcia contro veicolo in sosta,Rettilineo,Una carreggiata a doppio senso,Asciutto,Asfaltata,Assente,Sereno,Normale,Buona,0,0,0,1,12.414870000000001,41.925730000000001,True,,,
,5778505,20,2022-01-13T19:35:00,Strada Urbana,all'intersezione con,6861,PIAZZALE MARESCIALLO DIAZ,,Scontro laterale fra veicoli in marcia,Incrocio,Una carreggiata a senso unico di marcia,Asciutto,Asfaltata,Verticale ed orizzontale,Sereno,Scarso,Sufficiente,1,0,0,1,12.462899999999999,41.93506,True,9415,VIA DEI ROBILANT,
,5784483,3,2022-01-13T19:40:00,Strada Urbana,all'intersezione con,1321,VIA BARI,,Scontro laterale fra veicoli in marcia,Intersezione non regolata/non segnalata,Più di due carreggiate,Asciutto,Asfaltata,Verticale ed orizzontale,Sereno,Normale,Sufficiente,1,0,0,1,12.51478,41.910870000000003,True,3145,VIA COSENZA,
,5778511,1,2022-01-13T19:45:00,Strada Urbana,in corrispondenza,3573,VIA EMANUELE FILIBERTO,133,Tamponamento Multiplo,Rettilineo,Una carreggiata a doppio senso,Asciutto,Asfaltata,Verticale ed orizzontale,Sereno,Normale,Sufficiente,1,0,0,2,12.50644,41.890900000000002,True,,,
,5778490,11,2022-01-13T19:50:00,Strada Urbana,in prossimità,5835,VIALE GUGLIELMO MARCONI,885,Scontro laterale fra veicoli in marcia,Rettilineo,Una carreggiata a senso unico di marcia,Asciutto,Asfaltata,Verticale ed orizzontale,Sereno,Scarso,Buona,0,0,0,1,12.47565,41.847830000000002,True,,,
,5778541,4,2022-01-13T20:00:00,Strada Urbana,in prossimità,10950,VIA VAL DI CHIENTI,18,Veicolo in marcia contro veicolo fermo,Rettilineo,Una carreggiata a senso unico di marcia,Asciutto,Asfaltata,Verticale ed orizzontale,Sereno,Scarso,Buona,0,0,0,2,12.52284,41.942630000000001,True,,,
,5778381,8,2022-01-13T21:25:00,Strada Urbana,all'intersezione con,13708,VIALE S. RITA DA CASCIA,,Scontro laterale fra veicoli in marcia,Incrocio,Una carreggiata a doppio senso,Asciutto,Asfaltata,Verticale ed orizzontale,Sereno,Scarso,Buona,0,0,0,3,12.644550000000001,41.868969999999997,True,11288,VIA VILLABATE,
,5778480,1,2022-01-13T22:00:00,Strada Urbana,in prossimità,1971,VIA CAPO D'AFRICA,24/a,Veicolo in marcia contro ostacolo fisso,Rettilineo,Una carreggiata a senso unico di marcia,Asciutto,Asfaltata,Verticale ed orizzontale,Sereno,Scarso,Buona,1,0,0,0,,,False,,,
,5779292,17,2022-01-13T22:30:00,Strada Urbana,all'intersezione con,10542,VIA TOMMASO CAMPANELLA,,Scontro frontale/laterale SX fra veicoli in marcia,Intersezione stradale segnalata,Una carreggiata a senso unico di marcia,Asciutto,Asfaltata,Verticale ed orizzontale,Sereno,Scarso,Buona,1,0,0,1,12.45158,41.910559999999997,True,10776,VIA TRIONFALE,
,5778459,19,2022-01-13T23:00:00,Strada Urbana,all'intersezione con,1547,VIA DI BOCCEA,,Veicolo in marcia contro ostacolo fisso,Incrocio,Una carreggiata a doppio senso,Bagnato (pioggia),Asfaltata,Assente,Sereno,Scarso,Buona,0,0,0,1,12.32343,41.935079999999999,True,7877,VIA OLEGGIO,
,5778384,8,2022-01-13T23:45:00,Strada Urbana,all'intersezione semaforizzata con,2403,VIA CASILINA,,Tamponamento,Incrocio,Una carreggiata a senso unico di marcia,Asciutto,Asfaltata,Verticale ed orizzontale,Sereno,Scarso,Buona,0,0,0,3,12.63228,41.863030000000002,False,10612,VIA DEL TORRACCIO DI TORRENOVA,
,5778656,4,2022-01-13T23:50:00,Strada Urbana,all'intersezione semaforizzata con,9285,VIA RENATO FUCINI,,Scontro frontale/laterale SX fra veicoli in marcia,Intersezione semaforizzata,Due carreggiate,Asciutto,Asfaltata,Verticale ed orizzontale,Sereno,Scarso,Sufficiente,2,0,0,3,12.549569999999999,41.949660000000002,True,6470,VIA LUDOVICO DI BREME,
,5778634,12,2022-01-14T00:05:00,Strada Urbana,in prossimità,8859,VIA DI PONTE LADRONE,64,Veicolo in marcia che urta buche nella carreggiata,Rettilineo,Una carreggiata a doppio senso,Asciutto,Asfaltata,Assente,Sereno,Scarso,Buona,0,0,0,1,12.377470000000001,41.786200000000001,True,,,
,5778520,20,2022-01-14T00:10:00,Regionale entro l'abitato,all'intersezione con,2416,VIA CASSIA,,Scontro frontale/laterale DX fra veicoli in marcia,Incrocio,Una carreggiata a doppio senso,Asciutto,Asfaltata,Verticale ed orizzontale,Sereno,Scarso,Buona,1,0,0,2,12.4137,41.982779999999998,True,2016,VIA DELLA CAPPELLETTA DELLA GIUSTINIANA,
,5778466,19,2022-01-14T00:30:00,Strada Urbana,in prossimità,7581,VIA DEI MONTI DI PRIMAVALLE,103/128,Veicolo in marcia contro veicoli in sosta,Rettilineo,Una carreggiata a doppio senso,Asciutto,Asfaltata,Assente,Sereno,Scarso,Buona,0,0,0,1,12.412789999999999,41.911209999999997,True,,,
,5778700,1,2022-01-14T00:30:00,Strada Urbana,in prossimità,3222,PIAZZA DI S. CROCE IN GERUSALEMME,4,Ribaltamento senza urto contro ostacolo fisso,Rettilineo,Più di due carreggiate,Asciutto,Asfaltata,Verticale ed orizzontale,Sereno,Scarso,Buona,0,0,0,2,,,False,,,
,5778536,18,2022-01-14T01:30:00,Strada Urbana,in prossimità,3100,CIRCONVALLAZIONE CORNELIA,277,Scontro laterale fra veicoli in marcia,Rettilineo,Una carreggiata a senso unico di marcia,Asciutto,Asfaltata,Verticale ed orizzontale,Sereno,Scarso,Sufficiente,0,0,0,3,12.424860000000001,41.904679999999999,True,,,
,5778695,2,2022-01-14T01:30:00,Strada Urbana,da specificare,10711,PIAZZA TRASIMENO,,Ribaltamento senza urto contro ostacolo fisso,Curva a visuale libera,Una carreggiata a senso unico di marcia,Asciutto,Asfaltata,Verticale ed orizzontale,Sereno,Scarso,Buona,0,0,0,1,12.506360000000001,41.918779999999998,True,,,altezza Piazza Trieste
,5778473,9,2022-01-14T02:40:00,Strada Urbana,da specificare,2809,PIAZZA DI CINECITTA',,Scontro laterale fra veicoli in marcia,Rettilineo,Due carreggiate,Asciutto,Asfaltata,Verticale ed orizzontale,Sereno,Scarso,Buona,0,0,0,6,12.56812,41.852939999999997,True,,,FR. ORAZIO PULVILLO
,5779946,8,2022-01-14T03:00:00,Strada Urbana,in corrispondenza,15341,VIA GIOVANNI ARTUSI,15,Veicolo in marcia contro veicoli in sosta,Rettilineo,Una carreggiata a doppio senso,Asciutto,Asfaltata,Assente,Sereno,Scarso,Buona,0,0,0,0,12.62003,41.868299999999998,True,,,
,5779104,19,2022-01-14T06:20:00,Strada Urbana,da specificare,5557,VIA GIUSEPPE GUICCIARDI,,Veicolo in marcia contro ostacolo accidentale,Curva senza visuale libera,Una carreggiata a doppio senso,Ghiacciato,Asfaltata,Orizzontale,Sereno,Scarso,Buona,0,0,0,1,12.40996,41.925310000000003,True,,,prima curva prov. Via Valle dei Fontanili
,5782064,2,2022-01-14T06:40:00,Strada Urbana,all'intersezione con,9703,VIA SAN MARINO,,Veicolo in marcia contro ostacolo fisso,Incrocio,Una carreggiata a senso unico di marcia,Asciutto,Asfaltata,Verticale ed orizzontale,Sereno,Normale,Buona,0,0,0,1,12.511979999999999,41.921579999999999,True,5729,VIA GRADISCA,
,5779925,11,2022-01-14T06:45:00,Strada Urbana,in prossimità,958,VIA ARDEATINA,836,Scontro frontale fra veicoli in marcia,Rettilineo,Una carreggiata a doppio senso,Asciutto,Asfaltata,Orizzontale,Sereno,Normale,Buona,1,0,0,2,12.530760000000001,41.80706,True,,,
,5781982,5,2022-01-14T06:45:00,Strada Urbana,da specificare,10478,VIA TIBURTINA,,Tamponamento Multiplo,Sottopasso illuminato,Più di due carreggiate,Asciutto,Asfaltata,Verticale ed orizzontale,Sereno,Normale,Buona,0,0,0,3,12.5739,41.925739999999998,True,,,alt. sottopasso settecamini direzione roma centro
,5781993,5,2022-01-14T07:30:00,Strada Urbana,da specificare,10478,VIA TIBURTINA,,Scontro laterale fra veicoli in marcia,Rettilineo,Due carreggiate,Asciutto,Asfaltata,Orizzontale,Sereno,Normale,Buona,0,0,0,2,12.5739,41.925739999999998,True,,,prossimità VIA E. B. GIANNI
,5780141,17,2022-01-14T07:30:00,Strada Urbana,in corrispondenza,7279,VIA MOCENIGO,16,Veicolo in marcia contro veicoli in sosta,Rettilineo,Una carreggiata a senso unico di marcia,Asciutto,Asfaltata,Verticale ed orizzontale,Sereno,Normale,Buona,0,0,0,0,12.45158,41.908239999999999,True,,,
,5779097,19,2022-01-14T07:50:00,Strada Urbana,in prossimità,9897,VIA DI SELVA NERA,190,Scontro laterale fra veicoli in marcia,Rettilineo,Una carreggiata a doppio senso,Asciutto,Asfaltata,Assente,Sereno,Scarso,Buona,1,0,0,1,12.36491,41.93533,True,,,
,5779938,11,2022-01-14T07:55:00,Strada Urbana,da specificare,1013,VIA DEGLI ARMATORI,,Infortunio per sola frenata improvvisa,Rettilineo,Una carreggiata a senso unico di marcia,Asciutto,Asfaltata,Assente,Sereno,Scarso,Buona,0,0,0,2,12.48719,41.86139,True,,,FRONTE CIVICO 9
,5778980,15,2022-01-14T08:15:00,Strada Urbana,all'intersezione con,1485,VIA BERNARDINO ZENDRINI,,Investimento di pedone,Incrocio,Una carreggiata a doppio senso,Asciutto,Asfaltata,Verticale ed orizzontale,Sereno,Scarso,Buona,1,0,0,1,12.31564,41.820149999999998,True,3219,VIA CRISTOFORO SABBADINO,
,5779937,11,2022-01-14T08:30:00,Strada Urbana,in prossimità,2215,VIALE CARLO TOMMASO ODESCALCHI,71,Infortunio per caduta del veicolo,Rettilineo,Due carreggiate,Ghiacciato,Asfaltata,Verticale ed orizzontale,Sereno,Normale,Buona,1,0,0,0,12.50009,41.854489999999998,True,,,
,5779336,17,2022-01-14T08:35:00,Strada Urbana,all'intersezione semaforizzata con,2820,PIAZZA DELLE CINQUE GIORNATE,,Scontro frontale/laterale SX fra veicoli in marcia,Intersezione semaforizzata,Una carreggiata a senso unico di marcia,Asciutto,Asfaltata,Verticale ed orizzontale,Sereno,Normale,Buona,1,0,0,1,12.46916,41.914200000000001,True,1017,LUNGOTEVERE DELLE ARMI,
,5782020,16,2022-01-14T08:35:00,Strada Urbana,all'intersezione con,297,VIA DEGLI ALDOBRANDESCHI,,Scontro laterale fra veicoli in marcia,Intersezione stradale segnalata,Una carreggiata a doppio senso,Asciutto,Asfaltata,Assente,Sereno,Normale,Buona,1,0,0,1,12.3987,41.87914,True,11363,VIA DI VILLA TROILI,
,5782985,18,2022-01-14T09:00:00,Strada Urbana,all'intersezione con,5772,VIA GREGORIO VII,,Investimento di pedone,Intersezione non regolata/non segnalata,Più di due carreggiate,Asciutto,Asfaltata,Verticale ed orizzontale,Sereno,Scarso,Buona,1,0,0,1,12.44012,41.895879999999998,True,15416,LARGO CARDINAL CLEMENTE MICARA,
,5779158,2,2022-01-14T09:00:00,Strada Urbana,in prossimità,4295,VIA DEL FORO ITALICO,501,Scontro laterale fra veicoli in marcia,Rettilineo,Due carreggiate,Asciutto,Asfaltata,Orizzontale,Sereno,Intenso,Buona,1,0,1,1,12.49302,41.940429999999999,True,,,
,5779085,19,2022-01-14T09:15:00,Strada Urbana,in prossimità,10655,VIA DI TORREVECCHIA,310,Scontro frontale/laterale SX fra veicoli in marcia,Rettilineo,Una carreggiata a doppio senso,Asciutto,Asfaltata,Orizzontale,Sereno,Normale,Buona,1,0,0,1,12.415469999999999,41.926940000000002,True,,,
,5779940,1,2022-01-14T09:20:00,Strada Urbana,all'intersezione semaforizzata con,6778,VIALE MANZONI,,Scontro frontale/laterale SX fra veicoli in marcia,Intersezione semaforizzata,Più di due carreggiate,Asciutto,Asfaltata,Verticale ed orizzontale,Sereno,Normale,Buona,1,0,0,1,12.50788,41.891309999999997,True,3573,VIA EMANUELE FILIBERTO,
,5779101,9,2022-01-14T09:30:00,Strada Urbana,all'intersezione con,4837,VIA GENZANO,,Scontro frontale/laterale DX fra veicoli in marcia,Intersezione stradale segnalata,Una carreggiata a doppio senso,Asciutto,Asfaltata,Verticale ed orizzontale,Sereno,Normale,Buona,0,0,0,2,12.532249999999999,41.869570000000003,True,231,VIA ALBANO,
,5793507,2,2022-01-14T09:30:00,Strada Urbana,da specificare,7651,VIALE DEL MURO TORTO,,Infortunio per caduta del veicolo,Rettilineo,Due carreggiate,Asciutto,Asfaltata,Verticale ed orizzontale,Sereno,Normale,Sufficiente,0,0,0,1,12.481680000000001,41.910719999999998,True,,,dir. P.le Flaminio pross. ultima curva destrorsa
,5781387,7,2022-01-14T09:40:00,Strada Urbana,all'intersezione con,12174,PIAZZALE PINO PASCALI,,Scontro laterale fra veicoli in marcia,Incrocio,Una carreggiata a doppio senso,Asciutto,Asfaltata,Verticale ed orizzontale,Sereno,Scarso,Buona,0,0,0,2,12.58061,41.89723,True,16356,VIALE FRANCO ANGELI,
,5781507,10,2022-01-14T09:55:00,Strada Urbana,all'intersezione con,10144,VIALE SPARTACO,,Investimento di pedone,Intersezione non regolata/non segnalata,Due carreggiate,Asciutto,Asfaltata,Verticale ed orizzontale,Sereno,Normale,Buona,1,0,0,1,12.55959,41.855289999999997,True,6444,VIA LUCIO ELIO SEIANO,
,5779030,17,2022-01-14T10:00:00,Strada Urbana,all'intersezione con,10752,PIAZZA DEI TRIBUNALI,,Scontro laterale fra veicoli in marcia,Incrocio,Una carreggiata a senso unico di marcia,Asciutto,Asfaltata,Verticale ed orizzontale,Sereno,Normale,Buona,0,0,0,2,12.47086,41.90316,False,10749,VIA TRIBONIANO,
,5779003,6,2022-01-14T10:00:00,Strada Urbana,in prossimità,1394,LARGO BATTIPAGLIA,12,Veicolo in marcia contro veicolo in sosta,Rettilineo,Una carreggiata a senso unico di marcia,Asciutto,Asfaltata,Verticale ed orizzontale,Sereno,Normale,Buona,0,0,0,1,12.55256,41.89141,True,,,
,5779949,8,2022-01-14T10:15:00,Strada Urbana,in prossimità,2403,VIA CASILINA,1585,Tamponamento Multiplo,Rettilineo,Due carreggiate,Asciutto,Asfaltata,Verticale ed orizzontale,Sereno,Intenso,Buona,2,0,0,2,12.63429,41.86345,True,,,
,5779279,19,2022-01-14T10:30:00,Strada Urbana,all'intersezione con,1283,VIA DELLA BALDUINA,,Investimento di pedone,Incrocio,Una carreggiata a doppio senso,Asciutto,Asfaltata,Verticale,Sereno,Normale,Buona,1,0,0,1,12.44035,41.920670000000001,True,1133,VIA ATTILIO FRIGGERI,
,5779055,12,2022-01-14T10:40:00,Provinciale entro l'abitato,all'intersezione con,8040,VIA OSTIENSE,,Infortunio per caduta del veicolo,Intersezione stradale segnalata,Due carreggiate,Asciutto,Asfaltata,Verticale ed orizzontale,Sereno,Normale,Buona,1,0,0,0,12.45392,41.832920000000001,True,7419,VIA MONTE DEL FINOCCHIO,
,5780007,13,2022-01-14T10:40:00,Strada Urbana,all'intersezione con,9481,VIALE DEI ROMAGNOLI,,Scontro frontale fra veicoli in marcia,Incrocio,Una carreggiata a doppio senso,Asciutto,Asfaltata,Verticale ed orizzontale,Sereno,Normale,Buona,1,0,0,1,12.35737,41.782629999999997,True,11311,PIAZZA DEL VILLAGGIO DI S. FRANCESCO,
,5779672,10,2022-01-14T10:45:00,Strada Urbana,all'intersezione con,6854,VIA MARCO VALERIO CORVO,,Scontro frontale fra veicoli in marcia,Incrocio,Una carreggiata a senso unico di marcia,Asciutto,Asfaltata,Verticale ed orizzontale,Sereno,Normale,Buona,1,0,0,0,12.55805,41.857729999999997,True,10977,VIA VALERIO PUBLICOLA,
,5782069,2,2022-01-14T11:00:00,Strada Urbana,all'intersezione con,9069,VIA DI PRISCILLA,,Scontro laterale fra veicoli in marcia,Incrocio,Una carreggiata a doppio senso,Asciutto,Asfaltata,Verticale ed orizzontale,Sereno,Normale,Buona,0,0,0,2,12.510450000000001,41.930700000000002,True,7835,VIA DI NOVELLA,
,5782005,5,2022-01-14T11:00:00,Strada Urbana,all'intersezione con,7382,VIA MONTECAROTTO,,Scontro frontale/laterale DX fra veicoli in marcia,Incrocio,Una carreggiata a doppio senso,Asciutto,Asfaltata,Verticale ed orizzontale,Sereno,Normale,Buona,0,0,0,2,12.58132,41.941920000000003,True,3125,VIA CORRIDONIA,
,5780055,10,2022-01-14T11:00:00,Strada Urbana,all'intersezione semaforizzata con,9860,VIA SCRIBONIO CURIONE,,Infortunio per sola frenata improvvisa,Intersezione semaforizzata,Due carreggiate,Asciutto,Asfaltata,Verticale ed orizzontale,Sereno,Normale,Buona,0,0,0,3,12.55382,41.86365,True,3056,VIALE DEI CONSOLI,
,5779947,13,2022-01-14T11:00:00,Strada Urbana,in prossimità,5606,VIA GIUSEPPE NICOLINI,23,Veicolo in marcia che urta buche nella carreggiata,Rettilineo,Una carreggiata a doppio senso,Asciutto,Asfaltata,Assente,Sereno,Normale,Buona,0,0,0,2,12.35614,41.728180000000002,True,,,
,5780014,4,2022-01-14T11:00:00,Strada Urbana,in corrispondenza,3293,VIA DARIO NICCODEMI,16,Scontro laterale fra veicoli in marcia,Rettilineo,Una carreggiata a doppio senso,Asciutto,Asfaltata,Verticale ed orizzontale,Sereno,Normale,Buona,0,0,0,5,12.54776,41.952159999999999,True,,,
,5784492,3,2022-01-14T11:00:00,Strada Urbana,in prossimità,7816,VIA NOMENTANA,4,Scontro laterale fra veicoli in marcia,Rettilineo,Più di due carreggiate,Asciutto,Asfaltata,Verticale ed orizzontale,Sereno,Normale,Buona,1,0,0,1,12.50493,41.909910000000004,True,,,
,5780090,17,2022-01-14T11:10:00,Strada Urbana,in prossimità,3037,VIA DELLA CONCILIAZIONE,4E,Veicolo in marcia contro veicolo in sosta,Rettilineo,Più di due carreggiate,Asciutto,In cubetti di porfido,Verticale ed orizzontale,Sereno,Normale,Buona,0,0,0,1,12.46359,41.903010000000002,True,,,
,5779309,19,2022-01-14T11:15:00,Strada Urbana,in corrispondenza,12774,VIA SEGRATE,49,Scontro laterale fra veicoli in marcia,Curva a visuale libera,Una carreggiata a senso unico di marcia,Asciutto,Asfaltata,Assente,Sereno,Scarso,Buona,0,0,0,4,12.385389999999999,41.942979999999999,True,,,
,5782604,12,2022-01-14T11:20:00,Strada Urbana,all'intersezione con,3309,VIA DI DECIMA,,Scontro laterale fra veicoli in marcia,Incrocio,Una carreggiata a doppio senso,Asciutto,Asfaltata,Verticale ed orizzontale,Sereno,Scarso,Buona,0,0,0,2,12.451560000000001,41.815089999999998,True,2547,VIA CATERINA TROIANI,
,5780097,4,2022-01-14T11:25:00,Strada Urbana,all'intersezione con,2000405,VIALE FRANCO ARCALLI,,Scontro laterale fra veicoli in marcia,Rotatoria,Una carreggiata a senso unico di marcia,Asciutto,Asfaltata,Verticale ed orizzontale,Sereno,Normale,Buona,1,0,0,2,12.54222,41.970880000000001,True,2000404,VIA ELSA DE' GIORGI,
,5782013,5,2022-01-14T11:30:00,Strada Urbana,all'intersezione con,8499,VIA DI PIETRALATA,,Veicolo in marcia contro treno,Incrocio,Una carreggiata a doppio senso,Asciutto,Asfaltata,Verticale ed orizzontale,Sereno,Normale,Buona,1,0,0,1,12.546889999999999,41.921340000000001,True,14964,VIA PAN,
,5782576,12,2022-01-14T11:30:00,Strada Urbana,da specificare,3762,VIALE DEGLI EROI DI CEFALONIA,,Scontro laterale fra veicoli in marcia,Rettilineo,Una carreggiata a senso unico di marcia,Asciutto,Asfaltata,Verticale ed orizzontale,Sereno,Scarso,Buona,0,0,0,2,12.43909,41.780650000000001,True,,,altezza svincolo complanare via Pontina dir. Roma
,5780168,17,2022-01-14T11:45:00,Strada Urbana,all'intersezione con,1920,VIA CANDIA,,Veicolo in marcia contro veicolo fermo,Intersezione stradale segnalata,Una carreggiata a senso unico di marcia,Asciutto,Asfaltata,Verticale ed orizzontale,Sereno,Intenso,Buona,0,0,0,2,12.452669999999999,41.908070000000002,True,10815,VIA TUNISI,
,5782032,5,2022-01-14T12:20:00,Strada Urbana,in prossimità,15758,VIA DONATO MENICHELLA,142,Fuoriuscita dalla sede stradale,Rettilineo,Una carreggiata a senso unico di marcia,Asciutto,Asfaltata,Verticale ed orizzontale,Sereno,Normale,Buona,0,0,0,1,12.58558,41.94802,True,,,
,5782036,16,2022-01-14T12:35:00,Strada Urbana,in prossimità,7551,VIA DI MONTE VERDE,76,Scontro laterale fra veicoli in marcia,Rettilineo,Una carreggiata a senso unico di marcia,Asciutto,Asfaltata,Verticale ed orizzontale,Sereno,Normale,Buona,0,0,0,2,12.45124,41.871420000000001,True,,,
,5782762,18,2022-01-14T12:40:00,Strada Urbana,all'intersezione con,529,VIA ANASTASIO II,,Scontro frontale/laterale SX fra veicoli in marcia,Intersezione non regolata/non segnalata,Più di due carreggiate,Asciutto,Asfaltata,Verticale ed orizzontale,Sereno,Normale,Buona,0,0,1,1,12.442489999999999,41.899889999999999,True,2069,VIA CARDINALE TRIPEPI,
,5780049,13,2022-01-14T13:15:00,Strada Urbana,in corrispondenza,7151,VIA MENANDRO,32,Scontro frontale/laterale SX fra veicoli in marcia,Rettilineo,Due carreggiate,Asciutto,Asfaltata,Verticale ed orizzontale,Sereno,Scarso,Buona,0,0,0,3,12.371880000000001,41.770829999999997,True,,,
,5782627,12,2022-01-14T14:10:00,Strada Urbana,in prossimità,11980,PIAZZA BEATA VERGINE DEL CARMELO,10,Scontro laterale fra veicoli in marcia,Rettilineo,Una carreggiata a senso unico di marcia,Asciutto,Asfaltata,Orizzontale,Sereno,Normale,Buona,0,0,0,3,12.44403,41.808410000000002,True,,,
,5780062,1,2022-01-14T14:15:00,Strada Urbana,in prossimità,2818,PIAZZA DEI CINQUECENTO,46,Scontro laterale fra veicoli in marcia,Rettilineo,Una carreggiata a senso unico di marcia,Asciutto,Asfaltata,Verticale ed orizzontale,Sereno,Normale,Buona,0,0,0,2,12.50018,41.900640000000003,True,,,
,5779303,6,2022-01-14T14:30:00,Strada Urbana,da specificare,6083,VIA LABICO,,Scontro laterale fra veicoli in marcia,Rettilineo,Una carreggiata a senso unico di marcia,Asciutto,Asfaltata,Assente,Sereno,Scarso,Buona,2,0,0,1,12.5451,41.882370000000002,True,,,a m. 20 dall'incrocio con via Policastro
,5782895,17,2022-01-14T14:30:00,Strada Urbana,in prossimità,10155,BORGO S. SPIRITO,6,Veicolo in marcia contro veicolo in sosta,Rettilineo,Una carreggiata a senso unico di marcia,Asciutto,In cubetti di porfido,Verticale ed orizzontale,Sereno,Scarso,Buona,0,0,0,0,12.46017,41.901429999999998,False,,,
,5780061,13,2022-01-14T14:30:00,Strada Urbana,all'intersezione con,6720,VIA MAIERATO,,Scontro frontale/laterale DX fra veicoli in marcia,Incrocio,Una carreggiata a doppio senso,Asciutto,Asfaltata,Verticale ed orizzontale,Sereno,Normale,Buona,0,0,0,3,12.37698,41.793489999999998,True,6719,VIA MAIERA',
,5782066,5,2022-01-14T14:35:00,Strada Urbana,in prossimità,15802,VIA S.GIOVANNI IN ARGENTELLA,140,Scontro frontale/laterale DX fra veicoli in marcia,Rettilineo,Una carreggiata a doppio senso,Asciutto,Asfaltata,Assente,Sereno,Scarso,Buona,0,0,0,3,12.60013,41.950240000000001,True,,,
,5779929,20,2022-01-14T14:40:00,Strada Urbana,in prossimità,4184,VIA FLAMINIA,872,Scontro laterale fra veicoli in marcia,Rettilineo,Due carreggiate,Asciutto,Asfaltata,Orizzontale,Sereno,Intenso,Buona,0,0,0,3,12.485620000000001,41.955399999999997,True,,,
,5782094,19,2022-01-14T15:00:00,Strada Urbana,in prossimità,10655,VIA DI TORREVECCHIA,574,Tamponamento,Rettilineo,Una carreggiata a doppio senso,Asciutto,Asfaltata,Verticale ed orizzontale,Sereno,Normale,Buona,0,0,0,4,12.41226,41.923520000000003,True,,,
,5782082,5,2022-01-14T15:30:00,Strada Urbana,in prossimità,8962,VIA DI PORTONACCIO,52,Scontro laterale fra veicoli in marcia,Rettilineo,Una carreggiata a doppio senso,Asciutto,Asfaltata,Orizzontale,Sereno,Normale,Buona,0,0,0,2,12.53604,41.902900000000002,True,,,
,5779955,8,2022-01-14T15:30:00,Strada Urbana,all'intersezione con,10011,VIA SICULIANA,,Scontro frontale/laterale DX fra veicoli in marcia,Incrocio,Una carreggiata a doppio senso,Asciutto,Asfaltata,Verticale ed orizzontale,Sereno,Normale,Buona,1,0,0,2,12.66119,41.864809999999999,True,2403,VIA CASILINA,
,5779957,8,2022-01-14T15:30:00,Strada Urbana,all'intersezione con,10612,VIA DEL TORRACCIO DI TORRENOVA,,Veicolo in marcia contro veicolo arresto,Intersezione stradale segnalata,Una carreggiata a doppio senso,Asciutto,Asfaltata,Verticale ed orizzontale,Sereno,Intenso,Buona,0,0,0,2,12.62588,41.868400000000001,True,7933,VIA ORAZIO BORGIANNI,
,5779508,12,2022-01-14T15:45:00,Strada Urbana,da specificare,6165,VIA LAURENTINA,,Scontro laterale fra veicoli in marcia,Rotatoria,Una carreggiata a senso unico di marcia,Asciutto,Asfaltata,Verticale ed orizzontale,Sereno,Normale,Buona,0,0,0,2,12.485609999999999,41.810319999999997,True,,,intersezione rotatoria Via di Trigoria
,5779616,6,2022-01-14T16:15:00,Strada Urbana,all'intersezione con,2936,VIA COLLATINA,,Scontro laterale fra veicoli in marcia,Incrocio,Una carreggiata a doppio senso,Asciutto,Asfaltata,Verticale ed orizzontale,Sereno,Normale,Buona,0,0,0,3,12.56283,41.896360000000001,True,3358,VIA DINO PENAZZATO,
,5779420,6,2022-01-14T16:20:00,Strada Urbana,in corrispondenza,6013,VIA ISIDORO DI CARACE,9,Veicolo in marcia contro veicolo in sosta,Rettilineo,Una carreggiata a senso unico di marcia,Asciutto,Asfaltata,Orizzontale,Sereno,Normale,Buona,0,0,0,1,12.538220000000001,41.885249999999999,True,,,
,5782028,19,2022-01-14T16:20:00,Strada Urbana,da specificare,4992,VIA GIANNINA MILLI,,Veicolo in marcia contro veicolo in sosta,Rettilineo,Una carreggiata a senso unico di marcia,Asciutto,Asfaltata,Orizzontale,Sereno,Normale,Buona,0,0,0,0,12.421419999999999,41.943069999999999,True,,,fronte civ. 1
,5782156,19,2022-01-14T16:30:00,Strada Urbana,in prossimità,6351,VIA LODOVICO JACOBINI,2,Veicolo in marcia contro veicolo in sosta,Rettilineo,Una carreggiata a senso unico di marcia,Asciutto,Asfaltata,Verticale ed orizzontale,Sereno,Scarso,Buona,0,0,0,0,12.41531,41.920160000000003,True,,,
,5779612,2,2022-01-14T16:50:00,Strada Urbana,all'intersezione con,11315,VIA DI VILLA GIULIA,,Tamponamento,Incrocio,Una carreggiata a senso unico di marcia,Asciutto,Asfaltata,Verticale ed orizzontale,Sereno,Normale,Buona,1,0,0,1,12.475379999999999,41.918320000000001,True,11314,PIAZZALE DI VILLA GIULIA,
,5779965,1,2022-01-14T17:00:00,Strada Urbana,in prossimità,671,VIA DEGLI ANNIBALDI,11,Scontro laterale fra veicoli in marcia,Rettilineo,Una carreggiata a senso unico di marcia,Asciutto,Asfaltata,Verticale ed orizzontale,Sereno,Normale,Buona,0,0,0,2,,,False,,,
,5782712,18,2022-01-14T17:15:00,Statale,in prossimità,1194,VIA AURELIA,9.7,Tamponamento Multiplo,Rettilineo,Due carreggiate,Asciutto,Asfaltata,Verticale ed orizzontale,Sereno,Normale,Buona,0,0,0,3,12.401160000000001,41.886099999999999,True,,,
,5780304,17,2022-01-14T17:30:00,Strada Urbana,in corrispondenza,2916,PIAZZALE CLODIO,FR. 1,Scontro laterale fra veicoli in marcia,Rettilineo,Una carreggiata a senso unico di marcia,Asciutto,Asfaltata,Verticale ed orizzontale,Sereno,Normale,Buona,1,0,0,1,12.45661,41.918059999999997,True,,,
,5781402,7,2022-01-14T17:50:00,Strada Urbana,all'intersezione con,9040,VIA PRENESTINA,,Scontro frontale/laterale DX fra veicoli in marcia,Intersezione semaforizzata,Due carreggiate,Asciutto,Asfaltata,Verticale ed orizzontale,Sereno,Normale,Buona,0,0,0,2,12.571709999999999,41.895220000000002,True,2000956,VIA GIACOMO MANCINI,
,5779950,11,2022-01-14T17:50:00,Strada Urbana,all'intersezione semaforizzata con,8040,VIA OSTIENSE,,Scontro frontale/laterale SX fra veicoli in marcia,Intersezione semaforizzata,Due carreggiate,Asciutto,Asfaltata,Verticale ed orizzontale,Sereno,Normale,Sufficiente,2,0,0,1,12.42292,41.810850000000002,True,10044,VIA SILVIO D'AMICO,
,5782099,5,2022-01-14T18:10:00,Strada Urbana,in prossimità,11909,VIALE BATTISTA BARDANZELLU,90,Investimento di pedone,Rettilineo,Più di due carreggiate,Asciutto,Asfaltata,Verticale ed orizzontale,Sereno,Scarso,Buona,1,0,0,1,12.57527,41.915019999999998,True,,,
,5782119,5,2022-01-14T18:15:00,Strada Urbana,all'intersezione con,10478,VIA TIBURTINA,,Tamponamento,Rotatoria,Una carreggiata a senso unico di marcia,Asciutto,Asfaltata,Verticale ed orizzontale,Sereno,Normale,Buona,0,0,0,2,12.5739,41.925739999999998,True,9546,VIA RUBELLIA,
,5782071,2,2022-01-14T18:20:00,Strada Urbana,da specificare,10109,LARGO SOMALIA,,Ribaltamento senza urto contro ostacolo fisso,Rettilineo,Una carreggiata a doppio senso,Asciutto,Asfaltata,Verticale ed orizzontale,Sereno,Normale,Buona,0,0,0,1,12.515140000000001,41.935960000000001,True,,,fronte via Felice Anerio
,5781522,10,2022-01-14T18:35:00,Strada Urbana,all'intersezione con,2370,VIA DI CASAL MORENA,,Scontro frontale/laterale SX fra veicoli in marcia,Intersezione stradale segnalata,Una carreggiata a doppio senso,Asciutto,Asfaltata,Verticale ed orizzontale,Sereno,Normale,Buona,0,0,0,2,12.61767,41.829500000000003,True,15614,LARGO ALESSANDRIA DEL CARRETTO,
,5779960,8,2022-01-14T18:40:00,Strada Urbana,all'intersezione con,10637,VIA DI TORRENOVA,,Scontro frontale/laterale SX fra veicoli in marcia,Incrocio,Una carreggiata a doppio senso,Asciutto,Asfaltata,Verticale ed orizzontale,Sereno,Normale,Buona,1,0,0,1,12.618259999999999,41.878219999999999,True,2403,VIA CASILINA,
,5779866,9,2022-01-14T18:40:00,Strada Urbana,in prossimità,13,VIA ACAIA,48,Tamponamento,Rettilineo,Una carreggiata a doppio senso,Asciutto,Asfaltata,Verticale ed orizzontale,Sereno,Intenso,Buona,3,0,0,2,12.507849999999999,41.876469999999998,True,,,
,5780086,13,2022-01-14T18:45:00,Strada Urbana,all'intersezione con,9301,VIALE DELLE REPUBBLICHE MARINARE,,Tamponamento,Incrocio,Una carreggiata a senso unico di marcia,Asciutto,Asfaltata,Verticale ed orizzontale,Sereno,Normale,Buona,0,0,0,3,12.2682,41.735010000000003,True,6811,VIA MARCELLO PUCCI BONCAMBI,
,5784500,3,2022-01-14T18:50:00,Strada Urbana,da specificare,12300,PIAZZALE ALDO MORO,,Scontro laterale fra veicoli in marcia,Rettilineo,Due carreggiate,Asciutto,Asfaltata,Assente,Sereno,Scarso,Sufficiente,0,0,0,3,12.512169999999999,41.901229999999998,True,,,fronte civico 15
,5780191,17,2022-01-14T18:50:00,Strada Urbana,in corrispondenza,3205,VIA CRESCENZIO,48,Veicolo in marcia contro veicolo fermo,Rettilineo,Una carreggiata a doppio senso,Asciutto,Asfaltata,Verticale ed orizzontale,Sereno,Normale,Buona,0,0,0,3,12.46378,41.905839999999998,True,,,
,5779978,20,2022-01-14T18:50:00,Strada Urbana,da specificare,7999,VIA DEGLI ORTI DELLA FARNESINA,,Tamponamento,Rettilineo,Una carreggiata a doppio senso,Asciutto,Asfaltata,Verticale ed orizzontale,Sereno,Normale,Buona,0,0,0,2,12.46312,41.940530000000003,True,,,fronte civico 12
,5779939,20,2022-01-14T19:00:00,Strada Urbana,in corrispondenza,2869,VIA CIVITELLA D'AGLIANO,19,Veicolo in marcia contro veicolo in sosta,Rettilineo,Una carreggiata a doppio senso,Asciutto,Asfaltata,Verticale ed orizzontale,Sereno,Scarso,Buona,0,0,0,0,12.472289999999999,41.947949999999999,True,,,
,5781589,7,2022-01-14T19:15:00,Strada Urbana,da specificare,11904,VIALE PALMIRO TOGLIATTI,,Tamponamento Multiplo,Rettilineo,Due carreggiate,Asciutto,Asfaltata,Verticale ed orizzontale,Sereno,Normale,Buona,0,0,0,4,12.573079999999999,41.883369999999999,True,,,ALTEZZA VIA DEI SESAMI
,5780142,13,2022-01-14T19:20:00,Strada Urbana,all'intersezione con,9274,CORSO REGINA MARIA PIA,,Scontro frontale/laterale DX fra veicoli in marcia,Incrocio,Una carreggiata a doppio senso,Asciutto,Asfaltata,Verticale ed orizzontale,Sereno,Normale,Buona,1,0,0,1,12.2845,41.729520000000001,True,6518,VIA LUIGI BORSARI,
,5779868,9,2022-01-14T19:35:00,Strada Urbana,all'intersezione con,10829,PIAZZA TUSCOLO,,Scontro laterale fra veicoli in marcia,Intersezione stradale segnalata,Una carreggiata a doppio senso,Asciutto,Asfaltata,Verticale ed orizzontale,Sereno,Normale,Buona,0,0,0,4,12.50853,41.88008,True,3782,VIA ETRURIA,
,5780008,1,2022-01-14T19:45:00,Strada Urbana,all'intersezione con,5756,VIA DELLA GRECA,,Scontro frontale fra veicoli in marcia,Intersezione semaforizzata,Più di due carreggiate,Asciutto,Asfaltata,Verticale ed orizzontale,Sereno,Intenso,Sufficiente,0,0,0,5,12.4816,41.887610000000002,True,1545,PIAZZA DELLA BOCCA DELLA VERITA',
,5780166,13,2022-01-14T19:50:00,Strada Urbana,da specificare,3216,VIA CRISTOFORO COLOMBO,,Tamponamento Multiplo,Rettilineo,Una carreggiata a senso unico di marcia,Asciutto,Asfaltata,Orizzontale,Sereno,Normale,Sufficiente,4,0,0,5,12.41151,41.785829999999997,True,,,altezza Via Arturo Toscanini
,5781541,10,2022-01-14T20:00:00,Strada Urbana,in corrispondenza,10827,VIA TUSCOLANA,1191,Tamponamento,Rettilineo,Due carreggiate,Asciutto,Asfaltata,Verticale ed orizzontale,Sereno,Normale,Sufficiente,1,0,0,3,12.59653,41.838189999999997,True,,,
,5780221,13,2022-01-14T20:30:00,Strada Urbana,all'intersezione con,9274,CORSO REGINA MARIA PIA,,Scontro frontale/laterale DX fra veicoli in marcia,Incrocio,Una carreggiata a doppio senso,Asciutto,Asfaltata,Verticale ed orizzontale,Sereno,Scarso,Sufficiente,0,0,0,4,12.28206,41.730440000000002,True,7685,VIA DEI NAVICELLARI,
,5782129,19,2022-01-14T20:30:00,Strada Urbana,all'intersezione con,10509,VIALE TITO LIVIO,,Scontro frontale/laterale SX fra veicoli in marcia,Intersezione stradale segnalata,Una carreggiata a senso unico di marcia,Asciutto,Asfaltata,Verticale,Sereno,Scarso,Buona,1,0,0,1,12.44441,41.919310000000003,True,11145,VIA VENANZIO FORTUNATO,
,5780227,17,2022-01-14T21:15:00,Strada Urbana,all'intersezione con,1920,VIA CANDIA,,Scontro frontale/laterale DX fra veicoli in marcia,Intersezione stradale segnalata,Una carreggiata a senso unico di marcia,Asciutto,Asfaltata,Verticale ed orizzontale,Sereno,Scarso,Buona,1,0,0,3,12.45382,41.908349999999999,True,9726,VIA SANTAMAURA,
,5779893,9,2022-01-14T21:30:00,Strada Urbana,all'intersezione con,10547,VIA TOMMASO FORTIFIOCCA,,Scontro frontale/laterale DX fra veicoli in marcia,Incrocio,Una carreggiata a doppio senso,Asciutto,Asfaltata,Verticale ed orizzontale,Sereno,Normale,Buona,1,0,0,2,12.522169999999999,41.871299999999998,True,2134,VIA CARLO DENINA,
,5782084,5,2022-01-14T22:15:00,Strada Urbana,all'intersezione semaforizzata con,10478,VIA TIBURTINA,,Scontro frontale/laterale SX fra veicoli in marcia,Incrocio,Più di due carreggiate,Asciutto,Asfaltata,Verticale ed orizzontale,Sereno,Scarso,Buona,1,0,0,1,12.542669999999999,41.908560000000001,True,4734,VIA GALLA PLACIDIA,
,5779964,8,2022-01-14T22:20:00,Strada Urbana,in corrispondenza,5664,VIA GIUSEPPE TORALDO,98,Scontro laterale fra veicoli in marcia,Rettilineo,Una carreggiata a doppio senso,Asciutto,Asfaltata,Assente,Sereno,Scarso,Buona,0,0,0,2,12.62299,41.864579999999997,True,,,
,5785665,3,2022-01-14T22:45:00,Strada Urbana,all'intersezione con,9762,VIA DEI SARDI,,Scontro laterale fra veicoli in marcia,Incrocio,Una carreggiata a senso unico di marcia,Asciutto,Asfaltata,Assente,Sereno,Normale,Buona,0,0,0,1,12.51651,41.897010000000002,False,3629,VIA DEGLI ENOTRI,
,5782075,2,2022-01-14T22:50:00,Strada Urbana,da specificare,9609,VIA SALARIA,,Scontro laterale fra veicoli in marcia,Rettilineo,Una carreggiata a doppio senso,Asciutto,Asfaltata,Orizzontale,Sereno,Scarso,Sufficiente,0,0,0,5,12.5115,41.987349999999999,True,,,km 16 alt. distributore IP dir. Monterotondo
,5782052,16,2022-01-14T23:10:00,Strada Urbana,all'intersezione con,2986,VIALE DEI COLLI PORTUENSI,,Tamponamento Multiplo,Incrocio,Due carreggiate,Asciutto,Asfaltata,Verticale ed orizzontale,Sereno,Scarso,Buona,1,0,0,3,12.444050000000001,41.866630000000001,True,130,VIA ADOLFO GANDIGLIO,
,5780050,4,2022-01-14T23:20:00,Strada Urbana,all'intersezione semaforizzata con,6068,VIALE JONIO,,Scontro frontale/laterale DX fra veicoli in marcia,Intersezione semaforizzata,Due carreggiate,Asciutto,Asfaltata,Orizzontale,Sereno,Normale,Buona,2,0,0,1,12.53265,41.945680000000003,True,2018,VIA CAPRAIA,
,5779766,7,2022-01-14T23:20:00,Strada Urbana,all'intersezione con,4809,VIA DEI GELSI,,Scontro frontale/laterale SX fra veicoli in marcia,Incrocio,Due carreggiate,Asciutto,Asfaltata,Verticale ed orizzontale,Sereno,Scarso,Buona,0,0,0,3,12.571999999999999,41.889830000000003,True,13906,VIA DELLA SAGGINA,
,5779970,11,2022-01-15T00:00:00,Strada Urbana,all'intersezione semaforizzata con,8193,LUNGOTEVERE DI S. PAOLO,,Veicolo in marcia contro ostacolo fisso,Intersezione semaforizzata,Due carreggiate,Asciutto,Asfaltata,Verticale ed orizzontale,Sereno,Scarso,Buona,1,0,0,0,12.47593,41.860509999999998,True,8196,VIALE DI S. PAOLO,
,5782163,5,2022-01-15T00:45:00,Strada Urbana,in prossimità,10478,VIA TIBURTINA,1578,Veicolo in marcia che urta buche nella carreggiata,Rettilineo,Una carreggiata a doppio senso,Asciutto,Asfaltata,Verticale ed orizzontale,Sereno,Scarso,Buona,0,0,0,1,12.643330000000001,41.941609999999997,True,,,
,5780023,20,2022-01-15T01:15:00,Strada Urbana,in prossimità,7966,VIA ORIOLO ROMANO,50,Fuoriuscita dalla sede stradale,Curva senza visuale libera,Una carreggiata a doppio senso,Asciutto,Asfaltata,Orizzontale,Sereno,Scarso,Sufficiente,0,0,0,0,12.461449999999999,41.961649999999999,True,,,
,5781458,18,2022-01-15T01:15:00,Strada Urbana,in corrispondenza,8666,VIA DELLA PINETA SACCHETTI,101/a,Veicolo in marcia contro veicoli in sosta,Curva senza visuale libera,Una carreggiata a doppio senso,Asciutto,Asfaltata,Verticale ed orizzontale,Sereno,Scarso,Buona,1,0,0,1,12.422230000000001,41.914900000000003,True,,,
,5784504,3,2022-01-15T01:15:00,Strada Urbana,da specificare,3449,PIAZZALE DON GIOVANNI MINZONI,,Infortunio per sola frenata improvvisa,Rotatoria,Una carreggiata a senso unico di marcia,Asciutto,Asfaltata,Verticale ed orizzontale,Sereno,Normale,Buona,1,0,0,0,12.48019,41.920810000000003,False,,,fronte via g. denotaris
,5779833,7,2022-01-15T02:00:00,Strada Urbana,da specificare,9052,VIALE DELLA PRIMAVERA,,Veicolo in marcia contro veicoli in sosta,Rettilineo,Due carreggiate,Asciutto,Asfaltata,Assente,Sereno,Normale,Buona,0,0,0,9,12.56108,41.884349999999998,True,,,all'altezza Via delle Albizzie
,5779847,12,2022-01-15T02:20:00,Provinciale entro l'abitato,all'intersezione semaforizzata con,6165,VIA LAURENTINA,,Scontro frontale/laterale DX fra veicoli in marcia,Intersezione semaforizzata,Due carreggiate,Asciutto,Asfaltata,Verticale ed orizzontale,Sereno,Scarso,Buona,0,0,0,3,12.485609999999999,41.810319999999997,True,75,VIA DI ACQUA ACETOSA OSTIENSE,
,5780186,23,2022-01-15T02:40:00,Strada Urbana,in prossimità,2416,VIA CASSIA,952,Veicolo in marcia contro ostacolo fisso,Rettilineo,Una carreggiata a doppio senso,Asciutto,Asfaltata,Verticale ed orizzontale,Sereno,Scarso,Buona,0,0,0,1,12.43228,41.972360000000002,False,,,
,5782486,10,2022-01-15T03:30:00,Strada Urbana,in corrispondenza,6839,VIALE MARCO FULVIO NOBILIORE,51,Veicolo in marcia contro veicolo in sosta,Rettilineo,Due carreggiate,Asciutto,Asfaltata,Verticale ed orizzontale,Sereno,Normale,Buona,0,0,0,4,12.56344,41.85763,True,,,
,5780073,12,2022-01-15T07:50:00,Regionale entro l'abitato,in corrispondenza,8887,VIA PONTINA,14,Scontro laterale fra veicoli in marcia,Curva a visuale libera,Due carreggiate,Asciutto,Asfaltata,Verticale ed orizzontale,Sereno,Normale,Buona,0,0,0,3,12.45091,41.788980000000002,True,,,
,5782182,19,2022-01-15T08:30:00,Strada Urbana,in prossimità,8602,VIA PIETRO PAOLO VERGERIO,63,Infortunio per sola frenata improvvisa,Rettilineo,Una carreggiata a senso unico di marcia,Bagnato (umidità in atto),Asfaltata,Assente,Sereno,Scarso,Buona,0,0,0,1,12.429180000000001,41.943600000000004,True,,,
,5781906,4,2022-01-15T08:54:00,Strada Urbana,all'intersezione con,2000376,VIALE CARMELO BENE,,Scontro frontale/laterale DX fra veicoli in marcia,Rotatoria,Una carreggiata a senso unico di marcia,Asciutto,Asfaltata,Verticale ed orizzontale,Sereno,Normale,Buona,0,0,0,2,12.53369,41.975099999999998,True,2000404,VIA ELSA DE' GIORGI,
,5784509,3,2022-01-15T09:00:00,Strada Urbana,in prossimità,7015,VIA DELLA MARSICA,19,Veicolo in marcia contro veicoli in sosta,Rettilineo,Due carreggiate,Asciutto,Asfaltata,Verticale ed orizzontale,Sereno,Normale,Buona,0,0,0,0,12.52547,41.917119999999997,True,,,
,5780311,2,2022-01-15T09:00:00,Strada Urbana,in prossimità,931,VIA ARCHIMEDE,164,Veicolo in marcia contro veicoli in sosta,Rettilineo,Una carreggiata a senso unico di marcia,Asciutto,Asfaltata,Verticale ed orizzontale,Sereno,Normale,Buona,0,0,0,1,12.47753,41.927799999999998,True,,,
,5781063,1,2022-01-15T09:00:00,Strada Urbana,da specificare,5102,VIA GIOVANNI AMENDOLA,,Tamponamento,Rettilineo,Una carreggiata a senso unico di marcia,Asciutto,Asfaltata,Assente,Sereno,Scarso,Buona,0,0,0,3,,,False,,,fronte civico 54
,5781014,8,2022-01-15T09:30:00,Strada Urbana,all'intersezione con,16255,PIAZZA LORENZO NOTTOLINI,,Scontro laterale fra veicoli in marcia,Rotatoria,Una carreggiata a senso unico di marcia,Asciutto,Asfaltata,Orizzontale,Sereno,Normale,Sufficiente,0,0,0,2,12.65213,41.911999999999999,True,16267,VIA GUSTAVO COLONNETTI,
,5781079,20,2022-01-15T10:00:00,Strada Urbana,in corrispondenza,3489,VIA DEI DUE PONTI,113,Scontro laterale fra veicoli in marcia,Curva a visuale libera,Una carreggiata a doppio senso,Asciutto,Asfaltata,Verticale ed orizzontale,Sereno,Normale,Buona,1,0,0,1,12.473179999999999,41.963900000000002,True,,,
,5781599,10,2022-01-15T10:00:00,Strada Urbana,in corrispondenza,2809,PIAZZA DI CINECITTA',60,Scontro laterale fra veicoli in marcia,Rettilineo,Due carreggiate,Asciutto,Asfaltata,Verticale ed orizzontale,Sereno,Normale,Buona,0,0,0,4,12.56734,41.853749999999998,True,,,
,5780340,9,2022-01-15T10:15:00,Strada Urbana,in corrispondenza,10827,VIA TUSCOLANA,171,Investimento di pedone,Rettilineo,Una carreggiata a doppio senso,Asciutto,Asfaltata,Verticale ed orizzontale,Sereno,Scarso,Buona,2,0,0,0,12.52073,41.880589999999998,True,,,
,5781955,10,2022-01-15T10:30:00,Strada Urbana,in corrispondenza,10827,VIA TUSCOLANA,941,Veicolo in marcia contro veicoli in sosta,Rettilineo,Due carreggiate,Asciutto,Asfaltata,Verticale ed orizzontale,Sereno,Normale,Buona,0,0,0,3,12.56385,41.856050000000003,True,,,
,5781842,11,2022-01-15T10:45:00,Strada Urbana,all'intersezione semaforizzata con,10810,VIA TULLIO LEVI CIVITA,,Scontro laterale fra veicoli in marcia,Intersezione semaforizzata,Due carreggiate,Asciutto,Asfaltata,Verticale ed orizzontale,Sereno,Scarso,Buona,0,0,0,4,12.47401,41.857039999999998,True,4022,VIALE FERDINANDO BALDELLI,
,5781015,8,2022-01-15T11:10:00,Strada Urbana,all'intersezione con,2403,VIA CASILINA,,Scontro frontale/laterale DX fra veicoli in marcia,Incrocio,Una carreggiata a doppio senso,Asciutto,Asfaltata,Verticale,Sereno,Normale,Buona,0,0,0,2,12.69871,41.864620000000002,True,5742,VIA GRANITI,
,5781085,1,2022-01-15T11:15:00,Strada Urbana,all'intersezione con,6764,PIAZZA MANFREDO FANTI,,Scontro laterale fra veicoli in marcia,Incrocio,Una carreggiata a senso unico di marcia,Asciutto,Asfaltata,Verticale ed orizzontale,Sereno,Scarso,Buona,0,0,0,3,12.502359999999999,41.89761,False,9247,VIA RATTAZZI,
,5781017,8,2022-01-15T11:15:00,Strada Urbana,in prossimità,1598,VIA BORGHESIANA,222,Tamponamento Multiplo,Rettilineo,Una carreggiata a doppio senso,Asciutto,Asfaltata,Verticale ed orizzontale,Sereno,Normale,Buona,0,0,0,5,12.671849999999999,41.875489999999999,True,,,
,5781083,20,2022-01-15T11:30:00,Strada Urbana,all'intersezione con,2864,VIA CIVITA CASTELLANA,,Scontro frontale/laterale SX fra veicoli in marcia,Incrocio,Due carreggiate,Asciutto,Asfaltata,Verticale ed orizzontale,Sereno,Normale,Buona,0,0,0,2,12.470660000000001,41.937220000000003,True,10606,VIALE DI TOR DI QUINTO,
,5781070,20,2022-01-15T11:30:00,Strada Urbana,in corrispondenza,12438,VIA ANTONIO CONTI,19,Scontro frontale/laterale SX fra veicoli in marcia,Curva a visuale libera,Una carreggiata a doppio senso,Asciutto,Asfaltata,Orizzontale,Sereno,Normale,Buona,0,0,0,3,12.37337,42.021659999999997,True,,,
,5781928,4,2022-01-15T11:40:00,Strada Urbana,in prossimità,10866,VIA UGO OJETTI,22,Tamponamento,Rettilineo,Due carreggiate,Asciutto,Asfaltata,Verticale ed orizzontale,Sereno,Normale,Buona,0,0,0,1,12.54874,41.943739999999998,True,,,
,5785223,3,2022-01-15T11:45:00,Strada Urbana,da specificare,12777,CIRCONVALLAZIONE TIBURTINA,,Tamponamento,Rettilineo,Due carreggiate,Asciutto,Asfaltata,Verticale ed orizzontale,Sereno,Normale,Buona,1,0,0,6,12.52675,41.89855,True,,,uscita A24
,5782671,18,2022-01-15T12:20:00,Strada Urbana,all'intersezione semaforizzata con,5772,VIA GREGORIO VII,,Scontro laterale fra veicoli in marcia,Intersezione stradale segnalata,Più di due carreggiate,Asciutto,Asfaltata,Verticale ed orizzontale,Sereno,Intenso,Buona,0,0,0,5,12.44012,41.895879999999998,True,8700,PIAZZA PIO XI,
,5781925,4,2022-01-15T12:30:00,Strada Urbana,all'intersezione con,2018,VIA CAPRAIA,,Scontro frontale/laterale SX fra veicoli in marcia,Incrocio,Una carreggiata a doppio senso,Asciutto,Asfaltata,Verticale ed orizzontale,Sereno,Normale,Buona,0,0,0,3,12.53481,41.948700000000002,True,10565,VIA TONALE,
,5781440,13,2022-01-15T12:45:00,Strada Urbana,in corrispondenza,3216,VIA CRISTOFORO COLOMBO,18.2,Tamponamento Multiplo,Rettilineo,Due carreggiate,Asciutto,Asfaltata,Verticale ed orizzontale,Sereno,Intenso,Buona,2,0,0,4,12.38198,41.763939999999998,True,,,
,5782329,17,2022-01-15T12:50:00,Strada Urbana,all'intersezione con,9848,VIA DEGLI SCIPIONI,,Scontro frontale/laterale DX fra veicoli in marcia,Intersezione stradale segnalata,Una carreggiata a senso unico di marcia,Asciutto,Asfaltata,Verticale ed orizzontale,Sereno,Normale,Buona,2,0,0,3,12.46909,41.911250000000003,True,11437,VIA VIRGINIO ORSINI,
,5782078,2,2022-01-15T13:15:00,Strada Urbana,all'intersezione con,550,VIA ANDREA BREGNO,,Veicolo in marcia contro veicolo in sosta,Intersezione stradale segnalata,Una carreggiata a senso unico di marcia,Asciutto,Asfaltata,Verticale ed orizzontale,Sereno,Scarso,Sufficiente,0,0,0,2,12.463229999999999,41.926760000000002,True,1894,VIA DEI CAMPORESE,
,5780574,18,2022-01-15T13:15:00,Strada Urbana,in corrispondenza,1547,VIA DI BOCCEA,561,Veicolo in marcia contro ostacolo fisso,Rettilineo,Una carreggiata a senso unico di marcia,Asciutto,Asfaltata,Verticale ed orizzontale,Sereno,Scarso,Buona,0,0,0,2,12.38091,41.915129999999998,True,,,
,5781345,9,2022-01-15T13:40:00,Strada Urbana,all'intersezione con,7087,VIA MATERA,,Veicolo in marcia contro veicolo in sosta,Intersezione stradale segnalata,Una carreggiata a doppio senso,Asciutto,Asfaltata,Verticale ed orizzontale,Sereno,Scarso,Buona,0,0,0,1,12.51844,41.88259,True,7725,VIA NICASTRO,
,5781611,7,2022-01-15T13:45:00,Strada Urbana,all'intersezione con,3268,VIA DAMETA,,Tamponamento Multiplo,Incrocio,Una carreggiata a senso unico di marcia,Asciutto,Asfaltata,Verticale,Sereno,Normale,Buona,0,0,0,3,12.608610000000001,41.91534,True,14868,VIA CASTEL DI IERI,
,5781369,6,2022-01-15T14:30:00,Strada Urbana,all'intersezione con,8618,VIA PIETRO ROVETTI,,Scontro frontale/laterale DX fra veicoli in marcia,Incrocio,Una carreggiata a senso unico di marcia,Asciutto,Asfaltata,Verticale ed orizzontale,Sereno,Normale,Buona,2,0,0,0,12.54482,41.877769999999998,True,7954,VIA ORESTE SALOMONE,
,5781028,8,2022-01-15T14:30:00,Strada Urbana,da specificare,10688,VIA DI TOR VERGATA,,Veicolo in marcia che urta buche nella carreggiata,Rettilineo,Una carreggiata a senso unico di marcia,Asciutto,Strada pavimentata dissestata,Verticale ed orizzontale,Sereno,Normale,Buona,0,0,0,1,12.621560000000001,41.844380000000001,True,,,alt.cavalc.autostrada fr. Decathlon dir.Tuscolana
,5781572,10,2022-01-15T14:45:00,Strada Urbana,da specificare,521,VIA ANAGNINA,,Scontro laterale fra veicoli in marcia,Rettilineo,Una carreggiata a senso unico di marcia,Asciutto,Asfaltata,Verticale ed orizzontale,Sereno,Intenso,Buona,2,0,0,3,12.58921,41.838970000000003,True,,,in prossimità di VIA POLISTENA
,5784399,9,2022-01-15T15:00:00,Strada Urbana,in corrispondenza,2663,VIA CERVETERI,8,Veicolo in marcia contro ostacolo accidentale,Rettilineo,Due carreggiate,Asciutto,Asfaltata,Verticale ed orizzontale,Sereno,Intenso,Buona,2,0,0,2,12.513070000000001,41.881779999999999,True,,,
,5781034,1,2022-01-15T15:10:00,Strada Urbana,in prossimità,11158,VIA VENTI SETTEMBRE,5,Investimento di pedone,Rettilineo,Una carreggiata a doppio senso,Asciutto,Asfaltata,Verticale ed orizzontale,Sereno,Scarso,Buona,2,0,0,0,12.491339999999999,41.902839999999998,True,,,
,5781835,11,2022-01-15T15:14:00,Strada Urbana,all'intersezione con,6978,VIA MARIO MUSCO,,Scontro frontale/laterale DX fra veicoli in marcia,Incrocio,Due carreggiate,Asciutto,Asfaltata,Verticale ed orizzontale,Sereno,Scarso,Buona,2,0,0,1,12.48808,41.84928,True,993,VIA ARISTIDE LEONORI,
,5782639,18,2022-01-15T15:15:00,Strada Urbana,da specificare,1194,VIA AURELIA,,Ribaltamento senza urto contro ostacolo fisso,Rettilineo,Più di due carreggiate,Asciutto,Asfaltata,Verticale ed orizzontale,Sereno,Normale,Buona,1,0,0,0,12.401160000000001,41.886099999999999,True,,,fronte civico 719 direzione Civitavecchia
,5781382,6,2022-01-15T15:30:00,Strada Urbana,all'intersezione semaforizzata con,8962,VIA DI PORTONACCIO,,Scontro laterale fra veicoli in marcia,Intersezione semaforizzata,Due carreggiate,Asciutto,Asfaltata,Verticale ed orizzontale,Sereno,Normale,Buona,0,0,0,2,12.5418,41.892769999999999,True,9039,LARGO PRENESTE,
,5781123,1,2022-01-15T16:00:00,Strada Urbana,in corrispondenza,479,LARGO DELL'AMBA ARADAM,3,Tamponamento Multiplo,Rettilineo,Una carreggiata a doppio senso,Asciutto,Asfaltata,Verticale ed orizzontale,Sereno,Normale,Buona,0,0,0,3,12.49906,41.883139999999997,True,,,
,5782067,2,2022-01-15T16:00:00,Strada Urbana,da specificare,6863,VIALE MARESCIALLO PILSUDSKI,,Tamponamento,Curva a visuale libera,Due carreggiate,Asciutto,Asfaltata,Orizzontale,Sereno,Intenso,Buona,3,0,0,1,12.47522,41.927660000000003,True,,,alt. Rampa uscita C.so Francia dir centro
,5782172,5,2022-01-15T16:15:00,Strada Urbana,in prossimità,2378,VIA DI CASAL DEI PAZZI,34,Scontro laterale fra veicoli in marcia,Rettilineo,Una carreggiata a doppio senso,Asciutto,Asfaltata,Verticale ed orizzontale,Sereno,Normale,Buona,1,0,0,2,12.570729999999999,41.925960000000003,True,,,
,5780829,15,2022-01-15T16:20:00,Comunale extraurbana,in corrispondenza,6703,VIA DELLA MAGLIANA,1240,Scontro laterale fra veicoli in marcia,Rettilineo,Una carreggiata a doppio senso,Asciutto,Asfaltata,Orizzontale,Sereno,Normale,Buona,0,0,0,3,12.3621,41.818460000000002,True,,,
,5781555,10,2022-01-15T17:00:00,Strada Urbana,in prossimità,10827,VIA TUSCOLANA,750,Scontro laterale fra veicoli in marcia,Rettilineo,Due carreggiate,Asciutto,Asfaltata,Verticale,Sereno,Intenso,Buona,1,0,0,1,12.57662,41.847740000000002,True,,,
,5785259,3,2022-01-15T17:00:00,Strada Urbana,all'intersezione con,11198,PIAZZA DEI VESPRI SICILIANI,,Scontro frontale/laterale DX fra veicoli in marcia,Incrocio,Una carreggiata a senso unico di marcia,Asciutto,Asfaltata,Verticale ed orizzontale,Sereno,Scarso,Sufficiente,0,0,0,3,12.525370000000001,41.914070000000002,True,5317,VIA GIOVANNI DA PROCIDA,
,5782759,12,2022-01-15T17:35:00,Strada Urbana,in corrispondenza,11671,VIA LEONARDO UMILE,52,Veicolo in marcia contro veicolo in sosta,Curva a visuale libera,Una carreggiata a doppio senso,Asciutto,Asfaltata,Assente,Sereno,Normale,Buona,0,0,0,2,12.444699999999999,41.807209999999998,True,,,
,5781099,1,2022-01-15T18:00:00,Strada Urbana,all'intersezione semaforizzata con,1582,VIA BONCOMPAGNI,,Infortunio per caduta del veicolo,Incrocio,Una carreggiata a doppio senso,Asciutto,Asfaltata,Verticale ed orizzontale,Sereno,Scarso,Buona,1,0,0,1,12.49455,41.908639999999998,True,9156,VIA QUINTINO SELLA,
,5782675,17,2022-01-15T18:00:00,Strada Urbana,all'intersezione con,5589,VIALE GIUSEPPE MAZZINI,,Veicolo in marcia contro veicolo in sosta,Intersezione stradale segnalata,Due carreggiate,Asciutto,Asfaltata,Verticale ed orizzontale,Sereno,Normale,Insufficiente,0,0,0,1,12.46264,41.915770000000002,True,8761,VIA PODGORA,
,5781349,9,2022-01-15T18:03:00,Strada Urbana,in prossimità,6714,VIA MAGNAGRECIA,65,Veicolo in marcia contro veicolo in sosta,Rettilineo,Una carreggiata a doppio senso,Asciutto,Asfaltata,Verticale ed orizzontale,Sereno,Normale,Buona,1,0,0,1,12.50886,41.882829999999998,True,,,
,5781991,4,2022-01-15T18:45:00,Provinciale entro l'abitato,all'intersezione con,7816,VIA NOMENTANA,,Scontro frontale/laterale SX fra veicoli in marcia,Incrocio,Una carreggiata a doppio senso,Asciutto,Asfaltata,Verticale ed orizzontale,Sereno,Normale,Sufficiente,0,0,0,2,12.57368,41.959049999999998,True,319,VIA DI S. ALESSANDRO,
,5782262,16,2022-01-15T18:50:00,Strada Urbana,in prossimità,2344,VIA DEL CASALETTO,691,Veicolo in marcia contro veicoli in sosta,Rettilineo,Una carreggiata a senso unico di marcia,Asciutto,Asfaltata,Verticale,Sereno,Normale,Sufficiente,0,0,0,0,12.43797,41.854469999999999,True,,,
,5781357,9,2022-01-15T19:30:00,Strada Urbana,da specificare,2528,PIAZZA CASTROREALE,,Investimento di pedone,Rettilineo,Una carreggiata a doppio senso,Asciutto,Asfaltata,Verticale ed orizzontale,Sereno,Normale,Sufficiente,1,0,0,1,12.52177,41.885849999999998,True,,,fronte VIA IGLESIAS
,5781492,13,2022-01-15T19:30:00,Strada Urbana,da specificare,6656,VIA DI MACCHIA SAPONARA,,Veicolo in marcia che urta buche nella carreggiata,Rettilineo,Una carreggiata a doppio senso,Asciutto,Asfaltata,Verticale ed orizzontale,Sereno,Scarso,Buona,0,0,0,2,12.35389,41.773350000000001,True,,,altezza via Padre Giuseppe di Marco
,5781245,20,2022-01-15T20:10:00,Provinciale,in prossimità,1635,VIA BRACCIANENSE,199,Scontro frontale/laterale SX fra veicoli in marcia,Curva a visuale libera,Una carreggiata a doppio senso,Asciutto,Asfaltata,Verticale,Sereno,Scarso,Insufficiente,1,0,0,2,12.35858,42.015590000000003,True,,,
,5782091,4,2022-01-15T20:15:00,Strada Urbana,in prossimità,7020,VIA MARTANA,37,Scontro laterale fra veicoli in marcia,Curva a visuale libera,Una carreggiata a senso unico di marcia,Asciutto,Asfaltata,Verticale ed orizzontale,Sereno,Scarso,Buona,0,0,0,3,12.528269999999999,41.939079999999997,True,,,
,5785206,3,2022-01-15T20:15:00,Strada Urbana,all'intersezione con,6424,VIA DEI LUCERI,,Scontro frontale/laterale DX fra veicoli in marcia,Intersezione stradale segnalata,Una carreggiata a senso unico di marcia,Asciutto,Asfaltata,Verticale ed orizzontale,Sereno,Normale,Sufficiente,0,0,0,2,12.512639999999999,41.899250000000002,True,10478,VIA TIBURTINA,
,5782758,12,2022-01-15T21:00:00,Strada Urbana,all'intersezione con,16296,LARGO PIAZZA TIEN AN MEN,,Scontro frontale/laterale SX fra veicoli in marcia,Rotatoria,Una carreggiata a senso unico di marcia,Asciutto,Asfaltata,Verticale ed orizzontale,Sereno,Scarso,Sufficiente,0,0,0,3,12.44125,41.813020000000002,True,14561,VIALE DELLA GRANDE MURAGLIA,
,5781499,13,2022-01-15T21:30:00,Strada Urbana,all'intersezione con,7323,PIAZZA DI S. MONICA,,Scontro frontale/laterale DX fra veicoli in marcia,Incrocio,Due carreggiate,Asciutto,Asfaltata,Orizzontale,Sereno,Scarso,Buona,0,0,0,3,12.272790000000001,41.736559999999997,True,8404,VIA DEI PESCHERECCI,
,5781866,11,2022-01-15T21:40:00,Strada Urbana,in prossimità,3036,VIA DELLE CONCE,12,Scontro frontale/laterale SX fra veicoli in marcia,Rettilineo,Una carreggiata a doppio senso,Asciutto,Asfaltata,Verticale ed orizzontale,Sereno,Scarso,Buona,0,0,0,3,12.47841,41.873759999999997,True,,,
,5782227,2,2022-01-15T22:05:00,Strada Urbana,all'intersezione con,7370,VIA MONTEBUONO,,Scontro frontale/laterale SX fra veicoli in marcia,Incrocio,Una carreggiata a senso unico di marcia,Asciutto,Asfaltata,Verticale ed orizzontale,Sereno,Normale,Sufficiente,0,0,0,3,12.51318,41.934829999999998,True,10282,VIA STIMIGLIANO,
,5781230,20,2022-01-15T22:05:00,Strada Urbana,in corrispondenza,13438,VIA GUIDO MIOTTO,61,Veicolo in marcia contro veicolo in sosta,Rettilineo,Una carreggiata a doppio senso,Asciutto,Asfaltata,Orizzontale,Sereno,Scarso,Sufficiente,0,0,0,1,12.34836,42.086829999999999,True,,,
,5782453,4,2022-01-15T22:40:00,Provinciale,da specificare,7816,VIA NOMENTANA,,Scontro laterale fra veicoli in marcia,Rettilineo,Una carreggiata a doppio senso,Asciutto,Asfaltata,Orizzontale,Sereno,Normale,Buona,1,0,0,1,12.57368,41.959049999999998,True,,,altezza civico 1107
,5781032,8,2022-01-15T23:15:00,,all'intersezione con,2403,VIA CASILINA,,Scontro laterale fra veicoli in marcia,,,,,,,,,2,0,0,2,12.69824,41.864469999999997,False,4238,VIA DI FONTANA ROTTA,
,5781401,6,2022-01-15T23:40:00,Strada Urbana,all'intersezione con,7006,VIA DELLA MARRANELLA,,Scontro frontale/laterale SX fra veicoli in marcia,Incrocio,Una carreggiata a senso unico di marcia,Asciutto,Asfaltata,Verticale ed orizzontale,Sereno,Scarso,Sufficiente,1,0,0,2,12.54232,41.883279999999999,True,11442,VIA VISCONTE MAGGIOLO,
,5782236,2,2022-01-15T23:40:00,Strada Urbana,in prossimità,71,LUNGOTEVERE DELL'ACQUA ACETOSA,14,Veicolo in marcia contro ostacolo fisso,Rettilineo,Una carreggiata a doppio senso,Asciutto,Asfaltata,Verticale ed orizzontale,Sereno,Scarso,Sufficiente,1,0,0,0,12.479329999999999,41.934379999999997,True,,,
,5781606,7,2022-01-16T00:00:00,Strada Urbana,in corrispondenza,2936,VIA COLLATINA,114,Veicolo in marcia contro ostacolo fisso,Rettilineo,Una carreggiata a doppio senso,Asciutto,Asfaltata,Verticale ed orizzontale,Sereno,Normale,Buona,0,0,0,1,12.56578,41.899830000000001,True,,,
,5781086,20,2022-01-16T00:15:00,Strada Urbana,in prossimità,4186,LUNGOTEVERE FLAMINIO,70A,Investimento di pedone,Rettilineo,Una carreggiata a doppio senso,Asciutto,Asfaltata,Verticale ed orizzontale,Sereno,Scarso,Sufficiente,1,0,0,1,12.461819999999999,41.926189999999998,True,,,
,5782834,17,2022-01-16T00:50:00,Strada Urbana,all'intersezione semaforizzata con,2929,VIA COLA DI RIENZO,,Scontro frontale/laterale DX fra veicoli in marcia,Intersezione semaforizzata,Una carreggiata a doppio senso,Asciutto,In cubetti di porfido,Verticale ed orizzontale,Sereno,Scarso,Buona,0,0,0,3,12.465210000000001,41.907969999999999,True,10430,VIA TERENZIO,
,5781391,7,2022-01-16T02:00:00,Strada Urbana,da specificare,9040,VIA PRENESTINA,,Veicolo in marcia contro ostacolo fisso,Curva a visuale libera,Due carreggiate,Asciutto,Asfaltata,Verticale ed orizzontale,Sereno,Normale,Buona,4,0,0,0,12.574149999999999,41.895090000000003,True,,,prossimità V.le Togliatti
,5781036,8,2022-01-16T02:00:00,Strada Urbana,in corrispondenza,9040,VIA PRENESTINA,497,Ribaltamento senza urto contro ostacolo fisso,Curva a visuale libera,Una carreggiata a doppio senso,Asciutto,Asfaltata,Verticale ed orizzontale,Sereno,Scarso,Sufficiente,2,0,0,0,12.61548,41.893259999999998,True,,,
,5781134,1,2022-01-16T02:00:00,Strada Urbana,in prossimità,9356,LUNGOTEVERE RIPA,8,Infortunio per caduta del veicolo,Curva a visuale libera,Una carreggiata a senso unico di marcia,Asciutto,Asfaltata,Assente,Sereno,Scarso,Buona,1,0,0,0,,,False,,,
,5781888,11,2022-01-16T02:10:00,Strada Urbana,in prossimità,8040,VIA OSTIENSE,182,Scontro frontale/laterale SX fra veicoli in marcia,Rettilineo,Più di due carreggiate,Asciutto,Asfaltata,Verticale ed orizzontale,Sereno,Normale,Buona,1,0,0,1,12.4781,41.863059999999997,True,,,
,5782790,12,2022-01-16T02:15:00,Strada Urbana,all'intersezione con,5689,VIALE GIUSTINIANO IMPERATORE,,Ribaltamento senza urto contro ostacolo fisso,Intersezione semaforizzata,Due carreggiate,Asciutto,Asfaltata,Verticale ed orizzontale,Sereno,Scarso,Sufficiente,1,0,0,1,12.48413,41.855919999999998,True,6214,VIALE LEONARDO DA VINCI,
,5782280,16,2022-01-16T02:15:00,Strada Urbana,all'intersezione con,9145,VIALE DEI QUATTRO VENTI,,Scontro frontale/laterale SX fra veicoli in marcia,Intersezione stradale segnalata,Una carreggiata a doppio senso,Asciutto,Asfaltata,Verticale ed orizzontale,Sereno,Scarso,Buona,0,0,0,5,12.45851,41.879649999999998,True,551,VIA ANDREA BUSIRI VICI,
,5782197,5,2022-01-16T02:30:00,Strada Urbana,in corrispondenza,4734,VIA GALLA PLACIDIA,4/C,Veicolo in marcia contro veicoli in sosta,Rettilineo,Una carreggiata a senso unico di marcia,Asciutto,Asfaltata,Verticale ed orizzontale,Sereno,Scarso,Buona,0,0,0,2,12.542730000000001,41.9084,True,,,
,5781360,9,2022-01-16T03:40:00,Strada Urbana,in prossimità,9040,VIA PRENESTINA,1234,Veicolo in marcia contro ostacolo fisso,Rettilineo,Una carreggiata a doppio senso,Asciutto,Asfaltata,Verticale ed orizzontale,Sereno,Scarso,Buona,1,0,0,0,12.63261,41.892510000000001,True,,,
,5781853,15,2022-01-16T04:00:00,Strada Urbana,da specificare,958,VIA ARDEATINA,,Investimento di pedone,Rettilineo,Una carreggiata a doppio senso,Asciutto,Sterrata,Orizzontale,Sereno,Scarso,Insufficiente,0,0,0,1,12.52552,41.813070000000003,True,,,prossimità fermata  Atac 73664
,5781363,9,2022-01-16T08:00:00,Strada Urbana,all'intersezione semaforizzata con,13,VIA ACAIA,,Scontro laterale fra veicoli in marcia,Intersezione semaforizzata,Una carreggiata a doppio senso,Asciutto,Asfaltata,Verticale ed orizzontale,Sereno,Scarso,Buona,2,0,0,0,12.507540000000001,41.877070000000003,True,9780,VIA SATRICO,
,5782239,19,2022-01-16T08:40:00,Strada Urbana,all'intersezione con,11609,VIA PIEVE DI CADORE,,Infortunio per sola frenata improvvisa,Incrocio,Una carreggiata a senso unico di marcia,Bagnato (umidità in atto),Asfaltata,Verticale ed orizzontale,Sereno,Normale,Buona,0,0,0,1,12.44084,41.940370000000001,True,8315,PIAZZA PASSO DEL PORDOI,
,5781347,12,2022-01-16T09:15:00,Strada Urbana,in corrispondenza,15469,VIALE ODONE BELLUZZI,63,Veicolo in marcia contro veicolo in sosta,Rettilineo,Una carreggiata a doppio senso,Asciutto,Asfaltata,Verticale ed orizzontale,Sereno,Scarso,Buona,1,0,0,0,12.43097,41.78058,True,,,
,5781220,1,2022-01-16T09:15:00,Strada Urbana,all'intersezione con,10463,LUNGOTEVERE TESTACCIO,,Scontro frontale/laterale DX fra veicoli in marcia,Incrocio,Una carreggiata a doppio senso,Asciutto,Asfaltata,Verticale ed orizzontale,Sereno,Scarso,Buona,0,0,0,2,12.470750000000001,41.877490000000002,True,5126,VIA GIOVANNI BATTISTA BODONI,
,5782059,4,2022-01-16T09:15:00,Strada Urbana,in prossimità,5212,VIA GIOVANNI CONTI,30,Infortunio per sola frenata improvvisa,Rettilineo,Due carreggiate,Asciutto,Asfaltata,Verticale ed orizzontale,Sereno,Normale,Buona,2,0,0,0,12.52875,41.952069999999999,True,,,
,5781368,9,2022-01-16T10:10:00,Strada Urbana,in prossimità,8917,VIA DI PORTA FURBA,4,Scontro laterale fra veicoli in marcia,Rettilineo,Una carreggiata a doppio senso,Asciutto,Asfaltata,Verticale ed orizzontale,Sereno,Normale,Buona,0,0,0,2,12.53852,41.869250000000001,True,,,
,5781279,1,2022-01-16T10:20:00,Strada Urbana,in corrispondenza,7608,VIA DEL MORO,47,Investimento di pedone,Rettilineo,Una carreggiata a senso unico di marcia,Asciutto,In cubetti di porfido,Assente,Sereno,Scarso,Buona,1,0,0,1,12.47062,41.890749999999997,False,,,
,5781615,10,2022-01-16T10:40:00,Strada Urbana,in corrispondenza,10827,VIA TUSCOLANA,907,Scontro laterale fra veicoli in marcia,Rettilineo,Due carreggiate,Asciutto,Asfaltata,Verticale ed orizzontale,Sereno,Normale,Buona,0,0,0,5,12.56321,41.856540000000003,True,,,
,5782102,4,2022-01-16T10:50:00,Provinciale entro l'abitato,in prossimità,7816,VIA NOMENTANA,865 b,Scontro frontale/laterale DX fra veicoli in marcia,Rettilineo,Una carreggiata a doppio senso,Asciutto,Asfaltata,Verticale ed orizzontale,Sereno,Normale,Buona,1,0,0,1,12.55306,41.941360000000003,True,,,
,5781374,13,2022-01-16T11:30:00,Strada Urbana,all'intersezione con,3771,VIA ESCHILO,,Veicolo in marcia contro ostacolo fisso,Rotatoria,Una carreggiata a senso unico di marcia,Asciutto,Asfaltata,Verticale ed orizzontale,Sereno,Normale,Buona,0,0,0,2,12.37152,41.764159999999997,False,5894,VIA IBICO,
,5781528,13,2022-01-16T11:30:00,Strada Urbana,all'intersezione con,9274,CORSO REGINA MARIA PIA,,Scontro frontale/laterale SX fra veicoli in marcia,Intersezione stradale segnalata,Una carreggiata a doppio senso,Asciutto,Asfaltata,Verticale ed orizzontale,Sereno,Normale,Buona,1,0,0,1,12.280810000000001,41.730849999999997,True,605,VIA ANGELO CELLI,
,5781757,8,2022-01-16T11:45:00,Strada Urbana,all'intersezione con,2403,VIA CASILINA,,Scontro laterale fra veicoli in marcia,Intersezione stradale segnalata,Una carreggiata a doppio senso,Asciutto,Asfaltata,Verticale ed orizzontale,Sereno,Normale,Buona,0,0,0,2,12.686909999999999,41.862690000000001,True,4228,VIA DI FONTANA CANDIDA,
,5781878,15,2022-01-16T11:50:00,Strada Urbana,all'intersezione con,8975,VIA PORTUENSE,,Scontro laterale fra veicoli in marcia,Intersezione stradale segnalata,Due carreggiate,Asciutto,Asfaltata,Verticale ed orizzontale,Sereno,Normale,Buona,1,0,0,1,12.413970000000001,41.846899999999998,True,5936,VIA DELL'IMBRECCIATO,
,5782255,19,2022-01-16T11:55:00,Strada Urbana,all'intersezione con,10655,VIA DI TORREVECCHIA,,Scontro frontale/laterale SX fra veicoli in marcia,Incrocio,Una carreggiata a doppio senso,Asciutto,Asfaltata,Verticale ed orizzontale,Sereno,Normale,Buona,0,0,0,3,12.41391,41.924909999999997,True,8565,VIA PIETRO GASPARRI,
,5784943,3,2022-01-16T12:00:00,Strada Urbana,da specificare,6189,VIA DELLA LEGA LOMBARDA,,Tamponamento,Rettilineo,Due carreggiate,Asciutto,Asfaltata,Verticale ed orizzontale,Sereno,Normale,Buona,0,0,0,3,12.52336,41.90887,True,,,fronte civico 38
,5782142,4,2022-01-16T12:40:00,Statale,in prossimità,9609,VIA SALARIA,17.8,Tamponamento Multiplo,Rettilineo,Una carreggiata a doppio senso,Asciutto,Asfaltata,Orizzontale,Sereno,Normale,Buona,2,0,0,2,12.5115,41.987349999999999,True,,,
,5783916,17,2022-01-16T13:00:00,Strada Urbana,in prossimità,7142,LUNGOTEVERE DEI MELLINI,39,Tamponamento,Rettilineo,Una carreggiata a senso unico di marcia,Asciutto,Asfaltata,Verticale ed orizzontale,Sereno,Scarso,Buona,2,0,0,3,12.47273,41.907640000000001,True,,,
,5781985,1,2022-01-16T13:05:00,Strada Urbana,in prossimità,1396,VIA DEI BAULLARI,140/A,Investimento di pedone,Rettilineo,Una carreggiata a senso unico di marcia,Asciutto,In cubetti di porfido,Verticale ed orizzontale,Sereno,Normale,Buona,1,0,0,0,12.47251,41.896380000000001,False,,,
,5782330,13,2022-01-16T13:30:00,,all'intersezione con,15917,VIA FRANCESCO MENZIO,,Scontro frontale/laterale DX fra veicoli in marcia,,,,,,,,,0,0,0,2,12.377330000000001,41.775509999999997,False,15920,VIA EDOARDO GIOJA,
,5782531,17,2022-01-16T13:50:00,Strada Urbana,all'intersezione con,5727,VIA DEI GRACCHI,,Scontro frontale/laterale SX fra veicoli in marcia,Intersezione stradale segnalata,Una carreggiata a senso unico di marcia,Asciutto,Asfaltata,Verticale ed orizzontale,Sereno,Normale,Buona,1,0,0,1,12.464840000000001,41.908580000000001,True,1141,VIA ATTILIO REGOLO,
,5781456,2,2022-01-16T14:00:00,Strada Urbana,da specificare,8724,PIAZZA PITAGORA,,Veicolo in marcia contro ostacolo fisso,Rettilineo,Una carreggiata a doppio senso,Asciutto,Asfaltata,Verticale ed orizzontale,Sereno,Normale,Buona,0,0,0,3,12.490500000000001,41.9221,True,,,prossimità fronte civico 1
,5782299,2,2022-01-16T14:05:00,Strada Urbana,in prossimità,7590,VIA MONTOPOLI,4,Veicolo in marcia contro veicolo in sosta,Rettilineo,Una carreggiata a senso unico alternato,Asciutto,Asfaltata,Verticale ed orizzontale,Sereno,Scarso,Buona,0,0,0,1,12.51102,41.933489999999999,True,,,
,5782143,4,2022-01-16T14:15:00,Strada Urbana,all'intersezione con,2000404,VIA ELSA DE' GIORGI,,Scontro laterale fra veicoli in marcia,Rotatoria,Una carreggiata a senso unico di marcia,Asciutto,Asfaltata,Verticale ed orizzontale,Sereno,Normale,Buona,0,0,0,3,12.53978,41.968499999999999,True,2000405,VIALE FRANCO ARCALLI,
,5782376,1,2022-01-16T14:30:00,Strada Urbana,da specificare,8911,PIAZZA DI PORTA CAPENA,,Infortunio per sola frenata improvvisa,Rettilineo,Più di due carreggiate,Asciutto,Asfaltata,Verticale ed orizzontale,Sereno,Normale,Buona,1,0,0,0,12.489459999999999,41.88467,False,,,fronte palo luce n. 10
,5781567,12,2022-01-16T15:10:00,Strada Urbana,all'intersezione con,15894,VIA ANTONINO GIUFFRE',,Scontro frontale/laterale DX fra veicoli in marcia,Intersezione non regolata/non segnalata,Più di due carreggiate,Asciutto,Asfaltata,Verticale ed orizzontale,Sereno,Scarso,Buona,0,0,0,2,12.47945,41.770789999999998,True,10763,VIA DI TRIGORIA,
,5782007,20,2022-01-16T15:30:00,Strada Urbana,da specificare,10200,VIA DELLA STAZIONE DI CESANO,,Veicolo in marcia contro ostacolo fisso,Rettilineo,Una carreggiata a doppio senso,Asciutto,Asfaltata,Verticale ed orizzontale,Sereno,Normale,Buona,0,0,0,3,12.3241,42.059750000000001,True,,,IN CORRISPONDENZA PALO LUCE N. 288
,5781759,8,2022-01-16T16:00:00,Strada Urbana,da specificare,9629,VIA DI SALONE,,Scontro frontale/laterale SX fra veicoli in marcia,Curva senza visuale libera,Una carreggiata a doppio senso,Asciutto,Asfaltata,Verticale ed orizzontale,Sereno,Normale,Buona,1,0,0,3,12.63392,41.922750000000001,True,,,200 m dopo cavalcavia ferrovia dir. Collatina
,5781515,7,2022-01-16T16:30:00,Strada Urbana,in prossimità,15565,VIA MARCELLO BOGLIONE,75,Veicolo in marcia che urta buche nella carreggiata,Curva a visuale libera,Una carreggiata a doppio senso,Asciutto,Con buche,Assente,Sereno,Scarso,Buona,0,0,0,2,12.61299,41.900419999999997,True,,,
,5782261,5,2022-01-16T17:00:00,Strada Urbana,all'intersezione con,10478,VIA TIBURTINA,,Scontro frontale/laterale SX fra veicoli in marcia,Incrocio,Due carreggiate,Asciutto,Asfaltata,Verticale ed orizzontale,Sereno,Scarso,Buona,0,0,0,2,12.58583,41.932609999999997,True,10582,VIA DI TOR CERVARA,
,5782200,1,2022-01-16T17:00:00,Strada Urbana,da specificare,4982,PASSEGGIATA DEL GIANICOLO,,Veicolo in marcia contro veicolo fermo,Rettilineo,Una carreggiata a doppio senso,Asciutto,Asfaltata,Verticale ed orizzontale,Sereno,Normale,Buona,0,0,0,2,12.460570000000001,41.893590000000003,True,,,altezza albero 196
,5781951,12,2022-01-16T17:15:00,Strada Urbana,all'intersezione con,2000894,VIA STEFANO PETRIS,,Veicolo in marcia contro ostacolo fisso,Incrocio,Una carreggiata a doppio senso,Asciutto,Asfaltata,Verticale ed orizzontale,Sereno,Scarso,Buona,0,0,0,2,12.495839999999999,41.825690000000002,True,11260,VIA DI VIGNA MURATA,
,5781764,8,2022-01-16T17:20:00,Strada Urbana,da specificare,13712,VIA DI TOR BELLA MONACA,,Tamponamento,Rettilineo,Una carreggiata a doppio senso,Asciutto,Asfaltata,Verticale ed orizzontale,Sereno,Normale,Buona,0,0,0,2,12.62809,41.876429999999999,True,,,dir. Casilina alt. fermata Atac T.B.M./Conti
,5782310,11,2022-01-16T17:50:00,Strada Urbana,da specificare,958,VIA ARDEATINA,,Scontro frontale fra veicoli in marcia,Rettilineo,Una carreggiata a doppio senso,Asciutto,Asfaltata,Verticale ed orizzontale,Sereno,Scarso,Buona,2,0,0,0,12.52552,41.813070000000003,True,,,fronte fermata bus n. 72792
,5784057,17,2022-01-16T17:55:00,Strada Urbana,in corrispondenza,6224,VIA LEONE IV,34,Scontro laterale fra veicoli in marcia,Rettilineo,Una carreggiata a doppio senso,Asciutto,Asfaltata,Verticale ed orizzontale,Sereno,Normale,Buona,0,0,0,2,12.455030000000001,41.90898,True,,,
,5781932,6,2022-01-16T18:30:00,Strada Urbana,in corrispondenza,9040,VIA PRENESTINA,457,Veicolo in marcia contro veicolo in sosta,Rettilineo,Due carreggiate,Asciutto,Asfaltata,Verticale ed orizzontale,Sereno,Scarso,Sufficiente,1,0,0,0,12.56889,41.8949,True,,,
,5785273,3,2022-01-16T19:00:00,Strada Urbana,in prossimità,2539,VIA CATANZARO,15,Veicolo in marcia contro ostacolo fisso,Rettilineo,Una carreggiata a doppio senso,Asciutto,Asfaltata,Verticale ed orizzontale,Sereno,Scarso,Sufficiente,0,0,0,0,12.51717,41.912039999999998,True,,,
,5783615,16,2022-01-16T19:20:00,Strada Urbana,in corrispondenza,10537,LARGO TOMASO PERASSI,10,Investimento di pedone,Rettilineo,Una carreggiata a doppio senso,Asciutto,Asfaltata,Verticale ed orizzontale,Sereno,Normale,Buona,2,0,0,0,12.41075,41.888170000000002,True,,,
,5782478,1,2022-01-16T19:28:00,Strada Urbana,in corrispondenza,10193,VIA DELLO STATUTO,52,Veicolo in marcia contro ostacolo accidentale,Rettilineo,Una carreggiata a doppio senso,Asciutto,In cubetti di porfido,Verticale ed orizzontale,Sereno,Normale,Buona,0,0,0,1,12.50113,41.894849999999998,True,,,
,5781870,15,2022-01-16T19:30:00,Strada Urbana,da specificare,8244,VICOLO DI PAPA LEONE,,Fuoriuscita dalla sede stradale,Rettilineo,Una carreggiata a senso unico di marcia,Asciutto,Asfaltata,Orizzontale,Sereno,Scarso,Sufficiente,0,0,0,1,12.444739999999999,41.843429999999998,True,,,rampa immissione Isacco newton dir Eur
,5782823,18,2022-01-16T19:45:00,Strada Urbana,in prossimità,1881,CAMPO DE' FIORI,38,Infortunio per caduta del veicolo,Rettilineo,Una carreggiata a doppio senso,Bagnato (umidità in atto),Lastricata,Assente,Sereno,Scarso,Buona,0,0,0,2,12.47246,41.895820000000001,True,,,
,5782485,9,2022-01-16T19:45:00,Strada Urbana,all'intersezione con,4837,VIA GENZANO,,Scontro laterale fra veicoli in marcia,Intersezione stradale segnalata,Una carreggiata a doppio senso,Asciutto,Asfaltata,Verticale ed orizzontale,Sereno,Normale,Buona,1,0,0,0,12.53218,41.870539999999998,False,231,VIA ALBANO,
,5782276,19,2022-01-16T20:00:00,Strada Urbana,in prossimità,15140,VIA ANDERSEN,8,Scontro laterale fra veicoli in marcia,Rettilineo,Una carreggiata a doppio senso,Asciutto,Asfaltata,Orizzontale,Sereno,Normale,Buona,1,0,0,4,12.405250000000001,41.924689999999998,True,,,
,5781767,8,2022-01-16T20:00:00,Strada Urbana,all'intersezione con,10023,VIA SILICELLA,,Scontro frontale/laterale DX fra veicoli in marcia,Incrocio,Una carreggiata a doppio senso,Asciutto,Asfaltata,Verticale ed orizzontale,Sereno,Normale,Sufficiente,2,0,0,0,12.59878,41.86289,True,4478,VIA FRANCESCO GHINGHI,
,5783104,17,2022-01-16T20:25:00,Strada Urbana,all'intersezione con,3876,VIA FABIO MASSIMO,,Scontro frontale/laterale DX fra veicoli in marcia,Intersezione stradale segnalata,Una carreggiata a senso unico di marcia,Asciutto,Asfaltata,Verticale ed orizzontale,Sereno,Scarso,Buona,0,0,0,2,12.46222,41.908830000000002,True,4851,VIA GERMANICO,
,5781860,15,2022-01-16T20:45:00,Strada Urbana,all'intersezione con,7864,VIA ODERISI DA GUBBIO,,Investimento di pedone,Incrocio,Una carreggiata a doppio senso,Asciutto,Asfaltata,Assente,Sereno,Normale,Insufficiente,0,1,0,2,12.46529,41.86544,True,11247,VIA DI VIGNA CORSETTI,
,5781829,1,2022-01-16T20:50:00,Strada Urbana,in prossimità,4980,LUNGOTEVERE GIANICOLENSE,9,Veicolo in marcia contro veicoli in sosta,Rettilineo,Una carreggiata a senso unico di marcia,Asciutto,Asfaltata,Verticale ed orizzontale,Sereno,Normale,Buona,0,0,0,1,12.463889999999999,41.897530000000003,True,,,
,5782369,2,2022-01-16T21:00:00,Strada Urbana,all'intersezione con,8748,VIA PO,,Scontro frontale/laterale SX fra veicoli in marcia,Intersezione stradale segnalata,Una carreggiata a doppio senso,Asciutto,Asfaltata,Verticale ed orizzontale,Sereno,Scarso,Buona,0,0,0,4,12.49403,41.913220000000003,True,5329,VIA GIOVANNI SGAMBATI,
,5782684,18,2022-01-16T21:10:00,Strada Urbana,da specificare,3102,VIA CORNELIA,,Scontro frontale/laterale SX fra veicoli in marcia,Rettilineo,Una carreggiata a doppio senso,Asciutto,Asfaltata,Verticale ed orizzontale,Sereno,Scarso,Sufficiente,1,0,0,1,12.38993,41.900730000000003,True,,,fronte civico 24
,5781892,12,2022-01-16T21:35:00,Strada Urbana,all'intersezione con,9297,VIA RENZO BERTANI,,Scontro frontale/laterale SX fra veicoli in marcia,Incrocio,Due carreggiate,Asciutto,Asfaltata,Verticale ed orizzontale,Sereno,Scarso,Sufficiente,0,0,0,3,12.44027,41.775700000000001,True,4685,VIA GAETANO DE FELICE,
,5781942,4,2022-01-16T22:10:00,Strada Urbana,in corrispondenza,1176,VIA AUGUSTO PIERANTONI,34,Veicolo in marcia contro veicolo in sosta,Rettilineo,Una carreggiata a senso unico di marcia,Asciutto,Asfaltata,Verticale,Sereno,Normale,Buona,0,0,0,1,12.519349999999999,41.950069999999997,True,,,
,5782165,17,2022-01-16T22:35:00,Strada Urbana,all'intersezione semaforizzata con,1152,LUNGOTEVERE IN AUGUSTA,,Veicolo in marcia contro veicoli in arresto,Intersezione semaforizzata,Una carreggiata a senso unico di marcia,Asciutto,Asfaltata,Verticale ed orizzontale,Sereno,Normale,Buona,2,0,0,4,12.47316,41.909950000000002,True,4035,VIA FERDINANDO DI SAVOIA,
,5782186,7,2022-01-16T22:45:00,Strada Urbana,all'intersezione con,9040,VIA PRENESTINA,,Scontro frontale/laterale DX fra veicoli in marcia,Intersezione semaforizzata,Due carreggiate,Asciutto,Asfaltata,Verticale ed orizzontale,Sereno,Normale,Buona,2,0,0,2,12.57497,41.894660000000002,True,11904,VIALE PALMIRO TOGLIATTI,
,5781864,15,2022-01-16T23:40:00,Strada Urbana,all'intersezione con,10038,LARGO DI S. SILVIA,,Scontro frontale/laterale SX fra veicoli in marcia,Incrocio,Due carreggiate,Bagnato (umidità in atto),Asfaltata,Verticale ed orizzontale,Sereno,Scarso,Buona,1,0,0,1,12.45045,41.855339999999998,True,1169,PIAZZA AUGUSTO LORENZINI,
,5782449,2,2022-01-16T23:50:00,Strada Urbana,all'intersezione con,3181,VIA DI S. COSTANZA,,Scontro frontale/laterale SX fra veicoli in marcia,Incrocio,Due carreggiate,Asciutto,Asfaltata,Verticale ed orizzontale,Sereno,Scarso,Sufficiente,0,0,0,2,12.515090000000001,41.922269999999997,True,10142,VIA SPALATO,
,5781949,20,2022-01-17T00:30:00,Strada Urbana,da specificare,7999,VIA DEGLI ORTI DELLA FARNESINA,,Veicolo in marcia contro veicoli in sosta,Rettilineo,Una carreggiata a doppio senso,Asciutto,Asfaltata,Verticale ed orizzontale,Sereno,Scarso,Buona,1,0,0,0,12.463240000000001,41.940089999999998,True,,,all'altezza di via dei Duchi di Castro
,5782100,1,2022-01-17T00:45:00,Strada Urbana,all'intersezione semaforizzata con,7171,VIA MERULANA,,Scontro laterale fra veicoli in marcia,Intersezione semaforizzata,Una carreggiata a doppio senso,Asciutto,Asfaltata,Verticale ed orizzontale,Sereno,Normale,Buona,0,0,0,6,,,False,10193,VIA DELLO STATUTO,
,5783136,15,2022-01-17T06:20:00,Strada Urbana,da specificare,2000337,VIA GIUSEPPE COLOMBO,,Fuoriuscita dalla sede stradale,Curva a visuale libera,Due carreggiate,Asciutto,Asfaltata,Verticale ed orizzontale,Sereno,Scarso,Buona,1,0,0,0,12.32865,41.804900000000004,True,,,int. Commercity fronte isola M (Via R.De Caterini)
,5783472,5,2022-01-17T07:10:00,Strada Urbana,da specificare,5466,VIA GIUSEPPE ANTONIO ANDRIULLI,,Scontro laterale fra veicoli in marcia,Rettilineo,Due carreggiate,Asciutto,Asfaltata,Assente,Sereno,Normale,Buona,0,0,0,3,12.557740000000001,41.901850000000003,True,,,pross. A24 dir. via Tiburtina
,5783395,13,2022-01-17T07:20:00,,da specificare,6652,VIA DI MACCHIA PALOCCO,,Veicolo in marcia contro ostacolo accidentale,,,,,,,,,0,0,0,1,12.35148,41.769190000000002,False,,,pross. Via Audisio
,5782491,9,2022-01-17T07:23:00,Strada Urbana,all'intersezione semaforizzata con,2571,VIA DELLE CAVE,,Scontro laterale fra veicoli in marcia,Intersezione semaforizzata,Una carreggiata a senso unico di marcia,Asciutto,Asfaltata,Verticale ed orizzontale,Sereno,Normale,Buona,1,0,0,2,12.5297,41.87171,True,7845,VIA NUMITORE,
,5784513,20,2022-01-17T07:30:00,Strada Urbana,da specificare,2669,VIA CESANENSE,,Veicolo in marcia contro ostacolo accidentale,Rettilineo,Una carreggiata a doppio senso,Ghiacciato,Asfaltata,Assente,Sereno,Normale,Buona,0,0,0,1,12.36345,42.091880000000003,True,,,a 300mt da Via Veientana
,5783396,13,2022-01-17T07:45:00,Strada Urbana,in corrispondenza,2495,VIALE DI CASTEL PORZIANO,516,Tamponamento,Rettilineo,Una carreggiata a doppio senso,Asciutto,Asfaltata,Verticale ed orizzontale,Sereno,Normale,Sufficiente,2,0,0,1,12.377039999999999,41.73847,True,,,
,5782367,12,2022-01-17T07:50:00,Strada Urbana,all'intersezione con,10878,VIALE DELL'UMANESIMO,,Scontro frontale/laterale DX fra veicoli in marcia,Incrocio,Due carreggiate,Asciutto,Asfaltata,Verticale ed orizzontale,Sereno,Intenso,Buona,0,0,0,2,12.47691,41.821510000000004,True,11841,LARGO MUSTAFA KEMAL ATATURK,
,5783438,20,2022-01-17T08:10:00,Strada Urbana,da specificare,3929,VIA DELLA FARNESINA,,Veicolo in marcia contro veicolo fermo,Rettilineo,Una carreggiata a doppio senso,Asciutto,Asfaltata,Assente,Sereno,Normale,Buona,0,0,0,4,12.460190000000001,41.942920000000001,True,,,FRONTE CIVICO 286
,5783830,7,2022-01-17T08:10:00,Strada Urbana,in prossimità,8538,VIA PIETRO CASTELLI,34,Veicolo in marcia che urta buche nella carreggiata,Rettilineo,Una carreggiata a senso unico di marcia,Bagnato (umidità in atto),Asfaltata,Verticale ed orizzontale,Sereno,Scarso,Buona,0,0,0,1,12.582710000000001,41.878770000000003,True,,,
,5783347,8,2022-01-17T08:15:00,Strada Urbana,da specificare,12549,VIA DELLA TENUTA DI TORRENOVA,,Scontro frontale/laterale DX fra veicoli in marcia,Rettilineo,Una carreggiata a doppio senso,Bagnato (brina),Asfaltata,Verticale ed orizzontale,Sereno,Normale,Sufficiente,0,0,0,3,12.61749,41.858319999999999,True,,,fronte palo ACEA n. 32
,5782497,10,2022-01-17T08:20:00,Strada Urbana,in corrispondenza,10827,VIA TUSCOLANA,830,Scontro laterale fra veicoli in marcia,Rettilineo,Due carreggiate,Asciutto,Asfaltata,Orizzontale,Sereno,Normale,Buona,1,0,0,2,12.55017,41.863149999999997,True,,,
,5783467,10,2022-01-17T08:30:00,Strada Urbana,in corrispondenza,5644,VIA GIUSEPPE SALVIOLI,20,Tamponamento,Rettilineo,Una carreggiata a senso unico di marcia,Asciutto,Asfaltata,Verticale ed orizzontale,Sereno,Normale,Buona,0,0,0,2,12.56711,41.86056,True,,,
,5783405,18,2022-01-17T08:30:00,Strada Urbana,all'intersezione con,4302,VIA DEL FORTE BOCCEA,,Scontro laterale fra veicoli in marcia,Intersezione stradale segnalata,Una carreggiata a senso unico di marcia,Asciutto,Asfaltata,Verticale ed orizzontale,Sereno,Normale,Buona,0,0,0,2,12.42178,41.906170000000003,True,10037,VIA SILVESTRO II,
,5783403,19,2022-01-17T09:00:00,Strada Urbana,all'intersezione con,11019,VIA DELLA VALLE DEI FONTANILI,,Tamponamento,Incrocio,Una carreggiata a doppio senso,Asciutto,Asfaltata,Verticale ed orizzontale,Sereno,Normale,Buona,0,0,0,4,12.406510000000001,41.924720000000001,True,15140,VIA ANDERSEN,
,5783351,8,2022-01-17T09:00:00,,all'intersezione con,2403,VIA CASILINA,,Scontro frontale/laterale DX fra veicoli in marcia,,,,,,,,,0,0,0,1,12.64282,41.862430000000003,False,3742,VIA ERNESTO BREDA,
,5783499,5,2022-01-17T09:00:00,Strada Urbana,da specificare,6849,VIA DI MARCO SIMONE,,Scontro laterale fra veicoli in marcia,Rettilineo,Una carreggiata a doppio senso,Asciutto,Asfaltata,Verticale ed orizzontale,Sereno,Normale,Sufficiente,0,0,0,2,12.645009999999999,41.942630000000001,True,,,prossimità VIA TODINI
,5782661,12,2022-01-17T09:30:00,Strada Urbana,all'intersezione con,2587,VIA DELLA CECCHIGNOLA,,Scontro laterale fra veicoli in marcia,Incrocio,Una carreggiata a doppio senso,Asciutto,Asfaltata,Verticale ed orizzontale,Sereno,Normale,Buona,1,0,0,1,12.5116,41.807749999999999,True,2349,VIA DEL CASALE ZOLA,
,5783647,16,2022-01-17T09:30:00,Strada Urbana,all'intersezione con,9193,VIA RAFFAELE BALESTRA,,Scontro frontale/laterale SX fra veicoli in marcia,Intersezione stradale segnalata,Una carreggiata a doppio senso,Asciutto,Asfaltata,Verticale,Sereno,Normale,Buona,0,0,0,2,12.449769999999999,41.873869999999997,True,6387,VIA LORENZO VIDASCHI,
,5796391,1,2022-01-17T10:00:00,Strada Urbana,all'intersezione semaforizzata con,480,VIA DELL'AMBA ARADAM,,Scontro laterale fra veicoli in marcia,Incrocio,Una carreggiata a doppio senso,Asciutto,Asfaltata,Verticale ed orizzontale,Sereno,Normale,Buona,0,0,0,2,12.49939,41.883200000000002,True,10969,VIA DEI VALERI,
,5812626,5,2022-01-17T10:00:00,Strada Urbana,in prossimità,10848,VIA UGO BERTOSSI,33,Veicolo in marcia contro veicolo in sosta,Rettilineo,Una carreggiata a senso unico di marcia,Asciutto,Asfaltata,Verticale ed orizzontale,Sereno,Normale,Buona,0,0,0,2,12.54998,41.906329999999997,True,,,
,5783127,15,2022-01-17T10:15:00,Strada Urbana,in prossimità,6703,VIA DELLA MAGLIANA,233/A,Tamponamento,Rettilineo,Una carreggiata a doppio senso,Asciutto,Asfaltata,Verticale ed orizzontale,Sereno,Normale,Buona,0,0,0,3,12.4582,41.848109999999998,True,,,
,5783517,10,2022-01-17T10:30:00,Strada Urbana,all'intersezione con,1753,VIA CAIO RUTILIO,,Veicolo in marcia contro veicolo arresto,Incrocio,Una carreggiata a senso unico di marcia,Bagnato (pioggia),Asfaltata,Verticale ed orizzontale,Sereno,Normale,Buona,0,0,0,2,12.566750000000001,41.856029999999997,True,6289,VIA LICINIO STOLONE,
,5783782,23,2022-01-17T10:35:00,Strada Urbana,in corrispondenza,8899,PIAZZA DEL POPOLO,6,Scontro laterale fra veicoli in marcia,Rotatoria,Una carreggiata a senso unico di marcia,Asciutto,In cubetti di porfido,Verticale ed orizzontale,Sereno,Normale,Buona,0,0,0,2,12.475770000000001,41.911090000000002,True,,,
,5782517,1,2022-01-17T10:36:00,Strada Urbana,in prossimità,11158,VIA VENTI SETTEMBRE,82,Veicolo in marcia contro veicolo fermo,Rettilineo,Una carreggiata a doppio senso,Asciutto,Asfaltata,Verticale ed orizzontale,Sereno,Normale,Buona,1,0,0,1,12.49601,41.905619999999999,True,,,
,5785286,3,2022-01-17T10:40:00,Strada Urbana,in prossimità,9089,PIAZZALE DELLE PROVINCIE,12,Scontro frontale/laterale DX fra veicoli in marcia,Rotatoria,Una carreggiata a senso unico di marcia,Asciutto,Asfaltata,Verticale ed orizzontale,Sereno,Intenso,Buona,0,0,0,3,12.521420000000001,41.909439999999996,True,,,
,5783594,5,2022-01-17T11:00:00,Strada Urbana,in corrispondenza,9299,VIA RENZO ROSSI,25,Veicolo in marcia contro veicolo fermo,Rettilineo,Una carreggiata a senso unico di marcia,Asciutto,Asfaltata,Verticale ed orizzontale,Sereno,Normale,Buona,0,0,0,3,12.54359,41.90936,True,,,
,5783498,7,2022-01-17T11:05:00,Strada Urbana,all'intersezione con,4139,VIA FILIPPO SMALDONE,,Scontro frontale/laterale SX fra veicoli in marcia,Incrocio,Una carreggiata a doppio senso,Asciutto,Asfaltata,Verticale ed orizzontale,Sereno,Normale,Buona,1,0,0,2,12.56108,41.89378,True,4904,VIA GIACOMO BRESADOLA,
,5783434,1,2022-01-17T11:15:00,Strada Urbana,in corrispondenza,6993,VIA MARMORATA,15,Veicolo in marcia contro ostacolo accidentale,Rettilineo,Una carreggiata a doppio senso,Asciutto,Asfaltata,Verticale ed orizzontale,Sereno,Normale,Buona,0,0,0,1,12.47926,41.878189999999996,True,,,
,5782557,2,2022-01-17T11:30:00,Strada Urbana,in corrispondenza,8214,VIA PAOLO FRISI,24,Veicolo in marcia contro veicolo in sosta,Curva a visuale libera,Una carreggiata a senso unico di marcia,Asciutto,Asfaltata,Verticale ed orizzontale,Sereno,Normale,Buona,0,0,0,1,12.483029999999999,41.92801,True,,,
,5782698,12,2022-01-17T11:30:00,Strada Urbana,da specificare,13628,LARGO LIDO DURANTI,,Veicolo in marcia contro veicolo fermo,Rettilineo,Una carreggiata a doppio senso,Asciutto,Asfaltata,Verticale ed orizzontale,Sereno,Normale,Buona,0,0,0,2,12.43595,41.777200000000001,True,,,FRONTE CIVICO 10
,5783401,15,2022-01-17T11:35:00,Strada Urbana,all'intersezione con,5483,VIA GIUSEPPE BELLUZZO,,Tamponamento,Incrocio,Una carreggiata a doppio senso,Asciutto,Asfaltata,Verticale ed orizzontale,Sereno,Normale,Buona,0,0,0,2,12.461880000000001,41.862589999999997,True,8975,VIA PORTUENSE,
,5784176,16,2022-01-17T11:50:00,Strada Urbana,in prossimità,8489,VIA PIER VETTORI,38,Veicolo in marcia contro veicolo in sosta,Rettilineo,Una carreggiata a senso unico di marcia,Asciutto,Asfaltata,Assente,Sereno,Normale,Buona,0,0,0,2,12.442019999999999,41.862189999999998,True,,,
,5783545,7,2022-01-17T13:15:00,Strada Urbana,da specificare,11065,VIA VALMONTONE,,Investimento di pedone,Curva a visuale libera,Una carreggiata a senso unico di marcia,Asciutto,Asfaltata,Verticale ed orizzontale,Sereno,Scarso,Buona,1,0,0,0,12.56082,41.87764,True,,,fronte civico 111
,5783353,8,2022-01-17T13:30:00,Strada Urbana,all'intersezione con,4363,VIA DEL FOSSO DI S. MAURA,,Scontro frontale/laterale DX fra veicoli in marcia,Incrocio,Una carreggiata a doppio senso,Asciutto,Asfaltata,Verticale ed orizzontale,Sereno,Scarso,Buona,0,0,0,4,12.599780000000001,41.857109999999999,True,10256,VIA STEFANO DELLA BELLA,
,5782641,6,2022-01-17T13:35:00,Strada Urbana,in corrispondenza,2403,VIA CASILINA,211,Tamponamento Multiplo,Rettilineo,Una carreggiata a senso unico di marcia,Asciutto,Asfaltata,Verticale ed orizzontale,Sereno,Normale,Buona,1,0,0,2,12.526540000000001,41.887070000000001,True,,,
,5783404,20,2022-01-17T13:55:00,Strada Urbana,all'intersezione semaforizzata con,6860,LUNGOTEVERE MARESCIALLO DIAZ,,Investimento di pedone,Intersezione semaforizzata,Due carreggiate,Asciutto,Asfaltata,Verticale ed orizzontale,Sereno,Normale,Sufficiente,0,0,0,2,12.461959999999999,41.933900000000001,True,6859,LARGO MARESCIALLO DIAZ,
,5783573,5,2022-01-17T14:05:00,Strada Urbana,in prossimità,8499,VIA DI PIETRALATA,169 - 165,Scontro frontale fra veicoli in marcia,Rettilineo,Una carreggiata a doppio senso,Asciutto,Asfaltata,Orizzontale,Sereno,Normale,Buona,0,0,0,2,12.540240000000001,41.925750000000001,True,,,
,5783462,15,2022-01-17T15:00:00,Strada Urbana,da specificare,6703,VIA DELLA MAGLIANA,,Scontro frontale/laterale SX fra veicoli in marcia,Rettilineo,Una carreggiata a doppio senso,Asciutto,Asfaltata,Orizzontale,Sereno,Normale,Buona,0,0,0,2,12.419639999999999,41.831740000000003,True,,,altezza rampa immissione GRA dir. Napoli
,5783357,1,2022-01-17T15:00:00,Strada Urbana,all'intersezione semaforizzata con,11158,VIA VENTI SETTEMBRE,,Scontro frontale fra veicoli in marcia,Intersezione semaforizzata,Una carreggiata a senso unico di marcia,Asciutto,Asfaltata,Verticale ed orizzontale,Sereno,Normale,Buona,2,0,0,0,12.49601,41.905619999999999,True,8447,VIA PIAVE,
,5784213,16,2022-01-17T15:05:00,Strada Urbana,in prossimità,3453,LARGO DON LUIGI GUANELLA,1,Tamponamento,Rettilineo,Due carreggiate,Asciutto,Asfaltata,Verticale ed orizzontale,Sereno,Normale,Buona,1,0,0,1,12.421620000000001,41.888289999999998,True,,,
,5785311,3,2022-01-17T15:30:00,Strada Urbana,all'intersezione semaforizzata con,3411,PIAZZA DOMENICO GNOLI,,Investimento di pedone,Intersezione semaforizzata,Una carreggiata a doppio senso,Asciutto,Asfaltata,Verticale ed orizzontale,Sereno,Normale,Buona,2,0,0,2,12.519909999999999,41.92004,True,11161,VIALE VENTUNO APRILE,
,5783539,15,2022-01-17T15:30:00,Strada Urbana,all'intersezione con,8713,VIA DELLA PISANA,,Scontro frontale/laterale DX fra veicoli in marcia,Intersezione stradale segnalata,Una carreggiata a doppio senso,Asciutto,Asfaltata,Verticale ed orizzontale,Sereno,Normale,Buona,0,0,0,4,12.38897,41.857680000000002,True,1647,VIA DI BRAVA,
,5783406,12,2022-01-17T15:40:00,Strada Urbana,in prossimità,2763,VIA DELLA CHIMICA,24,Tamponamento,Rettilineo,Una carreggiata a senso unico di marcia,Asciutto,Asfaltata,Verticale ed orizzontale,Sereno,Normale,Buona,0,0,0,2,12.46574,41.832709999999999,True,,,
,5783686,2,2022-01-17T15:40:00,Strada Urbana,in prossimità,1678,VIALE BRUNO BUOZZI,53A,Veicolo in marcia contro veicoli in sosta,Curva a visuale libera,Una carreggiata a doppio senso,Asciutto,Asfaltata,Orizzontale,Sereno,Normale,Buona,0,0,0,1,12.4856,41.921469999999999,True,,,
,5783417,4,2022-01-17T15:50:00,Provinciale entro l'abitato,all'intersezione con,7816,VIA NOMENTANA,,Scontro frontale/laterale DX fra veicoli in marcia,Intersezione stradale segnalata,Una carreggiata a doppio senso,Asciutto,Asfaltata,Verticale ed orizzontale,Sereno,Normale,Buona,0,0,0,2,12.57368,41.959049999999998,True,2000958,LARGO GIAMPIERO ARCI,
,5783465,4,2022-01-17T15:52:00,Strada Urbana,da specificare,2000958,LARGO GIAMPIERO ARCI,,Scontro laterale fra veicoli in marcia,Rettilineo,Una carreggiata a doppio senso,Asciutto,Asfaltata,Verticale ed orizzontale,Sereno,Scarso,Buona,0,0,0,2,12.56249,41.945749999999997,True,,,prossimità VIA NOMENTANA
,5783674,1,2022-01-17T16:10:00,Strada Urbana,da specificare,2648,VIA CERNAIA,,Scontro laterale fra veicoli in marcia,Rettilineo,Una carreggiata a senso unico di marcia,Asciutto,Asfaltata,Verticale ed orizzontale,Sereno,Normale,Buona,0,0,0,2,12.49858,41.9054,True,,,fronte civico 9
,5783696,2,2022-01-17T16:30:00,Strada Urbana,in corrispondenza,10334,VIA TAGLIAMENTO,62,Scontro frontale/laterale SX fra veicoli in marcia,Rettilineo,Una carreggiata a doppio senso,Asciutto,Asfaltata,Verticale ed orizzontale,Sereno,Normale,Buona,0,0,0,3,12.504479999999999,41.921080000000003,True,,,
,5783479,20,2022-01-17T17:00:00,Strada Urbana,da specificare,10776,VIA TRIONFALE,,Scontro laterale fra veicoli in marcia,Rettilineo,Una carreggiata a senso unico di marcia,Asciutto,Asfaltata,Verticale ed orizzontale,Sereno,Normale,Buona,0,0,0,2,12.40887,41.967930000000003,True,,,intersezione per rampa G.R.A. carreggiata esterna
,5783419,13,2022-01-17T17:00:00,Strada Urbana,all'intersezione con,1961,VIALE CAPITAN CASELLA,,Scontro frontale/laterale SX fra veicoli in marcia,Incrocio,Due carreggiate,Asciutto,Asfaltata,Assente,Sereno,Normale,Buona,0,0,0,4,12.291040000000001,41.729129999999998,True,8782,VIA POGGIO DI VENACO,
,5783603,5,2022-01-17T17:10:00,Strada Urbana,in prossimità,10478,VIA TIBURTINA,1040,Scontro laterale fra veicoli in marcia,Rettilineo,Due carreggiate,Asciutto,Asfaltata,Verticale ed orizzontale,Sereno,Normale,Sufficiente,0,0,0,2,12.582100000000001,41.932139999999997,True,,,
,5783743,7,2022-01-17T17:15:00,Strada Urbana,in corrispondenza,9572,VIA DELLA RUSTICA,273,Scontro laterale fra veicoli in marcia,Rettilineo,Una carreggiata a doppio senso,Asciutto,Asfaltata,Orizzontale,Sereno,Normale,Sufficiente,0,0,0,3,12.610900000000001,41.914099999999998,True,,,
,5783410,13,2022-01-17T17:15:00,Strada Urbana,all'intersezione con,9481,VIALE DEI ROMAGNOLI,,Scontro laterale fra veicoli in marcia,Incrocio,Una carreggiata a doppio senso,Asciutto,Asfaltata,Verticale ed orizzontale,Sereno,Normale,Buona,0,0,0,2,12.35737,41.782629999999997,True,15105,VIALE FRA' ANDREA DI GIOVANNI,
,5783398,13,2022-01-17T17:20:00,Strada Urbana,in corrispondenza,1405,VIA BEDOLLO,110,Scontro frontale/laterale DX fra veicoli in marcia,Rettilineo,Una carreggiata a doppio senso,Asciutto,Asfaltata,Verticale,Sereno,Normale,Buona,0,0,0,3,12.35647,41.732419999999998,True,,,
,5783450,18,2022-01-17T17:28:00,Strada Urbana,in prossimità,1547,VIA DI BOCCEA,388,Tamponamento,Rettilineo,Due carreggiate,Asciutto,Asfaltata,Verticale ed orizzontale,Sereno,Normale,Buona,0,0,0,3,12.41192,41.903280000000002,True,,,
,5783422,13,2022-01-17T17:30:00,Strada Urbana,da specificare,9481,VIALE DEI ROMAGNOLI,,Scontro frontale/laterale SX fra veicoli in marcia,Rettilineo,Una carreggiata a doppio senso,Asciutto,Asfaltata,Orizzontale,Sereno,Normale,Buona,1,0,0,1,12.35737,41.782629999999997,True,,,in corrispondenza di via Giuseppe Bernardo Gambaro
,5783492,18,2022-01-17T17:30:00,Strada Urbana,in prossimità,7532,VIA DI MONTESPACCATO,60,Scontro laterale fra veicoli in marcia,Rettilineo,Una carreggiata a senso unico di marcia,Asciutto,Asfaltata,Assente,Sereno,Scarso,Buona,0,0,0,2,12.392329999999999,41.908200000000001,True,,,
,5783399,13,2022-01-17T17:35:00,Strada Urbana,da specificare,5596,VIA GIUSEPPE MICALI,,Veicolo in marcia contro ostacolo accidentale,Rettilineo,Una carreggiata a doppio senso,Asciutto,Asfaltata,Verticale ed orizzontale,Sereno,Scarso,Insufficiente,0,0,0,1,12.31906,41.761049999999997,True,,,pross. Via Enrico Josi
,5783312,11,2022-01-17T18:15:00,Strada Urbana,da specificare,3216,VIA CRISTOFORO COLOMBO,,Scontro laterale fra veicoli in marcia,Rettilineo,Più di due carreggiate,Asciutto,Asfaltata,Orizzontale,Sereno,Normale,Buona,0,0,0,3,12.48808,41.852429999999998,True,,,prossimità VIA ACCADEMIA DEGLI AGIATI
,5784198,16,2022-01-17T18:20:00,Strada Urbana,in corrispondenza,4885,VIA GIACINTO CARINI,70,Investimento di pedone,Rettilineo,Una carreggiata a doppio senso,Asciutto,Asfaltata,Verticale ed orizzontale,Sereno,Normale,Sufficiente,1,0,0,1,12.460660000000001,41.882539999999999,True,,,
,5783402,13,2022-01-17T18:20:00,Strada Urbana,in corrispondenza,8998,VIALE PRASSILLA,95,Scontro frontale/laterale SX fra veicoli in marcia,Rettilineo,Due carreggiate,Asciutto,Asfaltata,Verticale,Sereno,Normale,Buona,0,0,0,2,12.357889999999999,41.753120000000003,True,,,
,5783508,15,2022-01-17T18:30:00,Strada Urbana,da specificare,6703,VIA DELLA MAGLIANA,,Veicolo in marcia contro ostacolo accidentale,Rettilineo,Una carreggiata a doppio senso,Asciutto,Asfaltata,Assente,Sereno,Normale,Buona,0,0,0,1,12.419639999999999,41.831740000000003,True,,,fronte civ.1052
,5783639,10,2022-01-17T18:30:00,Strada Urbana,all'intersezione con,6289,VIA LICINIO STOLONE,,Investimento di pedone,Intersezione stradale segnalata,Due carreggiate,Asciutto,Asfaltata,Verticale ed orizzontale,Sereno,Normale,Sufficiente,1,0,0,1,12.56377,41.857640000000004,True,6839,VIALE MARCO FULVIO NOBILIORE,
,5783688,2,2022-01-17T18:40:00,Strada Urbana,in prossimità,4106,VIA FILIPPO CIVININI,95,Veicolo in marcia contro veicolo fermo,Rettilineo,Una carreggiata a doppio senso,Asciutto,Asfaltata,Verticale ed orizzontale,Sereno,Normale,Buona,0,0,0,2,12.48143,41.925989999999999,True,,,
,5783397,20,2022-01-17T18:50:00,Strada Urbana,in corrispondenza,2947,VIA COLLEGIOVE,27,Veicolo in marcia contro veicolo in sosta,Rettilineo,Una carreggiata a senso unico di marcia,Asciutto,Asfaltata,Verticale,Sereno,Scarso,Buona,0,0,0,1,12.436489999999999,41.970939999999999,True,,,
,5783348,12,2022-01-17T19:00:00,Provinciale,da specificare,6856,VIA DEL MARE,,Veicolo in marcia che urta buche nella carreggiata,Rettilineo,Una carreggiata a doppio senso,Asciutto,Con buche,Verticale ed orizzontale,Sereno,Normale,Insufficiente,0,0,0,2,12.41737,41.800530000000002,True,,,"Km 13,100 dir. Ostia"
,5783333,11,2022-01-17T19:55:00,Strada Urbana,all'intersezione con,563,VIA ANDREA MANTEGNA,,Scontro laterale fra veicoli in marcia,Incrocio,Due carreggiate,Asciutto,Asfaltata,Verticale ed orizzontale,Sereno,Scarso,Buona,1,0,0,2,12.494009999999999,41.85181,True,4842,VIA DEI GEORGOFILI,
,5783445,19,2022-01-17T20:00:00,Strada Urbana,in prossimità,14293,VIA BENEDETTO ALOISI MASELLA,104,Veicolo in marcia contro ostacolo fisso,Curva senza visuale libera,Una carreggiata a doppio senso,Asciutto,Asfaltata,Orizzontale,Sereno,Scarso,Sufficiente,0,0,0,1,12.410299999999999,41.916370000000001,True,,,
,5783738,10,2022-01-17T20:15:00,Strada Urbana,all'intersezione con,653,VIALE ANICIO GALLO,,Scontro frontale/laterale DX fra veicoli in marcia,Incrocio,Due carreggiate,Asciutto,Asfaltata,Verticale ed orizzontale,Sereno,Normale,Buona,2,0,0,1,12.56366,41.854500000000002,True,883,VIALE APPIO CLAUDIO,
,5783555,4,2022-01-17T21:35:00,Strada Urbana,all'intersezione con,11089,VIA VALSUGANA,,Infortunio per sola frenata improvvisa,Intersezione stradale segnalata,Una carreggiata a senso unico di marcia,Asciutto,Asfaltata,Verticale ed orizzontale,Sereno,Normale,Sufficiente,1,0,0,0,12.52617,41.932540000000003,True,9595,VIA DI SACCO PASTORE,
,5785298,3,2022-01-17T23:00:00,Strada Urbana,da specificare,7816,VIA NOMENTANA,,Scontro laterale fra veicoli in marcia,Rettilineo,Due carreggiate,Asciutto,Asfaltata,Verticale ed orizzontale,Sereno,Scarso,Sufficiente,1,0,0,1,12.523619999999999,41.9236,True,,,in prox Via G. Vasi
,5783375,11,2022-01-18T00:45:00,Strada Urbana,all'intersezione con,11260,VIA DI VIGNA MURATA,,Fuoriuscita dalla sede stradale,Rotatoria,Due carreggiate,Asciutto,Asfaltata,Verticale ed orizzontale,Sereno,Scarso,Buona,1,0,0,0,12.517849999999999,41.827010000000001,True,958,VIA ARDEATINA,
,5783716,2,2022-01-18T02:00:00,Strada Urbana,all'intersezione con,10334,VIA TAGLIAMENTO,,Scontro frontale/laterale SX fra veicoli in marcia,Intersezione semaforizzata,Due carreggiate,Asciutto,Asfaltata,Verticale ed orizzontale,Sereno,Scarso,Sufficiente,0,0,0,5,12.50543,41.921750000000003,True,2743,VIA CHIANA,
,5784197,16,2022-01-18T04:00:00,Strada Urbana,in prossimità,4979,CIRCONVALLAZIONE GIANICOLENSE,45,Veicolo in marcia contro veicolo in sosta,Rettilineo,Più di due carreggiate,Asciutto,Asfaltata,Assente,Sereno,Scarso,Sufficiente,0,0,0,1,12.461919999999999,41.872579999999999,True,,,
,5783780,5,2022-01-18T05:00:00,Strada Urbana,in prossimità,10478,VIA TIBURTINA,1210,Scontro laterale fra veicoli in marcia,Rettilineo,Due carreggiate,Asciutto,Asfaltata,Assente,Sereno,Normale,Buona,0,0,0,3,12.60347,41.933489999999999,True,,,
,5784946,13,2022-01-18T07:53:00,Strada Urbana,da specificare,8040,VIA OSTIENSE,,Investimento di pedone,Rettilineo,Una carreggiata a doppio senso,Asciutto,Asfaltata,Verticale ed orizzontale,Sereno,Intenso,Buona,2,0,0,0,12.42292,41.810850000000002,True,,,direzione Roma palo Acea 556
,5785179,2,2022-01-18T08:00:00,Strada Urbana,in corrispondenza,1418,PIAZZALE DELLE BELLE ARTI,3,Scontro laterale fra veicoli in marcia,Rettilineo,Una carreggiata a doppio senso,Asciutto,Asfaltata,Verticale ed orizzontale,Sereno,Normale,Buona,0,0,0,1,12.47235,41.918799999999997,True,,,
,5783976,19,2022-01-18T08:05:00,Strada Urbana,in prossimità,6417,VIA DELLA LUCCHINA,312,Scontro laterale fra veicoli in marcia,Rettilineo,Una carreggiata a doppio senso,Asciutto,Asfaltata,Assente,Sereno,Scarso,Buona,0,0,0,2,12.393840000000001,41.953890000000001,True,,,
,5784216,17,2022-01-18T08:05:00,Strada Urbana,all'intersezione semaforizzata con,587,VIALE ANGELICO,,Investimento di pedone,Intersezione semaforizzata,Più di due carreggiate,Asciutto,Asfaltata,Verticale ed orizzontale,Sereno,Normale,Buona,1,0,0,2,12.458629999999999,41.917200000000001,True,4660,VIA GABRIELE CAMOZZI,
,5784796,8,2022-01-18T08:20:00,Strada Urbana,in prossimità,46,VIA ACHEMENIDE,8,Scontro laterale fra veicoli in marcia,Rettilineo,Una carreggiata a senso unico di marcia,Asciutto,Asfaltata,Assente,Sereno,Scarso,Buona,0,0,0,3,12.61673,41.88185,True,,,
,5783885,1,2022-01-18T08:30:00,Strada Urbana,in prossimità,8929,PIAZZA DI PORTA METRONIA,16,Infortunio per sola frenata improvvisa,Curva senza visuale libera,Una carreggiata a senso unico di marcia,Bagnato (umidità in atto),Asfaltata,Assente,Sereno,Normale,Buona,1,0,0,0,,,False,,,
,5783991,10,2022-01-18T09:00:00,Strada Urbana,all'intersezione semaforizzata con,10826,CIRCONVALLAZIONE TUSCOLANA,,Scontro laterale fra veicoli in marcia,Intersezione semaforizzata,Più di due carreggiate,Asciutto,Asfaltata,Verticale ed orizzontale,Sereno,Normale,Buona,0,0,0,3,12.57002,41.852290000000004,True,10827,VIA TUSCOLANA,
,5784058,1,2022-01-18T09:13:00,Strada Urbana,da specificare,7793,PIAZZA NICOSIA,,Scontro laterale fra veicoli in marcia,Rettilineo,Una carreggiata a senso unico di marcia,Asciutto,In cubetti di porfido,Verticale ed orizzontale,Sereno,Normale,Buona,0,0,0,2,12.47476,41.903219999999997,True,,,altezza civico 13
,5784936,7,2022-01-18T09:20:00,Strada Urbana,in prossimità,8141,VIA DELLE PALME,193,Veicolo in marcia contro veicolo in sosta,Rettilineo,Una carreggiata a senso unico di marcia,Asciutto,Asfaltata,Verticale ed orizzontale,Sereno,Normale,Buona,0,0,0,2,12.572329999999999,41.890819999999998,True,,,
,5784938,4,2022-01-18T09:25:00,Strada Urbana,in prossimità,13710,VIALE TITINA DE FILIPPO,101,Tamponamento Multiplo,Rettilineo,Due carreggiate,Asciutto,Asfaltata,Verticale ed orizzontale,Sereno,Normale,Buona,0,0,0,2,12.515940000000001,41.969070000000002,True,,,
,5783869,19,2022-01-18T09:30:00,Strada Urbana,all'intersezione con,2000106,VIA S S AUDIFACE ED ABACUC,,Investimento di pedone,Incrocio,Una carreggiata a senso unico di marcia,Asciutto,Asfaltata,Orizzontale,Sereno,Scarso,Buona,0,0,0,2,12.375769999999999,41.951239999999999,False,2000107,VIA SAN BASILIDE,
,5785066,2,2022-01-18T09:30:00,Strada Urbana,in corrispondenza,1678,VIALE BRUNO BUOZZI,43,Scontro laterale fra veicoli in marcia,Rettilineo,Una carreggiata a doppio senso,Asciutto,Asfaltata,Verticale ed orizzontale,Sereno,Normale,Buona,1,0,0,1,12.48649,41.921599999999998,True,,,
,5785083,1,2022-01-18T09:55:00,Strada Urbana,in corrispondenza,10714,VIALE DI TRASTEVERE,141,Veicolo in marcia contro veicolo fermo,Rettilineo,Più di due carreggiate,Asciutto,Asfaltata,Verticale ed orizzontale,Sereno,Normale,Buona,0,0,0,3,12.4709,41.885109999999997,False,,,
,5784433,15,2022-01-18T10:00:00,Strada Urbana,da specificare,8862,VIADOTTO DELLA MAGLIANA,,Fuoriuscita dalla sede stradale,Rettilineo,Due carreggiate,Asciutto,Asfaltata,Verticale ed orizzontale,Sereno,Normale,Buona,0,0,0,1,12.46336,41.841999999999999,True,,,ALTEZZA PONTE MAGLIANA IN PROSS. DEL PALO LUCE 92
,5784933,5,2022-01-18T10:30:00,Strada Urbana,da specificare,15721,VIA CARLO ARTURO JEMOLO,,Tamponamento,Rettilineo,Una carreggiata a senso unico di marcia,Asciutto,Asfaltata,Verticale ed orizzontale,Sereno,Normale,Buona,0,0,0,2,12.58939,41.946480000000001,True,,,in prossimità Via Menichella
,5784978,7,2022-01-18T10:30:00,Strada Urbana,all'intersezione con,5370,VIA GIROLAMO COCCONI,,Veicolo in marcia contro veicolo fermo,Incrocio,Una carreggiata a doppio senso,Asciutto,Asfaltata,Verticale ed orizzontale,Sereno,Scarso,Buona,0,0,0,3,12.56331,41.894240000000003,True,4139,VIA FILIPPO SMALDONE,
,5784849,8,2022-01-18T11:00:00,Strada Urbana,da specificare,2403,VIA CASILINA,,Scontro laterale fra veicoli in marcia,Rettilineo,Una carreggiata a doppio senso,Asciutto,Asfaltata,Verticale ed orizzontale,Sereno,Normale,Buona,0,0,0,2,12.62121,41.862589999999997,True,,,prox via Varvariana
,5783393,11,2022-01-18T11:00:00,Strada Urbana,in prossimità,4257,VIA FONTE BUONO,32,Veicolo in marcia contro veicolo fermo,Rettilineo,Una carreggiata a senso unico di marcia,Asciutto,Asfaltata,Verticale ed orizzontale,Sereno,Normale,Buona,0,0,0,2,12.484159999999999,41.84646,True,,,
,5784612,1,2022-01-18T11:10:00,Strada Urbana,all'intersezione con,3276,VIA DANDOLO,,Scontro laterale fra veicoli in marcia,Incrocio,Una carreggiata a doppio senso,Asciutto,Asfaltata,Verticale ed orizzontale,Sereno,Normale,Buona,0,0,0,2,12.46651,41.885100000000001,True,10736,VIALE TRENTA APRILE,
,5785383,16,2022-01-18T11:20:00,,all'intersezione con,1649,VIA DI BRAVETTA,,Veicolo in marcia contro veicolo arresto,,,,,,,,,0,0,0,2,,,False,6798,VIA DEI MARCELLINI,
,5785465,16,2022-01-18T11:50:00,Strada Urbana,in prossimità,2149,PIAZZA CARLO FORLANINI,25,Tamponamento Multiplo,Rettilineo,Due carreggiate,Asciutto,Asfaltata,Verticale ed orizzontale,Sereno,Normale,Buona,0,0,0,4,12.44994,41.86656,True,,,
,5784911,4,2022-01-18T12:30:00,Statale,da specificare,9609,VIA SALARIA,,Tamponamento,Rettilineo,Due carreggiate,Asciutto,Asfaltata,Verticale ed orizzontale,Sereno,Normale,Buona,0,0,0,2,12.5115,41.987349999999999,True,,,fronte aeroporto Urbe
,5784847,17,2022-01-18T13:00:00,Strada Urbana,da specificare,6862,PIAZZALE MARESCIALLO GIARDINO,,Scontro frontale/laterale DX fra veicoli in marcia,Rettilineo,Una carreggiata a senso unico di marcia,Asciutto,Asfaltata,Verticale ed orizzontale,Sereno,Normale,Buona,1,0,0,2,12.458629999999999,41.923999999999999,True,,,fronte VIALE ANGELICO
,5784598,1,2022-01-18T13:40:00,Strada Urbana,in corrispondenza,11158,VIA VENTI SETTEMBRE,11,Tamponamento,Rettilineo,Una carreggiata a doppio senso,Asciutto,Asfaltata,Verticale ed orizzontale,Sereno,Normale,Buona,0,0,0,2,12.492660000000001,41.903320000000001,True,,,
,5784881,8,2022-01-18T14:00:00,Strada Urbana,in prossimità,2403,VIA CASILINA,1609 A,Investimento di pedone,Rettilineo,Due carreggiate,Asciutto,Asfaltata,Verticale ed orizzontale,Sereno,Normale,Buona,1,0,0,1,12.638540000000001,41.863610000000001,True,,,
,5785112,17,2022-01-18T14:15:00,Strada Urbana,all'intersezione con,5418,VIALE GIULIO CESARE,,Veicolo in marcia contro ostacolo fisso,Intersezione semaforizzata,Più di due carreggiate,Asciutto,Asfaltata,Verticale ed orizzontale,Sereno,Normale,Buona,0,0,0,1,12.462719999999999,41.910539999999997,False,11437,VIA VIRGINIO ORSINI,
,5784385,9,2022-01-18T14:25:00,,all'intersezione con,8823,VIA POMEZIA,,Scontro frontale/laterale DX fra veicoli in marcia,,,,,,,,,0,0,0,2,12.511670000000001,41.880470000000003,False,3782,VIA ETRURIA,
,5785101,1,2022-01-18T15:00:00,Strada Urbana,in prossimità,11149,PIAZZA VENEZIA,16,Tamponamento,Rettilineo,Una carreggiata a senso unico di marcia,Asciutto,In cubetti di porfido,Verticale ed orizzontale,Sereno,Normale,Buona,1,0,0,1,12.48265,41.896279999999997,False,,,
,5784873,11,2022-01-18T15:00:00,Strada Urbana,all'intersezione semaforizzata con,6714,VIA MAGNAGRECIA,,Tamponamento Multiplo,Intersezione semaforizzata,Una carreggiata a doppio senso,Asciutto,Asfaltata,Verticale ed orizzontale,Sereno,Normale,Buona,0,0,0,5,12.50835,41.882190000000001,True,506,VIA AMITERNO,
,5784985,8,2022-01-18T15:20:00,Strada Urbana,all'intersezione con,9040,VIA PRENESTINA,,Scontro frontale/laterale DX fra veicoli in marcia,Incrocio,Due carreggiate,Asciutto,Asfaltata,Verticale ed orizzontale,Sereno,Scarso,Buona,0,0,0,2,12.61548,41.893259999999998,True,2000839,VIA ROMOLO VASELLI,
,5785079,2,2022-01-18T15:25:00,Strada Urbana,all'intersezione con,4933,PONTE GIACOMO MATTEOTTI,,Scontro frontale/laterale DX fra veicoli in marcia,Incrocio,Una carreggiata a senso unico di marcia,Asciutto,Asfaltata,Verticale ed orizzontale,Sereno,Normale,Buona,1,0,0,1,12.471690000000001,41.914529999999999,True,7683,LUNGOTEVERE DELLE NAVI,
,5785602,3,2022-01-18T15:30:00,Strada Urbana,da specificare,12777,CIRCONVALLAZIONE TIBURTINA,,Tamponamento,Rettilineo,Una carreggiata a senso unico di marcia,Asciutto,Asfaltata,Verticale ed orizzontale,Sereno,Intenso,Buona,0,0,0,3,12.52675,41.89855,True,,,dir. San Giovanni  prossimità lampione ACEA 46
,5784907,8,2022-01-18T15:40:00,Strada Urbana,da specificare,2000231,VIA VINCENZO BONIFATI,,Scontro laterale fra veicoli in marcia,Rotatoria,Una carreggiata a senso unico di marcia,Asciutto,Asfaltata,Verticale ed orizzontale,Sereno,Normale,Buona,2,0,0,2,12.660410000000001,41.916400000000003,True,,,prox immissione A24
,5784937,12,2022-01-18T15:50:00,Strada Urbana,da specificare,5833,PIAZZA GUGLIELMO MARCONI,,Scontro laterale fra veicoli in marcia,Rotatoria,Una carreggiata a senso unico di marcia,Asciutto,Asfaltata,Verticale ed orizzontale,Sereno,Normale,Buona,0,0,0,3,12.47113,41.833460000000002,True,,,direzione Roma centro
,5784979,17,2022-01-18T16:07:00,Strada Urbana,da specificare,6273,PIAZZA DELLA LIBERTA',,Veicolo in marcia contro veicolo fermo,Rettilineo,Una carreggiata a senso unico di marcia,Asciutto,Asfaltata,Verticale ed orizzontale,Sereno,Normale,Buona,1,0,0,2,12.471590000000001,41.909880000000001,False,,,PROX SOTTOPASSO LGTV MICHELANGELO
,5784964,4,2022-01-18T16:10:00,Strada Urbana,all'intersezione con,9977,VIA DI SETTEBAGNI,,Scontro laterale fra veicoli in marcia,Intersezione stradale segnalata,Due carreggiate,Asciutto,Asfaltata,Verticale,Sereno,Normale,Buona,0,0,0,2,12.540190000000001,41.977260000000001,True,6194,VIA LELLO MADDALENO,
,5785011,19,2022-01-18T16:20:00,Strada Urbana,all'intersezione con,10655,VIA DI TORREVECCHIA,,Scontro frontale/laterale DX fra veicoli in marcia,Intersezione stradale segnalata,Una carreggiata a doppio senso,Asciutto,Asfaltata,Verticale,Sereno,Normale,Buona,0,0,0,3,12.41831,41.930149999999998,True,5335,VIA GIOVANNI STEFANO BONACOSSA,
,5785821,13,2022-01-18T16:25:00,Strada Urbana,all'intersezione con,5900,VIA DELL'IDROSCALO,,Scontro frontale fra veicoli in marcia,Incrocio,Una carreggiata a doppio senso,Asciutto,Asfaltata,Verticale ed orizzontale,Sereno,Normale,Buona,0,0,0,1,12.257820000000001,41.739139999999999,True,15027,VIA DELLA TORTUGA,
,5785062,8,2022-01-18T17:20:00,Strada Urbana,da specificare,10688,VIA DI TOR VERGATA,,Veicolo in marcia contro ostacolo fisso,Rettilineo,Più di due carreggiate,Asciutto,Asfaltata,Verticale ed orizzontale,Sereno,Normale,Buona,0,0,0,1,12.622590000000001,41.846769999999999,True,,,prox via M. Alessio dir. via Mario Pastore
,5785188,12,2022-01-18T17:40:00,Provinciale entro l'abitato,da specificare,9002,VIA DI PRATICA,,Veicolo in marcia che urta buche nella carreggiata,Rettilineo,Una carreggiata a doppio senso,Asciutto,Asfaltata,Verticale ed orizzontale,Sereno,Normale,Sufficiente,0,0,0,2,12.445220000000001,41.689239999999998,True,,,prossimità civico 239 direzione Roma
,5784589,9,2022-01-18T18:00:00,Strada Urbana,da specificare,10351,PIAZZA TARQUINIA,,Veicolo in marcia contro ostacolo fisso,Rettilineo,Due carreggiate,Asciutto,Asfaltata,Verticale ed orizzontale,Sereno,Normale,Buona,0,0,0,1,,,False,,,fronte civico 2
,5784855,15,2022-01-18T18:15:00,Strada Urbana,all'intersezione con,8713,VIA DELLA PISANA,,Scontro frontale/laterale DX fra veicoli in marcia,Incrocio,Una carreggiata a doppio senso,Bagnato (umidità in atto),Asfaltata,Verticale ed orizzontale,Sereno,Normale,Sufficiente,0,0,0,2,12.38897,41.857680000000002,True,1647,VIA DI BRAVA,
,5785010,6,2022-01-18T18:20:00,Strada Urbana,in prossimità,96,VIALE DELL'ACQUEDOTTO ALESSANDRINO,140,Infortunio per sola frenata improvvisa,Rettilineo,Una carreggiata a senso unico di marcia,Asciutto,Asfaltata,Verticale ed orizzontale,Sereno,Scarso,Sufficiente,1,0,0,0,12.54646,41.876249999999999,True,,,
,5784836,20,2022-01-18T18:40:00,Strada Urbana,in corrispondenza,4017,VIA DI FEMMINAMORTA,225,Veicolo in marcia contro ostacolo accidentale,Rettilineo,Una carreggiata a doppio senso,Asciutto,Acciotolata,Assente,Sereno,Scarso,Insufficiente,0,0,0,1,12.37195,42.070390000000003,True,,,
,5784904,12,2022-01-18T18:40:00,Strada Urbana,in prossimità,6165,VIA LAURENTINA,838,Investimento di pedone,Rettilineo,Più di due carreggiate,Asciutto,Asfaltata,Verticale ed orizzontale,Sereno,Normale,Insufficiente,2,0,0,0,12.4834,41.806240000000003,True,,,
,5784909,9,2022-01-18T19:00:00,Strada Urbana,in prossimità,6144,VIA LA SPEZIA,80,Scontro laterale fra veicoli in marcia,Rettilineo,Una carreggiata a doppio senso,Asciutto,Asfaltata,Verticale ed orizzontale,Sereno,Normale,Buona,0,0,0,2,12.51962,41.886850000000003,True,,,
,5784860,10,2022-01-18T19:00:00,Strada Urbana,all'intersezione con,883,VIALE APPIO CLAUDIO,,Scontro frontale/laterale DX fra veicoli in marcia,Intersezione stradale segnalata,Una carreggiata a senso unico di marcia,Asciutto,Asfaltata,Verticale ed orizzontale,Sereno,Normale,Buona,0,0,0,2,12.562519999999999,41.853470000000002,True,653,VIALE ANICIO GALLO,
,5784900,15,2022-01-18T19:00:00,Strada Urbana,in corrispondenza,15348,VIA LANFRANCO MAROI,82,Investimento di pedone,Rettilineo,Una carreggiata a doppio senso,Asciutto,Asfaltata,Orizzontale,Sereno,Scarso,Buona,0,0,0,2,12.41686,41.844230000000003,True,,,
,5785054,7,2022-01-18T19:30:00,Strada Urbana,in prossimità,4601,VIA DEI FRASSINI,92,Veicolo in marcia contro veicolo in sosta,Rettilineo,Una carreggiata a senso unico di marcia,Asciutto,Asfaltata,Verticale ed orizzontale,Sereno,Normale,Buona,0,0,0,1,12.568210000000001,41.882710000000003,True,,,
,5784901,9,2022-01-18T19:40:00,Strada Urbana,all'intersezione semaforizzata con,2403,VIA CASILINA,,Infortunio per sola frenata improvvisa,Incrocio,Due carreggiate,Asciutto,Asfaltata,Verticale ed orizzontale,Sereno,Normale,Buona,1,0,0,0,12.52641,41.886020000000002,True,2404,VIA CASILINA VECCHIA,
,5785178,17,2022-01-18T19:45:00,Strada Urbana,all'intersezione semaforizzata con,2581,PONTE CAVOUR,,Scontro frontale/laterale SX fra veicoli in marcia,Intersezione semaforizzata,Una carreggiata a doppio senso,Asciutto,Asfaltata,Verticale ed orizzontale,Sereno,Normale,Sufficiente,1,0,0,4,12.47349,41.905059999999999,True,7142,LUNGOTEVERE DEI MELLINI,
,5784815,11,2022-01-18T19:50:00,Strada Urbana,all'intersezione con,8040,VIA OSTIENSE,,Tamponamento,Incrocio,Più di due carreggiate,Asciutto,Asfaltata,Verticale ed orizzontale,Sereno,Normale,Sufficiente,1,0,0,1,12.47505,41.849710000000002,True,14912,VIA DEI CADUTI SENZA CROCE,
,5784914,12,2022-01-18T19:55:00,Strada Urbana,all'intersezione con,1407,VIALE BEETHOVEN,,Scontro frontale/laterale DX fra veicoli in marcia,Incrocio,Una carreggiata a doppio senso,Asciutto,Asfaltata,Verticale ed orizzontale,Sereno,Scarso,Sufficiente,0,0,0,2,12.46686,41.833260000000003,True,1104,VIALE DELL'ASTRONOMIA,
,5785081,2,2022-01-18T20:00:00,Strada Urbana,all'intersezione con,7703,VIA NEMORENSE,,Scontro laterale fra veicoli in marcia,Incrocio,Una carreggiata a doppio senso,Asciutto,Asfaltata,Verticale ed orizzontale,Sereno,Scarso,Buona,0,0,0,2,12.510669999999999,41.927120000000002,True,3581,PIAZZA DI S. EMERENZIANA,
,5784902,15,2022-01-18T20:30:00,Strada Urbana,all'intersezione con,8526,VIA PIETRO BLASERNA,,Tamponamento,Incrocio,Una carreggiata a doppio senso,Asciutto,Asfaltata,Verticale ed orizzontale,Sereno,Scarso,Sufficiente,0,0,0,3,12.47147,41.86598,True,5612,VIA GIUSEPPE PEANO,
,5785132,1,2022-01-18T20:35:00,Strada Urbana,all'intersezione con,11106,VIA VARESE,,Scontro frontale/laterale DX fra veicoli in marcia,Incrocio,Una carreggiata a senso unico di marcia,Asciutto,Asfaltata,Verticale ed orizzontale,Sereno,Scarso,Buona,1,0,0,1,12.50554,41.90278,True,7232,VIA MILAZZO,
,5785781,23,2022-01-18T20:50:00,Strada Urbana,all'intersezione con,2037,VIALE DEL CARAVAGGIO,,Scontro frontale/laterale DX fra veicoli in marcia,Incrocio,Una carreggiata a doppio senso,Asciutto,Asfaltata,Verticale ed orizzontale,Sereno,Scarso,Sufficiente,2,0,0,1,12.49478,41.851109999999998,True,4842,VIA DEI GEORGOFILI,
,5784970,6,2022-01-18T22:00:00,Provinciale entro l'abitato,in prossimità,9040,VIA PRENESTINA,33,Tamponamento,Rettilineo,Una carreggiata a doppio senso,Asciutto,Asfaltata,Orizzontale,Sereno,Scarso,Sufficiente,0,0,0,2,12.519080000000001,41.891640000000002,True,,,
,5784961,12,2022-01-18T22:45:00,Statale,all'intersezione con,8040,VIA OSTIENSE,,Scontro laterale fra veicoli in marcia,Intersezione stradale segnalata,Una carreggiata a doppio senso,Bagnato (umidità in atto),Asfaltata,Verticale ed orizzontale,Sereno,Scarso,Buona,1,0,0,5,12.42292,41.810850000000002,True,15191,VIA CESARE FRUGONI,
,5785114,17,2022-01-18T22:55:00,Strada Urbana,in corrispondenza,5531,VIA GIUSEPPE FERRARI,FR 49,Tamponamento,Rettilineo,Una carreggiata a doppio senso,Asciutto,Asfaltata,Orizzontale,Sereno,Scarso,Sufficiente,1,0,0,2,12.46381,41.914949999999997,True,,,
,5785058,9,2022-01-18T23:30:00,Strada Urbana,in prossimità,8861,PIAZZA DI PONTE LUNGO,2,Veicolo in marcia contro veicolo in sosta,Rettilineo,Una carreggiata a senso unico di marcia,Asciutto,Asfaltata,Orizzontale,Sereno,Scarso,Buona,0,0,0,1,12519,41.877249999999997,True,,,
,5785163,1,2022-01-19T06:05:00,Strada Urbana,in corrispondenza,7670,VIA NAPOLEONE III,94,Investimento di pedone,Rettilineo,Una carreggiata a doppio senso,Asciutto,Asfaltata,Verticale ed orizzontale,Sereno,Scarso,Sufficiente,1,0,0,1,12.503450000000001,41.895949999999999,True,,,
,5786857,2,2022-01-19T06:45:00,Strada Urbana,in prossimità,7816,VIA NOMENTANA,387,Veicolo in marcia contro ostacolo fisso,Rettilineo,Due carreggiate,Asciutto,Asfaltata,Verticale ed orizzontale,Sereno,Normale,Buona,0,0,0,1,12.52248,41.925690000000003,True,,,
,5785065,10,2022-01-19T07:00:00,Strada Urbana,da specificare,16330,PIAZZA FABIO SABATINI,,Infortunio per caduta del veicolo,Rotatoria,Una carreggiata a senso unico di marcia,Asciutto,Asfaltata,Verticale ed orizzontale,Sereno,Normale,Buona,0,0,0,2,12.59057,41.852789999999999,True,,,rotatoria altezza viale Antonio Ciamarra
,5785581,18,2022-01-19T07:30:00,Strada Urbana,in prossimità,3627,VIA ENNIO BONIFAZI,54,Scontro laterale fra veicoli in marcia,Pendenza,Una carreggiata a doppio senso,Asciutto,Asfaltata,Verticale ed orizzontale,Sereno,Normale,Buona,0,0,0,2,12.416589999999999,41.9054,True,,,
,5785331,9,2022-01-19T08:10:00,Strada Urbana,all'intersezione semaforizzata con,2521,VIALE CASTRENSE,,Infortunio per caduta del veicolo,Intersezione semaforizzata,Due carreggiate,Asciutto,Strada pavimentata dissestata,Verticale ed orizzontale,Sereno,Intenso,Buona,1,0,0,0,12.51478,41.887360000000001,True,7813,VIA NOLA,
,5785044,6,2022-01-19T08:15:00,Strada Urbana,in corrispondenza,3060,VIA CONTE DI CARMAGNOLA,29,Veicolo in marcia contro veicolo fermo,Rettilineo,Una carreggiata a senso unico di marcia,Asciutto,Asfaltata,Assente,Sereno,Normale,Buona,0,0,0,3,12.53392,41.890219999999999,True,,,
,5786455,11,2022-01-19T08:15:00,Strada Urbana,da specificare,5786,VIA DI GROTTA PERFETTA,,Scontro frontale/laterale SX fra veicoli in marcia,Curva a visuale libera,Una carreggiata a doppio senso,Asciutto,Asfaltata,Verticale ed orizzontale,Sereno,Intenso,Buona,0,0,0,2,12.50168,41.840519999999998,True,,,Altezza Palo 160
,5786531,20,2022-01-19T08:35:00,Strada Urbana,da specificare,4295,VIA DEL FORO ITALICO,,Tamponamento,Galleria illuminata,Due carreggiate,Asciutto,Asfaltata,Orizzontale,Sereno,Intenso,Buona,1,0,0,1,12.47593,41.940860000000001,True,,,Galleria Fleming direz. Stadio
,5785577,3,2022-01-19T08:40:00,Strada Urbana,in prossimità,5976,VIA DI S. IPPOLITO,24,Scontro frontale/laterale SX fra veicoli in marcia,Pendenza,Una carreggiata a senso unico di marcia,Asciutto,Asfaltata,Verticale ed orizzontale,Sereno,Normale,Buona,2,0,0,1,12.52398,41.910620000000002,True,,,
,5786453,13,2022-01-19T08:55:00,Strada Urbana,all'intersezione con,5030,VIA GINO BONICHI,,Scontro frontale fra veicoli in marcia,Incrocio,Due carreggiate,Asciutto,Asfaltata,Verticale ed orizzontale,Sereno,Scarso,Buona,2,0,0,0,12.358829999999999,41.776600000000002,True,10381,VIA TELEMACO SIGNORINI,
,5787608,12,2022-01-19T09:10:00,Strada Urbana,da specificare,12374,VIA ALESSANDRO MINUZIANO,,Scontro laterale fra veicoli in marcia,Rettilineo,Una carreggiata a doppio senso,Asciutto,Asfaltata,Verticale,Sereno,Normale,Buona,0,0,0,3,12.480370000000001,41.768250000000002,True,,,altezza civico 16
,5786113,17,2022-01-19T09:30:00,Strada Urbana,in prossimità,6910,VIA MARIANNA DIONIGI,59,Veicolo in marcia che urta buche nella carreggiata,Rettilineo,Una carreggiata a senso unico di marcia,Asciutto,Con buche,Verticale ed orizzontale,Sereno,Normale,Buona,1,0,0,0,12.47081,41.906010000000002,False,,,
,5785346,9,2022-01-19T09:30:00,Strada Urbana,da specificare,142,VIA ADRIA,,Scontro laterale fra veicoli in marcia,Rettilineo,Una carreggiata a senso unico di marcia,Asciutto,Asfaltata,Verticale ed orizzontale,Sereno,Normale,Buona,0,0,0,3,12.521000000000001,41.878149999999998,True,,,prossimità VIA TUSCOLANA
,5786588,10,2022-01-19T09:40:00,Strada Urbana,in corrispondenza,2809,PIAZZA DI CINECITTA',5,Scontro laterale fra veicoli in marcia,Curva a visuale libera,Due carreggiate,Asciutto,Asfaltata,Verticale ed orizzontale,Sereno,Normale,Buona,0,0,0,3,12.568070000000001,41.854089999999999,True,,,
,5786482,20,2022-01-19T10:00:00,Strada Urbana,in corrispondenza,2416,VIA CASSIA,585,Scontro frontale/laterale DX fra veicoli in marcia,Curva a visuale libera,Una carreggiata a doppio senso,Asciutto,Asfaltata,Orizzontale,Sereno,Normale,Buona,1,0,0,2,12.44961,41.96217,True,,,
,5785987,19,2022-01-19T10:05:00,Strada Urbana,in corrispondenza,7581,VIA DEI MONTI DI PRIMAVALLE,57,Veicolo in marcia contro veicolo fermo,Rettilineo,Una carreggiata a doppio senso,Asciutto,Asfaltata,Verticale ed orizzontale,Sereno,Normale,Buona,1,0,0,1,12.413489999999999,41.912260000000003,True,,,
,5786381,8,2022-01-19T10:15:00,Strada Urbana,da specificare,13712,VIA DI TOR BELLA MONACA,,Scontro laterale fra veicoli in marcia,Rettilineo,Due carreggiate,Asciutto,Asfaltata,Verticale ed orizzontale,Sereno,Normale,Buona,0,0,0,2,12.62809,41.876429999999999,True,,,prox cavalcavia Via di Torrenova dir. Via Casilina
,5786552,5,2022-01-19T10:25:00,Strada Urbana,da specificare,10478,VIA TIBURTINA,,Scontro laterale fra veicoli in marcia,Rettilineo,Più di due carreggiate,Asciutto,Asfaltata,Verticale ed orizzontale,Sereno,Normale,Buona,1,0,0,1,12.57133,41.92445,True,,,alt. VIA DI CASAL DEI PAZZI
,5786007,19,2022-01-19T10:30:00,Strada Urbana,in prossimità,7123,VIALE DELLE MEDAGLIE D'ORO,103,Infortunio per caduta del veicolo,Curva a visuale libera,Una carreggiata a doppio senso,Asciutto,Asfaltata,Orizzontale,Sereno,Normale,Buona,0,0,0,1,12.444190000000001,41.911369999999998,True,,,
,5785473,12,2022-01-19T10:30:00,Provinciale entro l'abitato,da specificare,6165,VIA LAURENTINA,,Veicolo in marcia contro ostacolo fisso,Rotatoria,Una carreggiata a senso unico di marcia,Asciutto,Asfaltata,Verticale ed orizzontale,Nuvoloso,Normale,Buona,0,0,0,1,12.485609999999999,41.810319999999997,True,,,rotatoria altezza VIA GUTENBERG dir. Roma
,5786539,5,2022-01-19T10:30:00,Strada Urbana,in corrispondenza,5577,VIA GIUSEPPE MARCOTTI,48,Scontro frontale/laterale DX fra veicoli in marcia,Rettilineo,Una carreggiata a doppio senso,Asciutto,Asfaltata,Verticale ed orizzontale,Sereno,Normale,Buona,0,0,0,2,12.53932,41.90954,True,,,
,5785644,18,2022-01-19T10:40:00,Strada Urbana,in prossimità,5774,VIA GREGORIO XIII,13/B,Scontro frontale fra veicoli in marcia,Rettilineo,Una carreggiata a doppio senso,Asciutto,Asfaltata,Verticale ed orizzontale,Sereno,Normale,Buona,2,0,0,0,12.41874,41.904850000000003,True,,,
,5785439,9,2022-01-19T10:45:00,Strada Urbana,da specificare,878,VIA APPIA NUOVA,,Scontro frontale/laterale DX fra veicoli in marcia,Rettilineo,Due carreggiate,Asciutto,Asfaltata,Verticale ed orizzontale,Sereno,Normale,Buona,0,0,0,2,12.51308,41.882840000000002,True,,,fronte PIAZZA SULMONA
,5786487,13,2022-01-19T10:50:00,Strada Urbana,all'intersezione semaforizzata con,3216,VIA CRISTOFORO COLOMBO,,Scontro frontale/laterale DX fra veicoli in marcia,Intersezione semaforizzata,Più di due carreggiate,Asciutto,Asfaltata,Verticale ed orizzontale,Sereno,Normale,Buona,1,0,0,2,12.41151,41.785829999999997,True,3729,VIA ERMANNO WOLF FERRARI,
,5785580,12,2022-01-19T11:00:00,Strada Urbana,in prossimità,6165,VIA LAURENTINA,865,Tamponamento Multiplo,Rettilineo,Più di due carreggiate,Asciutto,Asfaltata,Verticale ed orizzontale,Nebbia,Normale,Sufficiente,2,0,0,3,12.487019999999999,41.807099999999998,True,,,
,5786462,15,2022-01-19T11:10:00,Strada Urbana,all'intersezione con,8975,VIA PORTUENSE,,Tamponamento Multiplo,Intersezione semaforizzata,Una carreggiata a doppio senso,Asciutto,Asfaltata,Verticale ed orizzontale,Sereno,Normale,Buona,1,0,0,4,12.413970000000001,41.846899999999998,True,13542,VIALE ARTURO MARTINI,
,5786442,13,2022-01-19T12:09:00,Strada Urbana,all'intersezione con,66,VIA DI ACILIA,,Scontro frontale/laterale DX fra veicoli in marcia,Incrocio,Una carreggiata a doppio senso,Asciutto,Asfaltata,Verticale ed orizzontale,Sereno,Normale,Buona,2,0,0,1,12.37133,41.77346,True,16611,VIA ANGELO CANEVARI,
,5786481,13,2022-01-19T12:10:00,Strada Urbana,in corrispondenza,6856,VIA DEL MARE,26.6,Tamponamento,Rettilineo,Una carreggiata a doppio senso,Asciutto,Asfaltata,Verticale ed orizzontale,Sereno,Normale,Sufficiente,0,0,0,4,12.463229999999999,41.840260000000001,True,,,
,5785651,10,2022-01-19T12:48:00,Strada Urbana,da specificare,521,VIA ANAGNINA,,Tamponamento,Rettilineo,Due carreggiate,Asciutto,Asfaltata,Verticale ed orizzontale,Sereno,Intenso,Buona,0,0,0,4,12.58794,41.839950000000002,True,,,Fronte Via Capistrano
,5786562,5,2022-01-19T13:00:00,Strada Urbana,all'intersezione con,5528,VIA GIUSEPPE DONATI,,Scontro laterale fra veicoli in marcia,Incrocio,Una carreggiata a senso unico di marcia,Asciutto,Asfaltata,Verticale ed orizzontale,Sereno,Normale,Buona,1,0,0,1,12.54833,41.90699,True,2830,VIA CIPRIANO FACCHINETTI,
,5785729,7,2022-01-19T13:10:00,Strada Urbana,in prossimità,1032,VIA ARPINO,21,Scontro frontale/laterale SX fra veicoli in marcia,Rettilineo,Una carreggiata a senso unico di marcia,Asciutto,Asfaltata,Assente,Sereno,Scarso,Buona,0,0,0,2,12.56368,41.87753,True,,,
,5786392,11,2022-01-19T13:15:00,Strada Urbana,all'intersezione con,958,VIA ARDEATINA,,Tamponamento Multiplo,Intersezione stradale segnalata,Una carreggiata a doppio senso,Asciutto,Asfaltata,Verticale ed orizzontale,Sereno,Intenso,Buona,0,0,0,3,12.51313,41.853299999999997,True,5409,VIA GIULIO ARISTIDE SARTORIO,
,5785822,19,2022-01-19T13:20:00,Strada Urbana,in prossimità,10291,VIA STRESA,166,Tamponamento,Rettilineo,Una carreggiata a doppio senso,Asciutto,Asfaltata,Orizzontale,Nuvoloso,Normale,Buona,0,0,0,2,12.44195,41.937800000000003,True,,,
,5786492,13,2022-01-19T13:40:00,,all'intersezione con,6638,LUNGOMARE LUTAZIO CATULO,,Tamponamento,,,,,,,,,0,0,0,2,12.31024,41.716859999999997,False,10864,VIA UGOLINO VIVALDI,
,5786854,2,2022-01-19T13:50:00,Strada Urbana,da specificare,6037,CORSO D'ITALIA,,Scontro laterale fra veicoli in marcia,Curva a visuale libera,Una carreggiata a senso unico di marcia,Asciutto,Asfaltata,Verticale ed orizzontale,Sereno,Normale,Buona,0,0,0,1,12.49752,41.910870000000003,True,,,pross. VIA PINCIANA
,5786490,9,2022-01-19T14:00:00,Strada Urbana,da specificare,103,VIA ACQUI,,Tamponamento,Rettilineo,Una carreggiata a doppio senso,Asciutto,Asfaltata,Verticale ed orizzontale,Sereno,Normale,Buona,0,0,0,2,12.516299999999999,41.877389999999998,True,,,PROX 9
,5785708,6,2022-01-19T14:30:00,Strada Urbana,in corrispondenza,6352,VIA LODOVICO PAVONI,58,Tamponamento,Rettilineo,Una carreggiata a senso unico di marcia,Asciutto,Asfaltata,Verticale ed orizzontale,Sereno,Scarso,Buona,0,0,0,1,12.54171,41.884079999999997,True,,,
,5786861,2,2022-01-19T14:30:00,Strada Urbana,in prossimità,9609,VIA SALARIA,fr. 226,Veicolo in marcia contro veicolo in sosta,Rettilineo,Una carreggiata a doppio senso,Asciutto,Asfaltata,Verticale ed orizzontale,Sereno,Normale,Buona,0,0,0,0,12.5115,41.987349999999999,True,,,
,5786505,13,2022-01-19T14:40:00,Strada Urbana,da specificare,3729,VIA ERMANNO WOLF FERRARI,,Tamponamento,Rettilineo,Una carreggiata a doppio senso,Asciutto,Asfaltata,Verticale ed orizzontale,Sereno,Normale,Buona,0,0,0,3,12.377940000000001,41.748170000000002,True,,,in corrispondenza stazione servizio ESSO
,5785990,7,2022-01-19T15:15:00,Strada Urbana,all'intersezione con,10426,PIAZZA TEOFRASTO,,Veicolo in marcia contro veicolo arresto,Incrocio,Una carreggiata a senso unico di marcia,Asciutto,Asfaltata,Verticale ed orizzontale,Sereno,Normale,Buona,0,0,0,2,12.564019999999999,41.891449999999999,True,3962,VIA FEDERICO DELPINO,
,5786863,2,2022-01-19T15:30:00,Strada Urbana,all'intersezione con,3813,PIAZZA EUCLIDE,,Tamponamento,Intersezione semaforizzata,Più di due carreggiate,Asciutto,Asfaltata,Verticale ed orizzontale,Sereno,Scarso,Buona,0,0,0,2,12.481109999999999,41.926920000000003,True,4106,VIA FILIPPO CIVININI,
,5786386,8,2022-01-19T15:30:00,Strada Urbana,in prossimità,12913,VIA MANDAS,6,Veicolo in marcia contro veicolo in sosta,Rettilineo,Una carreggiata a doppio senso,Asciutto,Asfaltata,Verticale ed orizzontale,Sereno,Intenso,Buona,0,0,0,3,12.69595,41.884059999999998,True,,,
,5786367,1,2022-01-19T15:40:00,Strada Urbana,in prossimità,230,PIAZZA ALBANIA,14,Scontro laterale fra veicoli in marcia,Rettilineo,Più di due carreggiate,Asciutto,Acciotolata,Verticale ed orizzontale,Sereno,Normale,Buona,1,0,0,0,,,False,,,
,5786586,7,2022-01-19T15:45:00,Strada Urbana,all'intersezione con,9040,VIA PRENESTINA,,Scontro frontale/laterale SX fra veicoli in marcia,Intersezione semaforizzata,Due carreggiate,Asciutto,Asfaltata,Verticale ed orizzontale,Sereno,Normale,Buona,0,0,0,2,12.5631,41.895020000000002,True,5370,VIA GIROLAMO COCCONI,
,5786572,4,2022-01-19T16:00:00,Strada Urbana,in prossimità,1697,VIA DELLA BUFALOTTA,1011,Tamponamento,Rettilineo,Una carreggiata a doppio senso,Asciutto,Asfaltata,Verticale ed orizzontale,Sereno,Normale,Buona,2,0,0,1,12.551769999999999,41.974870000000003,True,,,
,5786921,17,2022-01-19T16:00:00,Strada Urbana,in prossimità,5189,VIA GIOVANNI BOVIO,19,Veicolo in marcia contro veicolo in sosta,Rettilineo,Una carreggiata a senso unico di marcia,Asciutto,Asfaltata,Verticale ed orizzontale,Sereno,Normale,Buona,0,0,0,0,12.45091,41.912680000000002,False,,,
,5786755,20,2022-01-19T16:10:00,Strada Urbana,all'intersezione con,12163,VIA PASQUALE JANNACCONE,,Scontro frontale/laterale DX fra veicoli in marcia,Incrocio,Due carreggiate,Asciutto,Asfaltata,Verticale ed orizzontale,Nebbia,Intenso,Buona,0,0,0,3,12.47462,41.941299999999998,True,1352,VIA BARTOLOMEO GOSIO,
,5786574,15,2022-01-19T16:15:00,Strada Urbana,da specificare,9188,PIAZZA DELLA RADIO,,Scontro laterale fra veicoli in marcia,Rettilineo,Due carreggiate,Asciutto,Asfaltata,Verticale ed orizzontale,Sereno,Normale,Buona,0,0,0,2,12.466939999999999,41.870019999999997,True,,,fronte area parcheggio prossimità Via Pacinotti
,5786499,18,2022-01-19T16:20:00,Statale entro l'abitato,all'intersezione con,1194,VIA AURELIA,,Scontro frontale fra veicoli in marcia,Incrocio,Una carreggiata a doppio senso,Asciutto,Asfaltata,Verticale ed orizzontale,Sereno,Normale,Buona,1,0,0,1,12.401160000000001,41.886099999999999,True,8541,VIA PIETRO CIRIACI,
,5786608,15,2022-01-19T16:35:00,Strada Urbana,da specificare,3414,VIA DOMENICO LUPATELLI,,Veicolo in marcia contro veicolo in sosta,Rettilineo,Una carreggiata a doppio senso,Asciutto,Asfaltata,Assente,Sereno,Normale,Buona,0,0,0,2,12.45365,41.851019999999998,True,,,FRONTE CIVICO 1
,5785993,6,2022-01-19T16:50:00,Strada Urbana,in corrispondenza,2936,VIA COLLATINA,109,Tamponamento,Rettilineo,Una carreggiata a doppio senso,Asciutto,Asfaltata,Verticale ed orizzontale,Sereno,Normale,Buona,2,0,0,2,12.568899999999999,41.901440000000001,True,,,
,5786483,11,2022-01-19T16:50:00,Strada Urbana,da specificare,11328,VIA DELLA VILLA DI LUCINA,,Veicolo in marcia contro veicolo fermo,Rettilineo,Due carreggiate,Asciutto,Asfaltata,Verticale,Sereno,Normale,Buona,0,0,0,3,12.48448,41.856769999999997,True,,,FRONTE CIV. 51
,5787250,16,2022-01-19T16:55:00,,in prossimità,3601,VIA EMILIO LAMI,14,Veicolo in marcia contro veicolo in sosta,,,,,,,,,0,0,0,1,12.44773,41.872549999999997,False,,,
,5786387,8,2022-01-19T17:00:00,Strada Urbana,in corrispondenza,12565,VIA CINO DEL DUCA,64,Scontro frontale fra veicoli in marcia,Rettilineo,Una carreggiata a doppio senso,Asciutto,Asfaltata,Assente,Sereno,Scarso,Buona,0,0,0,2,12.633419999999999,41.861609999999999,True,,,
,5786593,20,2022-01-19T17:00:00,Strada Urbana,all'intersezione con,3489,VIA DEI DUE PONTI,,Scontro frontale fra veicoli in marcia,Incrocio,Una carreggiata a doppio senso,Asciutto,Asfaltata,Verticale ed orizzontale,Sereno,Normale,Sufficiente,0,0,0,3,12.470129999999999,41.965649999999997,True,11463,VIA VITO SINISI,
,5786501,13,2022-01-19T17:20:00,Strada Urbana,all'intersezione con,8040,VIA OSTIENSE,,Veicolo in marcia contro veicolo arresto,Intersezione semaforizzata,Una carreggiata a doppio senso,Asciutto,Asfaltata,Verticale ed orizzontale,Sereno,Normale,Buona,1,0,0,1,12.42292,41.810850000000002,True,1238,VIA DELLE AZZORRE,
,5786220,20,2022-01-19T17:25:00,Provinciale,da specificare,10472,VIA TIBERINA,,Investimento di pedone,Rettilineo,Una carreggiata a doppio senso,Asciutto,Asfaltata,Orizzontale,Sereno,Normale,Sufficiente,0,0,1,2,12.505129999999999,42.026499999999999,True,,,altezza civico 391
,5787236,16,2022-01-19T17:55:00,Strada Urbana,da specificare,1195,VIA AURELIA ANTICA,,Scontro frontale/laterale DX fra veicoli in marcia,Rettilineo,Una carreggiata a doppio senso,Asciutto,Asfaltata,Verticale ed orizzontale,Sereno,Normale,Buona,0,0,0,3,12.447950000000001,41.872669999999999,True,,,fronte civico 94
,5786427,12,2022-01-19T18:00:00,Strada Urbana,da specificare,3529,VIALE EGEO,,Investimento di pedone,Rettilineo,Una carreggiata a doppio senso,Asciutto,Asfaltata,Verticale ed orizzontale,Sereno,Normale,Buona,0,1,0,1,12.45702,41.832479999999997,True,,,altezza palo acea 125
,5786389,8,2022-01-19T18:00:00,Strada Urbana,in corrispondenza,10011,VIA SICULIANA,140/E,Tamponamento,Rettilineo,Una carreggiata a senso unico alternato,Asciutto,Asfaltata,Verticale ed orizzontale,Sereno,Normale,Sufficiente,0,0,0,3,12.65465,41.870629999999998,True,,,
,5787082,23,2022-01-19T18:10:00,Strada Urbana,da specificare,10856,VIA UGO DELLA SETA,,Tamponamento,Rettilineo,Una carreggiata a doppio senso,Asciutto,Asfaltata,Verticale ed orizzontale,Sereno,Normale,Buona,1,0,0,4,12.525650000000001,41.962200000000003,True,,,fermata bus ugo della seta
,5786874,2,2022-01-19T18:25:00,Strada Urbana,da specificare,4580,CORSO DI FRANCIA,,Tamponamento,Curva a visuale libera,Una carreggiata a senso unico di marcia,Asciutto,Asfaltata,Verticale ed orizzontale,Sereno,Normale,Buona,0,0,0,2,12.471679999999999,41.936709999999998,True,,,alt. svincolo direzionale P.ZZA ANKARA
,5787431,1,2022-01-19T18:40:00,Strada Urbana,in prossimità,9058,VIA PRINCIPE AMEDEO,182,Veicolo in marcia contro veicoli in sosta,Rettilineo,Una carreggiata a senso unico di marcia,Asciutto,In cubetti di porfido,Verticale ed orizzontale,Nuvoloso,Normale,Buona,0,0,0,1,12.505269999999999,41.895960000000002,True,,,
,5786587,1,2022-01-19T19:00:00,Strada Urbana,in prossimità,11489,CORSO VITTORIO EMANUELE II,65,Tamponamento,Rettilineo,Una carreggiata a doppio senso,Asciutto,Asfaltata,Verticale ed orizzontale,Sereno,Normale,Sufficiente,1,0,0,1,12.476039999999999,41.896270000000001,True,,,
,5786395,8,2022-01-19T19:15:00,Strada Urbana,da specificare,13712,VIA DI TOR BELLA MONACA,,Tamponamento Multiplo,Rettilineo,Due carreggiate,Asciutto,Asfaltata,Assente,Sereno,Intenso,Buona,0,0,0,3,12.62809,41.876429999999999,True,,,prox cavalcavia Torrenova dir. Casilina
,5786602,10,2022-01-19T19:30:00,Strada Urbana,in corrispondenza,9100,VIA PUBLIO VALERIO,98,Veicolo in marcia contro veicolo in sosta,Rettilineo,Una carreggiata a doppio senso,Asciutto,Asfaltata,Verticale ed orizzontale,Sereno,Normale,Buona,0,0,0,1,12.567270000000001,41.857430000000001,True,,,
,5786581,5,2022-01-19T19:40:00,Strada Urbana,da specificare,4117,VIA FILIPPO FIORENTINI,,Scontro laterale fra veicoli in marcia,Rettilineo,Due carreggiate,Asciutto,Asfaltata,Orizzontale,Sereno,Normale,Buona,1,0,0,1,12.556710000000001,41.906289999999998,True,,,cavalcavia via Bergamini
,5786757,17,2022-01-19T19:40:00,Strada Urbana,in prossimità,5178,VIA GIOVANNI BETTOLO,25,Scontro laterale fra veicoli in marcia,Rettilineo,Una carreggiata a senso unico di marcia,Asciutto,Asfaltata,Verticale ed orizzontale,Sereno,Normale,Sufficiente,0,0,0,3,12.45608,41.911729999999999,False,,,
,5786690,10,2022-01-19T19:50:00,Strada Urbana,all'intersezione con,16626,VIA MARIO BROGLIO,,Veicolo in marcia contro ostacolo fisso,Intersezione non regolata/non segnalata,Una carreggiata a doppio senso,Asciutto,Asfaltata,Verticale ed orizzontale,Sereno,Normale,Buona,0,0,0,2,12.58311,41.83466,True,2294,VIA DEL CASALE FERRANTI,
,5786849,2,2022-01-19T20:00:00,Strada Urbana,in corrispondenza,6274,VIALE LIBIA,7,Veicolo in marcia contro ostacolo accidentale,Rettilineo,Due carreggiate,Asciutto,Asfaltata,Verticale ed orizzontale,Sereno,Normale,Sufficiente,1,0,0,0,12.51638,41.929589999999997,True,,,
,5786610,7,2022-01-19T20:15:00,Strada Urbana,all'intersezione con,8045,VIA OSTUNI,,Veicolo in marcia contro veicolo in sosta,Incrocio,Una carreggiata a senso unico di marcia,Asciutto,Asfaltata,Orizzontale,Sereno,Normale,Buona,0,0,0,0,12.576230000000001,41.89105,True,9122,PIAZZA DEL QUARTICCIOLO,
,5786402,8,2022-01-19T20:42:00,Strada Urbana,da specificare,2403,VIA CASILINA,,Investimento di pedone,Rettilineo,Una carreggiata a doppio senso,Asciutto,Asfaltata,Verticale ed orizzontale,Sereno,Scarso,Buona,0,0,1,1,12.62121,41.862589999999997,True,,,palo luce 694
,5786524,1,2022-01-19T20:45:00,Strada Urbana,in prossimità,9356,LUNGOTEVERE RIPA,7,Scontro laterale fra veicoli in marcia,Rettilineo,Una carreggiata a senso unico di marcia,Asciutto,Asfaltata,Verticale ed orizzontale,Sereno,Normale,Buona,1,0,0,1,12.47865,41.886850000000003,True,,,
,5786451,13,2022-01-19T21:20:00,Provinciale,in corrispondenza,6856,VIA DEL MARE,13.95,Veicolo in marcia contro veicolo fermo,Rettilineo,Una carreggiata a doppio senso,Asciutto,Asfaltata,Orizzontale,Sereno,Normale,Buona,0,0,0,2,12.463229999999999,41.840260000000001,True,,,
,5786561,18,2022-01-19T23:30:00,Strada Urbana,in prossimità,5772,VIA GREGORIO VII,125,Scontro laterale fra veicoli in marcia,Rettilineo,Più di due carreggiate,Asciutto,Asfaltata,Orizzontale,Sereno,Normale,Sufficiente,1,0,0,1,12.449479999999999,41.895940000000003,True,,,
,5786537,19,2022-01-20T02:05:00,Strada Urbana,all'intersezione con,8565,VIA PIETRO GASPARRI,,Scontro frontale/laterale SX fra veicoli in marcia,Incrocio,Una carreggiata a doppio senso,Asciutto,Asfaltata,Orizzontale,Nuvoloso,Scarso,Sufficiente,0,0,0,5,12.414429999999999,41.922400000000003,True,6376,VIA LORENZO LITTA,
,5787010,17,2022-01-20T02:20:00,Strada Urbana,in prossimità,9774,LUNGOTEVERE IN SASSIA,1,Veicolo in marcia contro veicoli in sosta,Rettilineo,Una carreggiata a senso unico di marcia,Asciutto,Asfaltata,Verticale ed orizzontale,Sereno,Scarso,Buona,1,0,0,0,12.463010000000001,41.900309999999998,True,,,
,5786705,10,2022-01-20T05:40:00,Strada Urbana,all'intersezione semaforizzata con,12766,VIA RAIMONDO SCINTU,,Scontro frontale/laterale SX fra veicoli in marcia,Intersezione semaforizzata,Due carreggiate,Bagnato (pioggia),Asfaltata,Verticale ed orizzontale,Pioggia in atto,Scarso,Buona,1,0,0,1,12.5791,41.855910000000002,True,12770,VIALE ROLANDO VIGNALI,
,5786514,13,2022-01-20T05:40:00,Strada Urbana,all'intersezione con,7318,VIA MONGIANA,,Scontro frontale/laterale SX fra veicoli in marcia,Intersezione stradale segnalata,Una carreggiata a senso unico di marcia,Bagnato (pioggia),Asfaltata,Verticale ed orizzontale,Nuvoloso,Scarso,Sufficiente,0,0,0,3,12.37754,41.794550000000001,True,4853,VIA GEROCARNE,
,5788435,1,2022-01-20T06:30:00,Strada Urbana,in prossimità,11489,CORSO VITTORIO EMANUELE II,140,Tamponamento,Rettilineo,Una carreggiata a doppio senso,Bagnato (pioggia),Asfaltata,Verticale ed orizzontale,Pioggia in atto,Scarso,Insufficiente,0,0,0,1,12.473750000000001,41.896430000000002,True,,,
,5787022,17,2022-01-20T06:30:00,Strada Urbana,all'intersezione con,3205,VIA CRESCENZIO,,Investimento di pedone,Incrocio,Una carreggiata a doppio senso,Bagnato (pioggia),In cubetti di porfido,Verticale ed orizzontale,Pioggia in atto,Normale,Buona,1,0,0,1,12.463850000000001,41.905720000000002,True,8838,VIA POMPONIO LETO,
,5788099,4,2022-01-20T06:55:00,Strada Urbana,da specificare,10866,VIA UGO OJETTI,,Investimento di pedone,Rettilineo,Due carreggiate,Bagnato (pioggia),Asfaltata,Verticale ed orizzontale,Pioggia in atto,Normale,Buona,1,0,0,1,12.55458,41.947049999999997,True,,,fronte civico 406
,5788216,13,2022-01-20T07:45:00,,da specificare,1908,VIA DEL CANALE DELLA LINGUA,,Scontro laterale fra veicoli in marcia,,,,,,,,,0,0,0,3,,,False,,,ALTEZZA Idrovore
,5788215,7,2022-01-20T08:15:00,Strada Urbana,da specificare,9040,VIA PRENESTINA,,Scontro laterale fra veicoli in marcia,Rotatoria,Una carreggiata a senso unico di marcia,Bagnato (pioggia),Asfaltata,Verticale ed orizzontale,Pioggia in atto,Normale,Buona,1,0,0,1,12.604150000000001,41.89358,True,,,ROTATORIA ALTEZZA VIA E. LONGONI
,5788142,8,2022-01-20T08:30:00,,in prossimità,13936,VIA BAGALADI,37,Scontro laterale fra veicoli in marcia,,,,,,,,,0,0,0,2,,,False,,,
,5787481,1,2022-01-20T08:35:00,,in prossimità,7121,VIA MECENATE,10,Veicolo in marcia contro veicolo in sosta,,,,,,,,,0,0,0,1,,,False,,,
,5788141,2,2022-01-20T09:00:00,Strada Urbana,da specificare,4295,VIA DEL FORO ITALICO,,Tamponamento,Rettilineo,Una carreggiata a senso unico di marcia,Bagnato (pioggia),Asfaltata,Orizzontale,Pioggia in atto,Intenso,Buona,1,0,0,1,12.481339999999999,41.940219999999997,True,,,alt. palo acea n. 281 dir. stadio
,5788125,20,2022-01-20T09:10:00,Strada Urbana,da specificare,2416,VIA CASSIA,,Scontro laterale fra veicoli in marcia,Curva senza visuale libera,Una carreggiata a doppio senso,Bagnato (pioggia),Asfaltata,Verticale ed orizzontale,Pioggia in atto,Normale,Sufficiente,0,0,0,3,12.4137,41.982779999999998,True,,,n. 413 direz. via Cortina D'Ampezzo
,5788232,2,2022-01-20T09:25:00,Strada Urbana,all'intersezione semaforizzata con,183,VIA DELL'AGONISTICA,,Scontro laterale fra veicoli in marcia,Incrocio,Una carreggiata a doppio senso,Bagnato (pioggia),Asfaltata,Verticale ed orizzontale,Pioggia in atto,Normale,Buona,0,0,0,2,12.490220000000001,41.933840000000004,True,1865,VIA DEI CAMPI SPORTIVI,
,5788378,7,2022-01-20T09:40:00,Strada Urbana,da specificare,11904,VIALE PALMIRO TOGLIATTI,,Veicolo in marcia contro veicolo in sosta,Rettilineo,Una carreggiata a doppio senso,Asciutto,Asfaltata,Verticale ed orizzontale,Sereno,Scarso,Buona,0,0,0,0,12.574020000000001,41.896859999999997,True,,,PARCHEGGIO ESSELUNGA
,5787106,18,2022-01-20T09:40:00,Statale,in corrispondenza,1194,VIA AURELIA,10.8,Veicolo in marcia contro ostacolo fisso,Rettilineo,Due carreggiate,Bagnato (pioggia),Asfaltata,Verticale ed orizzontale,Pioggia in atto,Normale,Sufficiente,0,0,0,1,12.37529,41.884529999999998,True,,,
,5787503,15,2022-01-20T09:45:00,Strada Urbana,in prossimità,6703,VIA DELLA MAGLIANA,601,Veicolo in marcia contro veicoli in sosta,Pendenza,Una carreggiata a doppio senso,Bagnato (pioggia),Asfaltata,Assente,Pioggia in atto,Scarso,Buona,2,0,0,0,12.43131,41.833660000000002,True,,,
,5787331,19,2022-01-20T10:00:00,Strada Urbana,all'intersezione con,8666,VIA DELLA PINETA SACCHETTI,,Scontro laterale fra veicoli in marcia,Incrocio,Una carreggiata a senso unico di marcia,Bagnato (pioggia),Asfaltata,Assente,Pioggia in atto,Intenso,Sufficiente,1,0,0,3,12.42747,41.930219999999998,True,2000461,VIA FRANCESCO CRUCITTI,
,5788275,5,2022-01-20T10:15:00,Strada Urbana,da specificare,13655,VIA IGINO GIORDANI,,Tamponamento,Rettilineo,Una carreggiata a doppio senso,Bagnato (pioggia),Asfaltata,Verticale ed orizzontale,Pioggia in atto,Normale,Buona,1,0,0,2,12.56334,41.906750000000002,True,,,fronte civico 61
,5788129,11,2022-01-20T10:15:00,Strada Urbana,da specificare,958,VIA ARDEATINA,,Scontro frontale/laterale SX fra veicoli in marcia,Curva a visuale libera,Una carreggiata a doppio senso,Bagnato (pioggia),Asfaltata,Orizzontale,Nuvoloso,Normale,Buona,1,0,0,2,12.51324,41.853409999999997,True,,,PROSSIMITA' PALO LUCE 78
,5788304,5,2022-01-20T10:25:00,Strada Urbana,all'intersezione con,3351,VIA DIEGO ANGELI,,Scontro frontale/laterale SX fra veicoli in marcia,Incrocio,Due carreggiate,Bagnato (umidità in atto),Asfaltata,Verticale ed orizzontale,Nuvoloso,Normale,Sufficiente,0,0,0,3,12.550459999999999,41.909680000000002,True,3209,VIA DEI CRISPOLTI,
,5788950,23,2022-01-20T10:50:00,Strada Urbana,in corrispondenza,953,VIA DELL'ARCO DI TRAVERTINO,20,Veicolo in marcia contro veicoli in sosta,Rettilineo,Due carreggiate,Bagnato (pioggia),Asfaltata,Verticale ed orizzontale,Pioggia in atto,Normale,Buona,0,0,0,2,12.537100000000001,41.86853,True,,,
,5788224,13,2022-01-20T10:50:00,,in prossimità,5900,VIA DELL'IDROSCALO,24,Scontro frontale fra veicoli in marcia,,,,,,,,,0,0,0,3,12.241009999999999,41.740079999999999,False,,,
,5788764,16,2022-01-20T11:00:00,Statale,in prossimità,1194,VIA AURELIA,f.c.1051,Veicolo in marcia contro ostacolo fisso,Curva a visuale libera,Una carreggiata a senso unico di marcia,Bagnato (umidità in atto),Asfaltata,Verticale ed orizzontale,Pioggia in atto,Normale,Buona,1,0,0,0,12.401160000000001,41.886099999999999,True,,,
,5788415,7,2022-01-20T11:00:00,Strada Urbana,da specificare,2000910,VIA MARISA BELLISARIO,,Scontro laterale fra veicoli in marcia,Rotatoria,Una carreggiata a senso unico di marcia,Bagnato (pioggia),Asfaltata,Verticale ed orizzontale,Pioggia in atto,Normale,Buona,0,0,0,3,12.60731,41.882989999999999,True,,,ROTATORIA ALTEZZA VIA PRENESTINA
,5786968,10,2022-01-20T11:15:00,Strada Urbana,all'intersezione con,1747,VIA CAIO CANULEIO,,Scontro frontale/laterale SX fra veicoli in marcia,Incrocio,Una carreggiata a senso unico di marcia,Bagnato (pioggia),Asfaltata,Verticale ed orizzontale,Pioggia in atto,Normale,Buona,1,0,0,2,12.563940000000001,41.850569999999998,True,10508,VIALE TITO LABIENO,
,5787609,15,2022-01-20T11:20:00,Strada Urbana,all'intersezione con,6206,VIA LEONARDO GREPPI,,Scontro frontale/laterale DX fra veicoli in marcia,Intersezione stradale segnalata,Una carreggiata a doppio senso,Bagnato (pioggia),Asfaltata,Verticale ed orizzontale,Pioggia in atto,Normale,Buona,0,0,0,4,12.458920000000001,41.862789999999997,True,11262,VIA DI VIGNA PIA,
,5788345,5,2022-01-20T11:20:00,Strada Urbana,da specificare,2000847,NUOVA CIRCONVALLAZIONE INTERNA,,Tamponamento,Galleria illuminata,Una carreggiata a senso unico di marcia,Bagnato (pioggia),Asfaltata,Verticale ed orizzontale,Pioggia in atto,Normale,Buona,0,0,0,3,12.527900000000001,41.920699999999997,True,,,prossimità uscita Monti Tiburtini
,5788097,4,2022-01-20T11:20:00,Strada Urbana,all'intersezione semaforizzata con,5629,VIA GIUSEPPE PRINA,,Investimento di pedone,Intersezione semaforizzata,Una carreggiata a doppio senso,Bagnato (pioggia),Asfaltata,Orizzontale,Pioggia in atto,Normale,Buona,2,0,0,1,12.52197,41.958019999999998,True,4440,VIA FRANCESCO COCCO ORTU,
,5788183,17,2022-01-20T12:00:00,Strada Urbana,in prossimità,556,VIA ANDREA DORIA,33,Veicolo in marcia contro veicoli in sosta,Rettilineo,Una carreggiata a doppio senso,Bagnato (pioggia),Asfaltata,Verticale ed orizzontale,Grandine in atto,Normale,Sufficiente,0,0,0,1,12.453440000000001,41.909860000000002,True,,,
,5788128,8,2022-01-20T12:10:00,Strada Urbana,da specificare,13712,VIA DI TOR BELLA MONACA,,Veicolo in marcia contro ostacolo fisso,Curva senza visuale libera,Una carreggiata a senso unico di marcia,Bagnato (pioggia),Asfaltata,Verticale ed orizzontale,Pioggia in atto,Normale,Buona,0,0,0,1,12.615830000000001,41.889719999999997,True,,,uscita T.B.M. provenienza G.R.A. (direz. Casilina)
,5788110,8,2022-01-20T12:15:00,Strada Urbana,in corrispondenza,8328,VIA PATERNO',22,Scontro frontale/laterale DX fra veicoli in marcia,Rettilineo,Una carreggiata a senso unico di marcia,Bagnato (pioggia),Asfaltata,Verticale,Pioggia in atto,Scarso,Buona,1,0,0,1,12.67132,41.858400000000003,True,,,
,5787392,12,2022-01-20T12:45:00,Strada Urbana,da specificare,8862,VIADOTTO DELLA MAGLIANA,,Ribaltamento senza urto contro ostacolo fisso,Curva senza visuale libera,Due carreggiate,Bagnato (pioggia),Asfaltata,Verticale ed orizzontale,Pioggia in atto,Intenso,Buona,1,0,0,0,12.458880000000001,41.838839999999998,True,,,DIR. FIUMICINO PALO LUCE 92
,5788203,20,2022-01-20T12:50:00,Strada Urbana,da specificare,10606,VIALE DI TOR DI QUINTO,,Tamponamento Multiplo,Rettilineo,Una carreggiata a doppio senso,Bagnato (pioggia),Asfaltata,Verticale ed orizzontale,Pioggia in atto,Normale,Buona,0,0,0,5,12.478479999999999,41.944710000000001,True,,,fronte civ. 47
,5787243,18,2022-01-20T12:50:00,Strada Urbana,in prossimità,3978,VIA FEDERICO PATETTA,4/b,Investimento di pedone,Curva a visuale libera,Una carreggiata a doppio senso,Bagnato (pioggia),Asfaltata,Verticale ed orizzontale,Nuvoloso,Normale,Buona,1,0,0,0,12.427849999999999,41.904060000000001,False,,,
,5788886,23,2022-01-20T12:55:00,Strada Urbana,da specificare,4771,PONTE GARIBALDI,,Scontro laterale fra veicoli in marcia,Rettilineo,Più di due carreggiate,Asciutto,Asfaltata,Verticale ed orizzontale,Sereno,Normale,Buona,0,0,0,2,12.47437,41.890549999999998,True,,,carreggiata laterale dir. v.le trastevere
,5787368,1,2022-01-20T13:10:00,Strada Urbana,in corrispondenza,2582,VIA CAVOUR,57,Investimento di pedone,Rettilineo,Una carreggiata a doppio senso,Bagnato (pioggia),Asfaltata,Assente,Pioggia in atto,Normale,Buona,2,0,0,0,12.498200000000001,41.899430000000002,True,,,
,5787536,12,2022-01-20T13:25:00,Strada Urbana,all'intersezione semaforizzata con,3216,VIA CRISTOFORO COLOMBO,,Tamponamento Multiplo,Intersezione semaforizzata,Una carreggiata a senso unico di marcia,Bagnato (umidità in atto),Asfaltata,Verticale ed orizzontale,Sereno,Normale,Buona,0,0,0,4,12.41151,41.785829999999997,True,10878,VIALE DELL'UMANESIMO,
,5787239,6,2022-01-20T13:30:00,Strada Urbana,all'intersezione semaforizzata con,3065,VIA CONTE VERDE,,Scontro laterale fra veicoli in marcia,Intersezione semaforizzata,Una carreggiata a doppio senso,Bagnato (pioggia),Asfaltata,Verticale ed orizzontale,Nuvoloso,Normale,Buona,0,0,0,3,12.508609999999999,41.892189999999999,True,6778,VIALE MANZONI,
,5787293,9,2022-01-20T13:35:00,Strada Urbana,in prossimità,6714,VIA MAGNAGRECIA,109,Scontro laterale fra veicoli in marcia,Rettilineo,Una carreggiata a doppio senso,Bagnato (pioggia),Asfaltata,Verticale ed orizzontale,Pioggia in atto,Normale,Buona,0,0,0,3,12.508330000000001,41.881039999999999,True,,,
,5788090,19,2022-01-20T13:40:00,Strada Urbana,da specificare,11500,VIA VITTORIO MONTIGLIO,,Scontro laterale fra veicoli in marcia,Curva senza visuale libera,Una carreggiata a doppio senso,Bagnato (pioggia),Asfaltata,Verticale ed orizzontale,Pioggia in atto,Normale,Buona,1,0,0,2,12.429309999999999,41.92351,True,,,Palo ACEA 14
,5787189,7,2022-01-20T13:50:00,Strada Urbana,all'intersezione semaforizzata con,2403,VIA CASILINA,,Scontro frontale/laterale SX fra veicoli in marcia,Incrocio,Due carreggiate,Bagnato (pioggia),Asfaltata,Verticale ed orizzontale,Nuvoloso,Normale,Buona,0,0,0,2,12.576359999999999,41.872039999999998,True,5744,VIA DEL GRANO,
,5788124,8,2022-01-20T13:50:00,Strada Urbana,all'intersezione con,16247,VIALE PIETRO GISMONDI,,Tamponamento,Intersezione stradale segnalata,Una carreggiata a senso unico di marcia,Bagnato (pioggia),Asfaltata,Verticale ed orizzontale,Pioggia in atto,Normale,Buona,0,0,0,2,12.632379999999999,41.8536,True,16197,VIALE DELL'ARCHIGINNASIO,
,5787634,1,2022-01-20T13:55:00,Strada Urbana,all'intersezione con,7475,VIALE DEL MONTE OPPIO,,Scontro laterale fra veicoli in marcia,Intersezione stradale segnalata,Una carreggiata a doppio senso,Bagnato (pioggia),Asfaltata,Verticale,Pioggia in atto,Scarso,Sufficiente,0,0,0,4,12.49657,41.892989999999998,True,10446,VIA DELLE TERME DI TRAIANO,
,5788145,4,2022-01-20T14:00:00,Provinciale,all'intersezione con,11043,VIA DI VALLE RICCA,,Fuoriuscita dalla sede stradale,Incrocio,Una carreggiata a doppio senso,Bagnato (umidità in atto),Asfaltata,Verticale ed orizzontale,Nuvoloso,Normale,Buona,1,0,0,0,12.59174,42.039850000000001,True,4283,VIA DELLE FORNACI,
,5788239,13,2022-01-20T14:20:00,Strada Urbana,all'intersezione con,15186,VIADOTTO ZELIA NUTTALL,,Scontro frontale/laterale DX fra veicoli in marcia,Intersezione stradale segnalata,Una carreggiata a senso unico di marcia,Asciutto,Asfaltata,Verticale ed orizzontale,Nuvoloso,Normale,Buona,0,0,0,2,12.33676,41.774700000000003,True,9481,VIALE DEI ROMAGNOLI,
,5788671,16,2022-01-20T14:30:00,Strada Urbana,da specificare,6226,VIA LEONE XIII,,Scontro laterale fra veicoli in marcia,Rettilineo,Due carreggiate,Bagnato (umidità in atto),Asfaltata,Verticale ed orizzontale,Nuvoloso,Normale,Buona,0,0,0,2,12.440440000000001,41.886940000000003,True,,,prossimità p.ta Bel Respiro
,5787443,2,2022-01-20T14:30:00,Strada Urbana,in prossimità,9609,VIA SALARIA,253,Scontro laterale fra veicoli in marcia,Rettilineo,Due carreggiate,Bagnato (pioggia),Asfaltata,Verticale ed orizzontale,Nuvoloso,Normale,Buona,0,0,0,2,12.502420000000001,41.923189999999998,True,,,
,5788120,15,2022-01-20T14:40:00,Strada Urbana,all'intersezione con,5098,VIA GIOVANNI ALDINI,,Scontro frontale/laterale SX fra veicoli in marcia,Intersezione stradale segnalata,Una carreggiata a senso unico di marcia,Asciutto,Asfaltata,Verticale ed orizzontale,Sereno,Scarso,Buona,0,0,0,3,12.467370000000001,41.863979999999998,True,778,VIA ANTONIO GARBASSO,
,5788355,5,2022-01-20T15:00:00,Strada Urbana,da specificare,10478,VIA TIBURTINA,,Tamponamento,Rettilineo,Due carreggiate,Bagnato (pioggia),Asfaltata,Verticale ed orizzontale,Sereno,Normale,Buona,1,0,0,2,12.603809999999999,41.933709999999998,True,,,civ. 1232
,5788958,12,2022-01-20T15:00:00,Strada Urbana,in prossimità,3216,VIA CRISTOFORO COLOMBO,753,Veicolo in marcia contro ostacolo fisso,Rettilineo,Più di due carreggiate,Asciutto,Asfaltata,Verticale ed orizzontale,Sereno,Normale,Buona,0,0,0,1,12.41151,41.785829999999997,True,,,
,5788111,20,2022-01-20T15:20:00,Strada Urbana,all'intersezione con,2416,VIA CASSIA,,Scontro frontale/laterale SX fra veicoli in marcia,Incrocio,Una carreggiata a doppio senso,Bagnato (umidità in atto),Asfaltata,Verticale ed orizzontale,Nuvoloso,Normale,Buona,0,0,0,3,12.440300000000001,41.967089999999999,True,2382,VIA CASAL SARACENO,
,5787622,15,2022-01-20T15:30:00,Strada Urbana,in prossimità,8975,VIA PORTUENSE,334,Veicolo in marcia contro veicolo fermo,Rettilineo,Una carreggiata a doppio senso,Bagnato (umidità in atto),Asfaltata,Verticale ed orizzontale,Sereno,Normale,Buona,1,0,0,2,12.45373,41.863050000000001,True,,,
,5788229,13,2022-01-20T15:43:00,Strada Urbana,all'intersezione con,12468,VIA CREMOSANO,,Scontro frontale/laterale SX fra veicoli in marcia,Incrocio,Una carreggiata a doppio senso,Asciutto,Asfaltata,Assente,Nuvoloso,Scarso,Insufficiente,0,0,0,3,12.32762,41.782200000000003,True,12464,VIA CASTELLUCCHIO,
,5787391,11,2022-01-20T15:45:00,Strada Urbana,in prossimità,16,VIA ACCADEMIA DEGLI AGIATI,45,Tamponamento,Rettilineo,Una carreggiata a senso unico di marcia,Asciutto,Asfaltata,Verticale ed orizzontale,Nuvoloso,Normale,Buona,0,0,0,2,12.4899,41.851109999999998,True,,,
,5788211,2,2022-01-20T16:00:00,Strada Urbana,in prossimità,8271,VIALE PARIOLI,25 A,Veicolo in marcia contro ostacolo fisso,Rettilineo,Una carreggiata a doppio senso,Asciutto,Asfaltata,Verticale ed orizzontale,Nuvoloso,Normale,Buona,0,0,0,2,12.490080000000001,41.924289999999999,True,,,
,5788179,9,2022-01-20T16:10:00,Strada Urbana,in prossimità,3457,LARGO DON ORIONE,5,Veicolo in marcia contro veicolo in sosta,Rettilineo,Una carreggiata a doppio senso,Asciutto,Asfaltata,Verticale ed orizzontale,Nuvoloso,Intenso,Buona,0,0,0,1,12.516170000000001,41.878239999999998,True,,,
,5788180,10,2022-01-20T16:30:00,Strada Urbana,all'intersezione con,9485,VIALE DEI ROMANISTI,,Scontro laterale fra veicoli in marcia,Incrocio,Una carreggiata a doppio senso,Bagnato (pioggia),Asfaltata,Verticale ed orizzontale,Pioggia in atto,Normale,Buona,0,0,0,2,12.577400000000001,41.867519999999999,True,8614,VIA PIETRO ROMANO,
,5788152,8,2022-01-20T16:35:00,Strada Urbana,in prossimità,11964,VIALE DI TORRE MAURA,94,Scontro frontale fra veicoli in marcia,Rettilineo,Due carreggiate,Bagnato (umidità in atto),Asfaltata,Orizzontale,Nuvoloso,Normale,Buona,0,0,0,2,12.59111,41.864600000000003,True,,,
,5788177,9,2022-01-20T16:45:00,Strada Urbana,all'intersezione con,3847,VIA EURIALO,,Scontro frontale/laterale SX fra veicoli in marcia,Incrocio,Una carreggiata a senso unico di marcia,Asciutto,Asfaltata,Verticale ed orizzontale,Nuvoloso,Normale,Buona,0,0,0,3,12.525639999999999,41.87397,True,2893,VIA CLELIA,
,5787539,7,2022-01-20T17:00:00,Strada Urbana,da specificare,2000921,VIA ARISTIDE MERLONI,,Scontro laterale fra veicoli in marcia,Rettilineo,Due carreggiate,Asciutto,Asfaltata,Verticale ed orizzontale,Nuvoloso,Normale,Buona,0,0,0,2,12.60863,41.884610000000002,True,,,senza numero civico
,5788897,23,2022-01-20T17:15:00,Strada Urbana,all'intersezione con,5786,VIA DI GROTTA PERFETTA,,Tamponamento,Incrocio,Una carreggiata a doppio senso,Bagnato (umidità in atto),Asfaltata,Orizzontale,Nuvoloso,Scarso,Buona,0,0,0,2,12.51811,41.8294,True,958,VIA ARDEATINA,
,5788126,1,2022-01-20T17:15:00,Strada Urbana,in prossimità,5851,VIALE GUIDO BACCELLI,72,Scontro laterale fra veicoli in marcia,Rettilineo,Una carreggiata a doppio senso,Bagnato (umidità in atto),Asfaltata,Verticale ed orizzontale,Nuvoloso,Normale,Buona,0,0,0,2,12.493880000000001,41.876010000000001,True,,,
,5788686,16,2022-01-20T17:35:00,Strada Urbana,in corrispondenza,2986,VIALE DEI COLLI PORTUENSI,547,Investimento di pedone,Rettilineo,Due carreggiate,Bagnato (umidità in atto),Asfaltata,Verticale ed orizzontale,Nuvoloso,Normale,Sufficiente,1,0,0,1,12.443440000000001,41.859059999999999,True,,,
,5787590,18,2022-01-20T17:35:00,Strada Urbana,in corrispondenza,1547,VIA DI BOCCEA,139,Investimento di pedone,Rettilineo,Una carreggiata a doppio senso,Bagnato (pioggia),Asfaltata,Verticale ed orizzontale,Nuvoloso,Intenso,Buona,1,0,0,0,12.424099999999999,41.902389999999997,True,,,
,5788119,20,2022-01-20T18:00:00,Statale entro l'abitato,in corrispondenza,2416,VIA CASSIA,999,Scontro laterale fra veicoli in marcia,Rettilineo,Una carreggiata a doppio senso,Asciutto,Asfaltata,Verticale ed orizzontale,Sereno,Normale,Buona,0,0,0,3,12.42953,41.973199999999999,True,,,
,5788146,12,2022-01-20T18:00:00,Strada Urbana,all'intersezione con,10731,VIA DELLE TRE FONTANE,,Scontro laterale fra veicoli in marcia,Intersezione semaforizzata,Una carreggiata a doppio senso,Asciutto,Asfaltata,Verticale ed orizzontale,Sereno,Normale,Buona,0,0,0,3,12.473100000000001,41.839480000000002,True,8334,VIALE DEL PATTINAGGIO,
,5788246,13,2022-01-20T18:05:00,Strada Urbana,all'intersezione con,6656,VIA DI MACCHIA SAPONARA,,Scontro frontale/laterale DX fra veicoli in marcia,Intersezione stradale segnalata,Una carreggiata a doppio senso,Asciutto,Asfaltata,Verticale,Sereno,Normale,Buona,0,0,0,2,12.355409999999999,41.771129999999999,True,9017,VIA DI PRATO CORNELIO,
,5788240,10,2022-01-20T18:15:00,Strada Urbana,all'intersezione con,10827,VIA TUSCOLANA,,Tamponamento,Incrocio,Due carreggiate,Asciutto,Asfaltata,Verticale ed orizzontale,Nuvoloso,Normale,Buona,0,0,0,4,12.56268,41.85671,True,6839,VIALE MARCO FULVIO NOBILIORE,
,5788792,16,2022-01-20T18:30:00,Strada Urbana,in corrispondenza,6728,VIA DI MALAGROTTA,186,Scontro laterale fra veicoli in marcia,Rettilineo,Una carreggiata a doppio senso,Bagnato (umidità in atto),Asfaltata,Verticale ed orizzontale,Nuvoloso,Normale,Sufficiente,0,0,0,4,12.32911,41.862569999999998,True,,,
,5793228,18,2022-01-20T18:50:00,Strada Urbana,all'intersezione semaforizzata con,10537,LARGO TOMASO PERASSI,,Tamponamento,Incrocio,Due carreggiate,Asciutto,Asfaltata,Verticale ed orizzontale,Sereno,Normale,Buona,0,0,0,2,12.40995,41.889420000000001,True,1194,VIA AURELIA,
,5789077,16,2022-01-20T19:05:00,Strada Urbana,all'intersezione con,3656,PIAZZALE ENRICO DUNANT,,Scontro frontale/laterale DX fra veicoli in marcia,Intersezione stradale segnalata,Due carreggiate,Asciutto,Asfaltata,Verticale ed orizzontale,Sereno,Normale,Sufficiente,1,0,0,1,12.45885,41.872529999999998,True,6161,VIA LAURA MANTEGAZZA,
,5788419,5,2022-01-20T19:45:00,Strada Urbana,all'intersezione con,12469,PIAZZA EDOARDO PERSICO,,Scontro frontale fra veicoli in marcia,Rotatoria,Una carreggiata a senso unico di marcia,Asciutto,Asfaltata,Verticale ed orizzontale,Nuvoloso,Normale,Sufficiente,0,0,0,4,12.559340000000001,41.906300000000002,True,4312,VIA DEL FORTE TIBURTINO,
,5788190,4,2022-01-20T20:00:00,Strada Urbana,all'intersezione con,14820,VIA ALFREDO SAINATI,,Scontro frontale/laterale DX fra veicoli in marcia,Incrocio,Una carreggiata a doppio senso,Bagnato (umidità in atto),Asfaltata,Assente,Sereno,Scarso,Buona,0,0,0,2,12.51506,41.969110000000001,True,14818,VIA TINA PICA,
,5788293,18,2022-01-20T20:15:00,Strada Urbana,all'intersezione con,1547,VIA DI BOCCEA,,Scontro laterale fra veicoli in marcia,Intersezione non regolata/non segnalata,Una carreggiata a doppio senso,Asciutto,Asfaltata,Orizzontale,Sereno,Scarso,Sufficiente,0,0,0,2,12.38466,41.914949999999997,True,4302,VIA DEL FORTE BOCCEA,
,5788971,23,2022-01-20T20:30:00,Strada Urbana,all'intersezione con,5409,VIA GIULIO ARISTIDE SARTORIO,,Infortunio per sola frenata improvvisa,Intersezione stradale segnalata,Due carreggiate,Bagnato (pioggia),Asfaltata,Verticale ed orizzontale,Pioggia in atto,Scarso,Buona,1,0,0,0,12.50112,41.852249999999998,True,4481,VIA FRANCESCO GIANGIACOMO,
,5788143,8,2022-01-20T20:30:00,Strada Urbana,da specificare,13675,VIALE DUILIO CAMBELLOTTI,,Veicolo in marcia contro ostacolo fisso,Curva senza visuale libera,Una carreggiata a senso unico di marcia,Bagnato (pioggia),Asfaltata,Verticale ed orizzontale,Pioggia in atto,Normale,Buona,1,0,0,1,12.629659999999999,41.867370000000001,True,,,ALTEZZA SOTTOPASSO METRO C TORRE ANGELA
,5788266,10,2022-01-20T20:30:00,Strada Urbana,all'intersezione con,3109,VIA CORNELIO SISENNA,,Investimento di pedone,Incrocio,Due carreggiate,Bagnato (pioggia),Asfaltata,Verticale ed orizzontale,Sereno,Normale,Buona,1,0,0,1,12.575010000000001,41.870240000000003,True,6836,VIA MARCO EMILIO SCAURO,
,5788166,20,2022-01-20T21:00:00,Strada Urbana,all'intersezione con,1242,VIA DI BACCANELLO,,Scontro frontale/laterale DX fra veicoli in marcia,Intersezione stradale segnalata,Una carreggiata a doppio senso,Bagnato (pioggia),Asfaltata,Verticale,Pioggia in atto,Scarso,Sufficiente,3,0,0,0,12.34051,42.06718,True,2941,VIA DI COLLE FEBBRARO,
,5791088,19,2022-01-20T21:50:00,Strada Urbana,da specificare,7623,VIA MOTTA VISCONTI,,Veicolo in marcia contro veicolo in sosta,Rettilineo,Una carreggiata a senso unico di marcia,Bagnato (umidità in atto),Asfaltata,Verticale,Nuvoloso,Scarso,Buona,0,0,0,2,12.3886,41.945950000000003,False,,,prossimità civico 67
,5788335,18,2022-01-20T22:15:00,Strada Urbana,all'intersezione con,1194,VIA AURELIA,,Scontro frontale/laterale SX fra veicoli in marcia,Intersezione stradale segnalata,Una carreggiata a doppio senso,Bagnato (pioggia),Asfaltata,Verticale ed orizzontale,Pioggia in atto,Normale,Sufficiente,2,0,0,0,12.401160000000001,41.886099999999999,True,8541,VIA PIETRO CIRIACI,
,5788220,2,2022-01-20T23:10:00,Strada Urbana,all'intersezione semaforizzata con,3478,PONTE DUCA D'AOSTA,,Investimento di pedone,Intersezione semaforizzata,Due carreggiate,Bagnato (pioggia),Asfaltata,Verticale ed orizzontale,Nuvoloso,Normale,Buona,1,0,0,1,12.462260000000001,41.930610000000001,True,5741,LUNGOTEVERE GRANDE A.GLIO THAON DI REVEL,
,5788444,2,2022-01-21T00:00:00,Strada Urbana,da specificare,3590,VIA EMILIO DE' CAVALIERI,,Ribaltamento senza urto contro ostacolo fisso,Rettilineo,Più di due carreggiate,Bagnato (umidità in atto),Asfaltata,Verticale ed orizzontale,Sereno,Normale,Buona,1,0,0,0,12.492419999999999,41.921550000000003,True,,,pross. via G. D'arezzo
,5788223,1,2022-01-21T00:25:00,Strada Urbana,all'intersezione con,1850,VIA DEI CAMPANI,,Tamponamento,Incrocio,Una carreggiata a senso unico di marcia,Asciutto,Asfaltata,Assente,Sereno,Intenso,Buona,0,0,0,1,12.515499999999999,41.895029999999998,False,9806,VIALE DELLO SCALO S. LORENZO,
,5788160,20,2022-01-21T00:30:00,Strada Urbana,da specificare,4184,VIA FLAMINIA,,Veicolo in marcia contro veicoli in sosta,Rettilineo,Una carreggiata a doppio senso,Bagnato (pioggia),Asfaltata,Verticale ed orizzontale,Pioggia in atto,Scarso,Buona,0,0,0,0,12.471830000000001,41.941920000000003,True,,,fronte civ. 520
,5788387,2,2022-01-21T01:20:00,Strada Urbana,all'intersezione con,10282,VIA STIMIGLIANO,,Scontro frontale/laterale DX fra veicoli in marcia,Incrocio,Una carreggiata a senso unico di marcia,Bagnato (pioggia),Asfaltata,Verticale ed orizzontale,Pioggia in atto,Scarso,Buona,0,0,0,4,12.51319,41.934849999999997,True,3919,VIA FARA SABINA,
,5788457,7,2022-01-21T02:40:00,Strada Urbana,da specificare,16277,Tangenziale Est direzione S. Giovanni,,Veicolo in marcia contro ostacolo fisso,Rettilineo,Due carreggiate,Asciutto,Asfaltata,Orizzontale,Nuvoloso,Scarso,Buona,0,0,0,1,12.52758,41.921529999999997,True,,,galleria altezza uscita monti tiburtini
,5792630,16,2022-01-21T03:30:00,Strada Urbana,in corrispondenza,1430,PIAZZETTA DEL BEL RESPIRO,1-3,Veicolo in marcia contro ostacolo fisso,Curva a visuale libera,Due carreggiate,Bagnato (umidità in atto),Asfaltata,Assente,Nuvoloso,Scarso,Buona,1,0,0,1,12.44096,41.87941,True,,,
,5788219,20,2022-01-21T04:45:00,Strada Urbana,all'intersezione semaforizzata con,5229,VIA GIOVANNI FABBRONI,,Scontro frontale/laterale DX fra veicoli in marcia,Incrocio,Una carreggiata a doppio senso,Bagnato (umidità in atto),Asfaltata,Verticale ed orizzontale,Sereno,Scarso,Buona,1,0,0,1,12.4701,41.951180000000001,True,2418,VIA CASSIA NUOVA,
,5788117,9,2022-01-21T05:30:00,,in corrispondenza,4740,VIA GALLIA,49,Investimento di pedone,,,,,,,,,1,0,0,1,,,False,,,
,5790101,4,2022-01-21T06:50:00,Provinciale entro l'abitato,da specificare,7816,VIA NOMENTANA,,Tamponamento,Rettilineo,Una carreggiata a doppio senso,Bagnato (umidità in atto),Asfaltata,Verticale ed orizzontale,Sereno,Normale,Buona,0,0,0,3,12.57368,41.959049999999998,True,,,intersezione strada interna via via nomentana 1111
,5792249,3,2022-01-21T07:25:00,Strada Urbana,all'intersezione con,6911,PIAZZA MARIANO ARMELLINI,,Scontro frontale/laterale SX fra veicoli in marcia,Incrocio,Una carreggiata a senso unico di marcia,Bagnato (umidità in atto),In cubetti di porfido,Verticale ed orizzontale,Nuvoloso,Normale,Buona,0,0,0,3,12.522629999999999,41.918779999999998,True,7957,PIAZZA ORESTE TOMMASINI,
,5789843,5,2022-01-21T07:30:00,Strada Urbana,da specificare,10478,VIA TIBURTINA,,Scontro laterale fra veicoli in marcia,Rettilineo,Più di due carreggiate,Asciutto,Asfaltata,Verticale ed orizzontale,Nuvoloso,Normale,Buona,0,0,0,3,12.57127,41.924520000000001,True,,,direzione Centro pross. VIA DI CASAL DEI PAZZI
,5789523,20,2022-01-21T07:40:00,Statale,da specificare,2416,VIA CASSIA,,Tamponamento Multiplo,Rettilineo,Due carreggiate,Bagnato (umidità in atto),Asfaltata,Orizzontale,Nuvoloso,Intenso,Buona,1,0,0,2,12.4137,41.982779999999998,True,,,VEIENTANA PROSS.TA' KM 6
,5788105,11,2022-01-21T07:40:00,Strada Urbana,all'intersezione semaforizzata con,3216,VIA CRISTOFORO COLOMBO,,Tamponamento,Intersezione semaforizzata,Più di due carreggiate,Bagnato (pioggia),Asfaltata,Verticale ed orizzontale,Nuvoloso,Normale,Buona,1,0,0,1,12.4962,41.867249999999999,True,12303,LARGO ANGELO FOCHETTI,
,5790613,10,2022-01-21T07:45:00,Strada Urbana,da specificare,11904,VIALE PALMIRO TOGLIATTI,,Investimento di pedone,Rettilineo,Due carreggiate,Asciutto,Asfaltata,Verticale ed orizzontale,Sereno,Normale,Buona,1,0,0,1,12.56836,41.863480000000003,True,,,"fermata Bus ""ARTIOLI"" dir. Tuscolana"
,5790109,4,2022-01-21T07:50:00,Strada Urbana,da specificare,16028,VIADOTTO GIOVANNI GRONCHI,,Scontro laterale fra veicoli in marcia,Rettilineo,Una carreggiata a senso unico di marcia,Asciutto,Asfaltata,Verticale ed orizzontale,Sereno,Normale,Buona,1,0,0,1,12.534420000000001,41.959209999999999,True,,,palo luce n. 36
,5791461,17,2022-01-21T08:15:00,Strada Urbana,in prossimità,1281,VIA BALDO DEGLI UBALDI,354,Scontro laterale fra veicoli in marcia,Rettilineo,Due carreggiate,Bagnato (pioggia),Asfaltata,Verticale ed orizzontale,Nuvoloso,Normale,Buona,0,0,0,2,12.4404,41.902099999999997,True,,,
,5789642,8,2022-01-21T08:20:00,Strada Urbana,da specificare,16204,VIALE OXFORD,,Scontro laterale fra veicoli in marcia,Rettilineo,Una carreggiata a senso unico di marcia,Asciutto,Asfaltata,Verticale ed orizzontale,Nebbia,Normale,Buona,0,0,0,4,12.62757,41.861080000000001,True,,,IN CORR. DEL CIVICO 81 (INGRESSO PTV)
,5789603,8,2022-01-21T08:30:00,Strada Urbana,all'intersezione con,6629,VIA DI LUNGHEZZA,,Scontro frontale/laterale SX fra veicoli in marcia,Incrocio,Una carreggiata a doppio senso,Bagnato (umidità in atto),Asfaltata,Verticale ed orizzontale,Sereno,Normale,Buona,1,0,0,1,12.67202,41.923029999999997,True,4366,VIA DEL FOSSO DELL'OSA,
,5788937,18,2022-01-21T08:30:00,Strada Urbana,in prossimità,6707,VIA DELLA MAGLIANELLA,171,Tamponamento,Rettilineo,Una carreggiata a doppio senso,Bagnato (umidità in atto),Asfaltata,Assente,Nuvoloso,Normale,Buona,0,0,0,2,12.376910000000001,41.899819999999998,True,,,
,5789045,19,2022-01-21T08:35:00,Strada Urbana,da specificare,2909,VIA DI S. CLETO PAPA,,Infortunio per sola frenata improvvisa,Rettilineo,Una carreggiata a doppio senso,Bagnato (umidità in atto),Asfaltata,Verticale ed orizzontale,Nuvoloso,Normale,Buona,1,0,0,0,12.422840000000001,41.922640000000001,True,,,altezza via Alessandro VII
,5788451,1,2022-01-21T08:40:00,Strada Urbana,all'intersezione con,3223,VIA DI S. CROCE IN GERUSALEMME,,Scontro frontale fra veicoli in marcia,Incrocio,Una carreggiata a doppio senso,Bagnato (umidità in atto),Asfaltata,Verticale ed orizzontale,Sereno,Normale,Buona,1,0,0,2,12.51179,41.890430000000002,True,9872,VIA SEBASTIANO GRANDIS,
,5789067,19,2022-01-21T09:00:00,Strada Urbana,all'intersezione con,2365,VIA DI CASAL DEL MARMO,,Scontro frontale/laterale SX fra veicoli in marcia,Intersezione stradale segnalata,Una carreggiata a doppio senso,Asciutto,Asfaltata,Verticale ed orizzontale,Sereno,Normale,Buona,2,0,0,3,12.39264,41.947769999999998,True,2924,LARGO CODOGNO,
,5788664,15,2022-01-21T09:00:00,Strada Urbana,da specificare,5204,VIA GIOVANNI CASELLI,,Scontro frontale/laterale SX fra veicoli in marcia,Rettilineo,Due carreggiate,Bagnato (umidità in atto),Asfaltata,Assente,Sereno,Normale,Buona,0,0,0,2,12.46255,41.869070000000001,True,,,fronte civico 55
,5789682,8,2022-01-21T09:00:00,Strada Urbana,in prossimità,2403,VIA CASILINA,1678,Scontro laterale fra veicoli in marcia,Rettilineo,Una carreggiata a doppio senso,Asciutto,Asfaltata,Orizzontale,Sereno,Intenso,Buona,0,0,0,3,12.647169999999999,41.862189999999998,True,,,
,5789846,5,2022-01-21T09:00:00,Strada Urbana,in prossimità,7585,VIA DEI MONTI TIBURTINI,428,Scontro laterale fra veicoli in marcia,Rettilineo,Due carreggiate,Asciutto,Asfaltata,Orizzontale,Sereno,Normale,Buona,0,0,0,2,12.541639999999999,41.917580000000001,True,,,
,5789560,20,2022-01-21T09:15:00,Statale,da specificare,2416,VIA CASSIA,,Tamponamento Multiplo,Rettilineo,Due carreggiate,Bagnato (umidità in atto),Asfaltata,Verticale ed orizzontale,Sereno,Intenso,Buona,0,0,0,3,12.4137,41.982779999999998,True,,,BIS ALTEZZA VIA DELLA GIUSTINIANA DIR. GRA
,5789567,20,2022-01-21T09:30:00,Strada Urbana,all'intersezione con,1841,VIA DELLA CAMILLUCCIA,,Scontro frontale/laterale SX fra veicoli in marcia,Incrocio,Una carreggiata a doppio senso,Bagnato (umidità in atto),Asfaltata,Verticale ed orizzontale,Sereno,Normale,Buona,0,0,0,3,12.448930000000001,41.94303,True,10291,VIA STRESA,
,5790618,10,2022-01-21T09:45:00,Strada Urbana,in corrispondenza,7964,CIRCONVALLAZIONE ORIENTALE,4629,Tamponamento,Rettilineo,Una carreggiata a senso unico di marcia,Asciutto,Asfaltata,Verticale ed orizzontale,Sereno,Intenso,Buona,0,0,0,2,12.585430000000001,41.829700000000003,True,,,
,5790622,10,2022-01-21T10:10:00,Strada Urbana,in corrispondenza,157,VIA DELL'AEROPORTO,22,Scontro laterale fra veicoli in marcia,Rettilineo,Una carreggiata a senso unico di marcia,Asciutto,Asfaltata,Verticale ed orizzontale,Sereno,Normale,Sufficiente,0,0,0,2,12.55541,41.861640000000001,True,,,
,5790627,10,2022-01-21T10:10:00,Strada Urbana,in corrispondenza,521,VIA ANAGNINA,554,Scontro laterale fra veicoli in marcia,Rettilineo,Una carreggiata a senso unico di marcia,Asciutto,Asfaltata,Orizzontale,Sereno,Normale,Buona,1,0,0,1,12.63551,41.804220000000001,True,,,
,5789704,8,2022-01-21T10:30:00,Strada Urbana,in prossimità,8606,VIA PIETRO PIFFETTI,10,Veicolo in marcia contro veicolo arresto,Rettilineo,Una carreggiata a senso unico di marcia,Asciutto,Asfaltata,Verticale ed orizzontale,Sereno,Scarso,Buona,0,0,0,2,12.60533,41.859940000000002,True,,,
,5788674,17,2022-01-21T10:50:00,Strada Urbana,da specificare,5589,VIALE GIUSEPPE MAZZINI,,Investimento di pedone,Rettilineo,Due carreggiate,Asciutto,Asfaltata,Verticale ed orizzontale,Sereno,Normale,Buona,1,0,0,1,12.46264,41.915770000000002,True,,,sull'attr. pedonale viale Giuseppe Mazzini
,5792657,16,2022-01-21T10:55:00,Strada Urbana,da specificare,3656,PIAZZALE ENRICO DUNANT,,Scontro laterale fra veicoli in marcia,Rettilineo,Una carreggiata a senso unico di marcia,Asciutto,Asfaltata,Verticale ed orizzontale,Sereno,Normale,Buona,0,0,0,3,12.45885,41.872529999999998,True,,,prossimità del fronte civico 4
,5790132,4,2022-01-21T11:00:00,Strada Urbana,in corrispondenza,12689,VIA ANTONIO DE CURTIS,29,Tamponamento,Rettilineo,Una carreggiata a doppio senso,Asciutto,Asfaltata,Orizzontale,Sereno,Scarso,Buona,0,0,0,2,12.5359,41.953530000000001,True,,,
,5788949,18,2022-01-21T11:05:00,Strada Urbana,in prossimità,8700,PIAZZA PIO XI,40,Scontro frontale/laterale SX fra veicoli in marcia,Rettilineo,Più di due carreggiate,Asciutto,Asfaltata,Verticale ed orizzontale,Sereno,Scarso,Buona,0,0,0,2,12.436719999999999,41.894010000000002,True,,,
,5789586,20,2022-01-21T11:10:00,Strada Urbana,in corrispondenza,3033,VIA CONCESIO,56,Scontro frontale/laterale DX fra veicoli in marcia,Rettilineo,Una carreggiata a doppio senso,Asciutto,Asfaltata,Verticale ed orizzontale,Sereno,Normale,Buona,0,0,0,2,12.4856,42.005139999999997,True,,,
,5789719,7,2022-01-21T11:15:00,Strada Urbana,all'intersezione con,2000896,VIALE ENZO FERRARI,,Tamponamento,Rotatoria,Una carreggiata a senso unico di marcia,Asciutto,Asfaltata,Orizzontale,Sereno,Normale,Buona,0,0,0,4,12.603490000000001,41.89273,True,10685,VIA DI TOR TRE TESTE,
,5791898,3,2022-01-21T11:20:00,Strada Urbana,in prossimità,10843,VIA UGO BALZANI,21,Infortunio per sola frenata improvvisa,Rettilineo,Una carreggiata a senso unico di marcia,Bagnato (umidità in atto),Asfaltata,Verticale ed orizzontale,Nuvoloso,Normale,Buona,0,0,0,1,12.52585,41.919370000000001,True,,,
,5790144,4,2022-01-21T11:20:00,Strada Urbana,in corrispondenza,154,VIALE ADRIATICO,157,Scontro laterale fra veicoli in marcia,Rettilineo,Una carreggiata a doppio senso,Asciutto,Asfaltata,Verticale ed orizzontale,Sereno,Intenso,Buona,0,0,0,4,12.536910000000001,41.942900000000002,True,,,
,5792355,16,2022-01-21T11:20:00,Strada Urbana,in corrispondenza,10031,VIA SILVESTRI,284,Scontro frontale/laterale SX fra veicoli in marcia,Rettilineo,Una carreggiata a doppio senso,Asciutto,Asfaltata,Verticale,Sereno,Normale,Buona,0,0,0,2,12.42914,41.877180000000003,True,,,
,5790595,2,2022-01-21T11:25:00,Strada Urbana,all'intersezione con,7061,VIA MASSACIUCCOLI,,Scontro frontale/laterale DX fra veicoli in marcia,Incrocio,Una carreggiata a senso unico di marcia,Asciutto,Asfaltata,Verticale ed orizzontale,Sereno,Normale,Buona,0,0,0,4,12.51484,41.926310000000001,True,6093,VIA LAGO DI LESINA,
,5789597,20,2022-01-21T11:30:00,Strada Urbana,in prossimità,6860,LUNGOTEVERE MARESCIALLO DIAZ,17,Scontro laterale fra veicoli in marcia,Rettilineo,Due carreggiate,Asciutto,Asfaltata,Verticale ed orizzontale,Sereno,Normale,Buona,0,0,0,2,12.46034,41.932319999999997,True,,,
,5789853,5,2022-01-21T11:40:00,Strada Urbana,da specificare,7384,VIA MONTECASSIANO,,Scontro laterale fra veicoli in marcia,Rettilineo,Più di due carreggiate,Asciutto,Asfaltata,Verticale,Sereno,Normale,Buona,0,0,0,2,12.57194,41.943530000000003,True,,,fronte civico 126
,5790171,4,2022-01-21T11:55:00,Statale entro l'abitato,da specificare,9609,VIA SALARIA,,Tamponamento,Rettilineo,Due carreggiate,Asciutto,Asfaltata,Verticale ed orizzontale,Sereno,Normale,Buona,0,0,0,7,12.5115,41.987349999999999,True,,,direzione Monterotondo pross.svincolo GRA dir. FI
,5791715,3,2022-01-21T11:55:00,Strada Urbana,da specificare,3411,PIAZZA DOMENICO GNOLI,,Scontro laterale fra veicoli in marcia,Rettilineo,Una carreggiata a senso unico di marcia,Asciutto,Asfaltata,Verticale ed orizzontale,Sereno,Normale,Buona,0,0,0,2,12.519909999999999,41.92004,True,,,fronte civico 7
,5789792,8,2022-01-21T12:00:00,Strada Urbana,in corrispondenza,8034,VIA DELL' OSTERIA DEL FINOCCHIO,66,Scontro laterale fra veicoli in marcia,Rettilineo,Una carreggiata a doppio senso,Asciutto,Asfaltata,Assente,Sereno,Normale,Buona,0,0,0,1,12.68262,41.860639999999997,True,,,
,5789622,8,2022-01-21T12:00:00,Strada Urbana,all'intersezione con,16144,VIALE DELLA SORBONA,,Scontro laterale fra veicoli in marcia,Rotatoria,Una carreggiata a senso unico di marcia,Asciutto,Asfaltata,Verticale ed orizzontale,Sereno,Normale,Buona,0,0,0,3,12612,41.854599999999998,True,16199,VIA COLUMBIA,
,5789604,20,2022-01-21T12:15:00,Regionale entro l'abitato,all'intersezione con,2416,VIA CASSIA,,Tamponamento,Intersezione non regolata/non segnalata,Una carreggiata a doppio senso,Asciutto,Asfaltata,Verticale ed orizzontale,Sereno,Normale,Buona,1,0,0,1,12.4137,41.982779999999998,True,5427,VIA GIULIO GALLI,
,5789754,8,2022-01-21T12:16:00,Strada Urbana,in prossimità,9422,VIA DI ROCCA CENCIA,149,Investimento di pedone,Rettilineo,Una carreggiata a doppio senso,Asciutto,Asfaltata,Orizzontale,Sereno,Normale,Buona,1,0,0,2,12.689500000000001,41.869289999999999,True,,,
,5788628,1,2022-01-21T12:20:00,Strada Urbana,in corrispondenza,3132,VIA DEL CORSO,417,Tamponamento,Rettilineo,Una carreggiata a doppio senso,Asciutto,Asfaltata,Orizzontale,Sereno,Scarso,Buona,0,0,0,2,12.479369999999999,41.903660000000002,False,,,
,5791942,1,2022-01-21T12:30:00,Strada Urbana,in prossimità,2527,VIALE CASTRO PRETORIO,3,Veicolo in marcia contro ostacolo accidentale,Rettilineo,Una carreggiata a doppio senso,Asciutto,Asfaltata,Verticale ed orizzontale,Sereno,Normale,Buona,0,0,0,1,12.506779999999999,41.903170000000003,True,,,
,5788559,6,2022-01-21T12:35:00,Strada Urbana,da specificare,9040,VIA PRENESTINA,,Scontro laterale fra veicoli in marcia,Rettilineo,Più di due carreggiate,Asciutto,Asfaltata,Assente,Sereno,Scarso,Buona,0,0,0,2,12.557230000000001,41.894779999999997,True,,,fr civ 357 area parcheggio
,5790199,4,2022-01-21T12:45:00,Strada Urbana,in corrispondenza,10502,VIALE TIRRENO,176,Scontro laterale fra veicoli in marcia,Rettilineo,Due carreggiate,Asciutto,Asfaltata,Verticale ed orizzontale,Sereno,Normale,Buona,0,0,0,3,12.52905,41.941330000000001,True,,,
,5789858,5,2022-01-21T12:45:00,Strada Urbana,in prossimità,7580,VIA DEI MONTI DI PIETRALATA,101,Tamponamento,Rettilineo,Una carreggiata a senso unico di marcia,Asciutto,Asfaltata,Assente,Sereno,Normale,Buona,0,0,0,5,12.533480000000001,41.912700000000001,True,,,
,5789456,11,2022-01-21T12:50:00,Strada Urbana,in corrispondenza,8040,VIA OSTIENSE,7,Veicolo in marcia contro veicolo in sosta,Rettilineo,Più di due carreggiate,Asciutto,Asfaltata,Verticale ed orizzontale,Sereno,Intenso,Buona,1,0,0,0,12.48104,41.87565,True,,,
,5790705,9,2022-01-21T12:50:00,Strada Urbana,in prossimità,6879,PIAZZA DI S. MARIA AUSILIATRICE,53,Scontro laterale fra veicoli in marcia,Rettilineo,Due carreggiate,Asciutto,Asfaltata,Verticale ed orizzontale,Sereno,Normale,Buona,0,0,0,3,12.529400000000001,41.874299999999998,True,,,
,5789033,6,2022-01-21T13:00:00,Strada Urbana,da specificare,2630,VIA DI CENTOCELLE,,Veicolo in marcia contro ostacolo accidentale,Rettilineo,Una carreggiata a doppio senso,Asciutto,Asfaltata,Verticale ed orizzontale,Sereno,Normale,Buona,0,0,0,1,12.552809999999999,41.866570000000003,True,,,FR Via SESTIO MENAS
,5789480,11,2022-01-21T13:15:00,Strada Urbana,all'intersezione con,5835,VIALE GUGLIELMO MARCONI,,Scontro laterale fra veicoli in marcia,Intersezione semaforizzata,Due carreggiate,Asciutto,Asfaltata,Verticale ed orizzontale,Sereno,Normale,Buona,0,0,0,2,12.47133,41.857289999999999,True,10955,VIA VALCO DI S. PAOLO,
,5791776,13,2022-01-21T13:20:00,Strada Urbana,in corrispondenza,1962,VIALE CAPITAN CONSALVO,24,Tamponamento Multiplo,Rettilineo,Una carreggiata a doppio senso,Asciutto,Asfaltata,Assente,Sereno,Normale,Buona,1,0,0,6,12.27866,41.732729999999997,True,,,
,5792057,7,2022-01-21T13:30:00,Strada Urbana,in corrispondenza,11428,VIA DELLE VIOLE,21,Veicolo in marcia contro veicolo in sosta,Rettilineo,Una carreggiata a doppio senso,Asciutto,Asfaltata,,Sereno,Scarso,Buona,0,0,0,1,12.581619999999999,41.871949999999998,False,,,
,5789066,15,2022-01-21T13:40:00,Strada Urbana,all'intersezione con,10798,VIA DEL TRULLO,,Scontro frontale/laterale SX fra veicoli in marcia,Incrocio,Due carreggiate,Asciutto,Asfaltata,Orizzontale,Sereno,Normale,Buona,2,0,0,1,12.43679,41.843040000000002,True,9769,VIA SARZANA,
,5791868,3,2022-01-21T13:40:00,Strada Urbana,da specificare,5869,LARGO GUIDO MAZZONI,,Veicolo in marcia contro veicolo fermo,Rettilineo,Una carreggiata a senso unico di marcia,Asciutto,Asfaltata,Verticale,Sereno,Scarso,Buona,0,0,0,2,12.52704,41.909700000000001,True,,,altezza ingresso capolinea ATAC
,5790727,9,2022-01-21T13:45:00,Strada Urbana,da specificare,953,VIA DELL'ARCO DI TRAVERTINO,,Investimento di pedone,Rettilineo,Due carreggiate,Asciutto,Asfaltata,Verticale ed orizzontale,Sereno,Normale,Buona,1,0,0,2,12.534940000000001,41.866570000000003,True,,,fronte VIA DEI COLLI ALBANI
,5788681,10,2022-01-21T13:50:00,Strada Urbana,in corrispondenza,4330,VIA DEL FOSSO DELL'ACQUA MARIANA,166a,Veicolo in marcia contro veicoli in sosta,Rettilineo,Una carreggiata a doppio senso,Asciutto,Asfaltata,Assente,Sereno,Normale,Buona,0,0,0,0,12.60324,41.819499999999998,True,,,
,5790207,4,2022-01-21T13:50:00,Strada Urbana,in prossimità,7816,VIA NOMENTANA,749,Tamponamento Multiplo,Rettilineo,Una carreggiata a doppio senso,Asciutto,Asfaltata,Verticale ed orizzontale,Sereno,Normale,Buona,0,0,0,3,12.5427,41.93777,True,,,
,5790226,4,2022-01-21T13:50:00,Strada Urbana,all'intersezione con,16028,VIADOTTO GIOVANNI GRONCHI,,Tamponamento,Intersezione stradale segnalata,Due carreggiate,Asciutto,Asfaltata,Verticale ed orizzontale,Sereno,Normale,Buona,0,0,0,2,12.534420000000001,41.959209999999999,True,11275,VIA DELLE VIGNE NUOVE,
,5789580,7,2022-01-21T14:00:00,Strada Urbana,all'intersezione con,10582,VIA DI TOR CERVARA,,Scontro frontale/laterale DX fra veicoli in marcia,Intersezione semaforizzata,Una carreggiata a doppio senso,Asciutto,Asfaltata,Verticale ed orizzontale,Sereno,Normale,Buona,0,0,0,5,12.588850000000001,41.907699999999998,True,9663,VIA SALVIATI,
,5791458,13,2022-01-21T14:15:00,Strada Urbana,da specificare,8881,VIA DEL PONTE DI TOR BOACCIANA,,Tamponamento Multiplo,Rettilineo,Una carreggiata a doppio senso,Asciutto,Asfaltata,Verticale ed orizzontale,Sereno,Intenso,Sufficiente,2,0,0,2,12.27791,41.752519999999997,True,,,pross. via DI TORRE BOACCIANA
,5790573,2,2022-01-21T14:20:00,Strada Urbana,all'intersezione con,7703,VIA NEMORENSE,,Scontro laterale fra veicoli in marcia,Incrocio,Una carreggiata a doppio senso,Asciutto,Asfaltata,Verticale ed orizzontale,Sereno,Normale,Buona,0,0,0,3,12.510669999999999,41.927120000000002,True,524,VIA ANAPO,
,5788947,12,2022-01-21T14:40:00,Strada Urbana,in prossimità,3309,VIA DI DECIMA,243,Tamponamento Multiplo,Rettilineo,Una carreggiata a doppio senso,Asciutto,Asfaltata,Verticale ed orizzontale,Sereno,Normale,Buona,0,0,0,3,12.45398,41.810420000000001,True,,,
,5792409,16,2022-01-21T14:45:00,Strada Urbana,all'intersezione con,10714,VIALE DI TRASTEVERE,,Scontro laterale fra veicoli in marcia,Intersezione semaforizzata,Più di due carreggiate,Asciutto,Asfaltata,Verticale ed orizzontale,Sereno,Normale,Buona,0,0,0,2,12.467930000000001,41.881709999999998,True,4979,CIRCONVALLAZIONE GIANICOLENSE,
,5789011,18,2022-01-21T15:00:00,Strada Urbana,in prossimità,7104,VIA MATTIA BATTISTINI,82,Veicolo in marcia contro veicolo fermo,Rettilineo,Una carreggiata a doppio senso,Asciutto,Asfaltata,Verticale ed orizzontale,Sereno,Normale,Buona,0,0,0,3,12.41459,41.906230000000001,True,,,
,5790238,4,2022-01-21T15:05:00,Strada Urbana,in prossimità,6068,VIALE JONIO,89,Scontro laterale fra veicoli in marcia,Rettilineo,Due carreggiate,Asciutto,Asfaltata,Orizzontale,Sereno,Normale,Buona,1,0,0,0,12.540380000000001,41.943330000000003,False,,,
,5789714,8,2022-01-21T15:05:00,Altra strada,in corrispondenza,2403,VIA CASILINA,1920A,Scontro laterale fra veicoli in marcia,Rettilineo,Una carreggiata a doppio senso,Asciutto,Asfaltata,Assente,Sereno,Scarso,Buona,0,0,0,2,12.696210000000001,41.863729999999997,True,,,
,5791139,19,2022-01-21T15:10:00,Strada Urbana,all'intersezione con,2365,VIA DI CASAL DEL MARMO,,Scontro frontale/laterale SX fra veicoli in marcia,Incrocio,Una carreggiata a doppio senso,Asciutto,Asfaltata,Verticale,Sereno,Normale,Buona,1,0,0,4,12.40296,41.955620000000003,True,810,VIA ANTONIO PANIZZI,
,5792046,18,2022-01-21T15:15:00,Strada Urbana,in prossimità,5772,VIA GREGORIO VII,92,Veicolo in marcia contro veicolo in sosta,Rettilineo,Una carreggiata a senso unico di marcia,Asciutto,Asfaltata,Verticale ed orizzontale,Sereno,Intenso,Buona,1,0,0,1,12.44899,41.896079999999998,True,,,
,5790609,2,2022-01-21T15:20:00,Strada Urbana,all'intersezione semaforizzata con,7816,VIA NOMENTANA,,Tamponamento,Intersezione semaforizzata,Due carreggiate,Asciutto,Asfaltata,Verticale ed orizzontale,Sereno,Normale,Buona,1,0,0,1,12.524559999999999,41.927549999999997,True,1391,VIA DELLA BATTERIA NOMENTANA,
,5789860,5,2022-01-21T15:30:00,Strada Urbana,da specificare,2272,VIA DEL CASALE DI S. BASILIO,,Tamponamento,Rettilineo,Una carreggiata a doppio senso,Asciutto,Asfaltata,Orizzontale,Sereno,Normale,Buona,0,0,0,2,12.57474,41.940809999999999,True,,,prossimità via Pollenza
,5792024,18,2022-01-21T15:35:00,Strada Urbana,in prossimità,5772,VIA GREGORIO VII,92,Veicolo in marcia contro veicolo fermo,Rettilineo,Più di due carreggiate,Asciutto,Asfaltata,Verticale ed orizzontale,Sereno,Normale,Buona,0,0,0,3,12.44899,41.896079999999998,True,,,
,5789616,20,2022-01-21T15:57:00,Regionale entro l'abitato,all'intersezione con,5789,VIA DI GROTTAROSSA,,Investimento di pedone,Intersezione semaforizzata,Una carreggiata a doppio senso,Asciutto,Asfaltata,Verticale ed orizzontale,Sereno,Normale,Buona,1,0,0,1,12.43474,41.972090000000001,True,2416,VIA CASSIA,
,5789804,1,2022-01-21T16:15:00,Strada Urbana,all'intersezione con,9229,VIA RAIMONDO DA CAPUA,,Scontro laterale fra veicoli in marcia,Incrocio,Una carreggiata a senso unico di marcia,Asciutto,Asfaltata,Verticale ed orizzontale,Sereno,Scarso,Buona,1,0,0,1,12.480359999999999,41.883890000000001,True,3385,VIA DI S. DOMENICO,
,5791892,1,2022-01-21T16:20:00,Strada Urbana,all'intersezione con,10439,VIALE DELLE TERME DI CARACALLA,,Tamponamento,Incrocio,Più di due carreggiate,Asciutto,Asfaltata,Verticale ed orizzontale,Sereno,Normale,Buona,0,0,0,3,12.495200000000001,41.878889999999998,True,7840,PIAZZALE NUMA POMPILIO,
,5791753,3,2022-01-21T16:45:00,Strada Urbana,in prossimità,2538,VIA CATANIA,4,Tamponamento Multiplo,Rettilineo,Più di due carreggiate,Asciutto,Asfaltata,Verticale ed orizzontale,Sereno,Intenso,Buona,1,0,0,6,12.516450000000001,41.910539999999997,True,,,
,5790648,2,2022-01-21T17:10:00,Strada Urbana,da specificare,8934,PIAZZALE DI PORTA PIA,,Veicolo in marcia contro ostacolo accidentale,Rotatoria,Una carreggiata a senso unico di marcia,Asciutto,Asfaltata,Verticale ed orizzontale,Sereno,Normale,Buona,0,0,0,1,12.50189,41.909550000000003,True,,,fronte 118
,5789647,1,2022-01-21T17:10:00,Strada Urbana,all'intersezione con,13924,VIA LUIGI PETROSELLI,,Scontro frontale/laterale SX fra veicoli in marcia,Intersezione semaforizzata,Una carreggiata a doppio senso,Asciutto,In cubetti di porfido,Verticale ed orizzontale,Sereno,Normale,Buona,0,0,0,2,12.48089,41.890219999999999,True,6071,VICO JUGARIO,
,5789041,19,2022-01-21T17:20:00,Strada Urbana,da specificare,11019,VIA DELLA VALLE DEI FONTANILI,,Scontro frontale/laterale DX fra veicoli in marcia,Rettilineo,Una carreggiata a doppio senso,Asciutto,Asfaltata,Orizzontale,Sereno,Normale,Buona,0,0,0,2,12.40624,41.926699999999997,True,,,"accesso Centro Commerciale ""Il Fontanile"""
,5789636,7,2022-01-21T17:30:00,Strada Urbana,all'intersezione con,14838,VIA ANGELO VISCOGLIOSI,,Tamponamento,Intersezione semaforizzata,Una carreggiata a doppio senso,Asciutto,Asfaltata,Verticale ed orizzontale,Sereno,Normale,Buona,0,0,0,3,,,False,10685,VIA DI TOR TRE TESTE,
,5789499,11,2022-01-21T17:45:00,Strada Urbana,da specificare,13616,VIALE ERMINIO SPALLA,,Scontro laterale fra veicoli in marcia,Rettilineo,Due carreggiate,Asciutto,Asfaltata,Verticale ed orizzontale,Sereno,Normale,Sufficiente,0,0,0,3,12.50787,41.832439999999998,True,,,PROSSIMITA' CIV.51
,5790588,2,2022-01-21T17:45:00,Strada Urbana,da specificare,9609,VIA SALARIA,,Tamponamento,Curva senza visuale libera,Due carreggiate,Asciutto,Asfaltata,Verticale ed orizzontale,Sereno,Normale,Sufficiente,0,0,0,2,12.5115,41.987349999999999,True,,,dir. Centro svincolo via Prati Fiscali
,5789509,11,2022-01-21T18:20:00,Strada Urbana,in prossimità,5835,VIALE GUGLIELMO MARCONI,442,Veicolo in marcia contro veicolo in sosta,Rettilineo,Due carreggiate,Asciutto,Asfaltata,Verticale ed orizzontale,Sereno,Scarso,Sufficiente,0,0,0,1,12.471209999999999,41.856279999999998,True,,,
,5791990,1,2022-01-21T18:20:00,Strada Urbana,in prossimità,7012,VIA MARSALA,82,Scontro laterale fra veicoli in marcia,Rettilineo,Una carreggiata a senso unico di marcia,Asciutto,Asfaltata,Verticale ed orizzontale,Sereno,Normale,Sufficiente,0,0,0,2,,,False,,,
,5789801,8,2022-01-21T18:20:00,Strada Urbana,in prossimità,4363,VIA DEL FOSSO DI S. MAURA,51,Scontro laterale fra veicoli in marcia,Rettilineo,Una carreggiata a doppio senso,Asciutto,Asfaltata,Verticale ed orizzontale,Sereno,Normale,Sufficiente,0,0,0,2,12.591150000000001,41.859000000000002,True,,,
,5791814,1,2022-01-21T18:30:00,Strada Urbana,in prossimità,6993,VIA MARMORATA,11,Tamponamento,Rettilineo,Una carreggiata a doppio senso,Asciutto,Asfaltata,Verticale ed orizzontale,Sereno,Scarso,Sufficiente,0,0,0,3,12.479660000000001,41.877949999999998,True,,,
,5791841,1,2022-01-21T18:48:00,Strada Urbana,in prossimità,7518,PIAZZA DI MONTE SAVELLO,3,Scontro laterale fra veicoli in marcia,Rettilineo,Una carreggiata a senso unico di marcia,Asciutto,Asfaltata,Verticale,Sereno,Normale,Buona,0,0,0,3,12.47964,41.89105,True,,,
,5789867,5,2022-01-21T19:00:00,Strada Urbana,in corrispondenza,7585,VIA DEI MONTI TIBURTINI,385,Scontro frontale/laterale SX fra veicoli in marcia,Rettilineo,Più di due carreggiate,Asciutto,Asfaltata,Verticale ed orizzontale,Sereno,Intenso,Buona,1,0,0,1,12.538600000000001,41.91863,False,,,
,5790589,2,2022-01-21T19:15:00,Strada Urbana,da specificare,9565,VIA RUGGERO GIOVANNELLI,,Scontro laterale fra veicoli in marcia,Rettilineo,Una carreggiata a doppio senso,Asciutto,Asfaltata,Verticale ed orizzontale,Sereno,Normale,Buona,1,0,0,1,12.49507,41.916269999999997,True,,,alt. L.go Tartini.
,5791729,17,2022-01-21T19:20:00,Strada Urbana,in corrispondenza,7558,VIA MONTE ZEBIO,10,Investimento di pedone,Rettilineo,Due carreggiate,Asciutto,Asfaltata,Verticale ed orizzontale,Sereno,Normale,Buona,1,0,0,2,12.464560000000001,41.917389999999997,True,,,
,5790075,6,2022-01-21T19:40:00,Strada Urbana,all'intersezione con,12757,VIA OBERDAN PETRINI,,Scontro laterale fra veicoli in marcia,Incrocio,Due carreggiate,Asciutto,Asfaltata,Verticale ed orizzontale,Sereno,Scarso,Sufficiente,0,0,0,2,12.558619999999999,41.878100000000003,True,9052,VIALE DELLA PRIMAVERA,
,5790256,4,2022-01-21T19:45:00,Strada Urbana,all'intersezione con,7816,VIA NOMENTANA,,Scontro frontale/laterale DX fra veicoli in marcia,Incrocio,Una carreggiata a doppio senso,Asciutto,Asfaltata,Verticale ed orizzontale,Sereno,Normale,Buona,5,0,0,1,12.57368,41.959049999999998,True,11093,VIA VAL TROMPIA,
,5789978,15,2022-01-21T20:20:00,Strada Urbana,all'intersezione semaforizzata con,9177,VIA QUIRINO MAJORANA,,Scontro laterale fra veicoli in marcia,Intersezione semaforizzata,Più di due carreggiate,Asciutto,Asfaltata,Verticale,Sereno,Normale,Sufficiente,0,0,0,3,12.4621,41.868450000000003,True,7864,VIA ODERISI DA GUBBIO,
,5791912,13,2022-01-21T20:30:00,Strada Urbana,da specificare,3216,VIA CRISTOFORO COLOMBO,,Tamponamento Multiplo,Rettilineo,Due carreggiate,Asciutto,Asfaltata,Assente,Sereno,Normale,Sufficiente,1,0,0,2,12.39733,41.775979999999997,True,,,PROSS. INTERSEZIONE VIA DI MALAFEDE
,5791465,18,2022-01-21T21:05:00,Strada Urbana,da specificare,3434,VIA DOMENICO TARDINI,,Veicolo in marcia contro ostacolo fisso,Rettilineo,Una carreggiata a doppio senso,Asciutto,Asfaltata,Verticale ed orizzontale,Sereno,Scarso,Sufficiente,0,0,0,1,12.425369999999999,41.904539999999997,True,,,in prossimità del civico 35
,5790742,9,2022-01-21T22:10:00,Strada Urbana,all'intersezione semaforizzata con,10827,VIA TUSCOLANA,,Scontro laterale fra veicoli in marcia,Intersezione semaforizzata,Due carreggiate,Asciutto,Asfaltata,Verticale ed orizzontale,Sereno,Scarso,Buona,1,0,0,2,12.552820000000001,41.862160000000003,True,9860,VIA SCRIBONIO CURIONE,
,5790638,10,2022-01-21T22:10:00,Strada Urbana,in prossimità,15168,VIALE LUIGI SCHIAVONETTI,294,Scontro frontale/laterale DX fra veicoli in marcia,Rettilineo,Due carreggiate,Asciutto,Asfaltata,Verticale ed orizzontale,Sereno,Normale,Sufficiente,0,0,0,2,12.618449999999999,41.844940000000001,True,,,
,5797213,6,2022-01-21T23:00:00,Strada Urbana,in corrispondenza,980,VIA ARIANO IRPINO,21,Veicolo in marcia contro veicolo in sosta,Rettilineo,Una carreggiata a senso unico di marcia,Asciutto,Asfaltata,Assente,Sereno,Normale,Buona,0,0,0,0,12.542809999999999,41.891979999999997,True,,,
,5791404,13,2022-01-21T23:10:00,Strada Urbana,all'intersezione con,9274,CORSO REGINA MARIA PIA,,Scontro frontale/laterale DX fra veicoli in marcia,Incrocio,Una carreggiata a doppio senso,Asciutto,Asfaltata,Verticale ed orizzontale,Sereno,Normale,Buona,1,0,0,4,12.2845,41.729520000000001,True,8616,VIA PIETRO ROSA,
,5792101,3,2022-01-22T00:00:00,Strada Urbana,in prossimità,8941,VIALE DI PORTA TIBURTINA,26,Veicolo in marcia contro veicoli in sosta,Rettilineo,Una carreggiata a senso unico di marcia,Asciutto,Asfaltata,Verticale ed orizzontale,Sereno,Scarso,Buona,0,0,0,2,12.50934,41.899389999999997,True,,,
,5793613,16,2022-01-22T00:24:00,Strada Urbana,in prossimità,1547,VIA DI BOCCEA,430,Veicolo in marcia contro veicolo in sosta,Rettilineo,Due carreggiate,Asciutto,Asfaltata,Verticale ed orizzontale,Sereno,Scarso,Sufficiente,1,0,0,1,12.40878,41.90598,True,,,
,5789841,8,2022-01-22T01:00:00,Strada Urbana,in corrispondenza,9422,VIA DI ROCCA CENCIA,39,Scontro frontale fra veicoli in marcia,Rettilineo,Una carreggiata a doppio senso,Asciutto,Asfaltata,Verticale ed orizzontale,Sereno,Normale,Buona,2,0,0,2,12.68735,41.864640000000001,True,,,
,5789537,12,2022-01-22T01:30:00,Strada Urbana,in corrispondenza,75,VIA DI ACQUA ACETOSA OSTIENSE,68,Veicolo in marcia contro ostacolo fisso,Curva senza visuale libera,Una carreggiata a doppio senso,Asciutto,Asfaltata,Orizzontale,Sereno,Scarso,Buona,4,0,1,0,12.467370000000001,41.804819999999999,True,,,
,5789630,20,2022-01-22T01:30:00,Strada Urbana,all'intersezione con,4580,CORSO DI FRANCIA,,Scontro laterale fra veicoli in marcia,Intersezione semaforizzata,Due carreggiate,Asciutto,Asfaltata,Verticale ed orizzontale,Sereno,Normale,Insufficiente,0,0,0,3,12.471679999999999,41.936709999999998,True,4184,VIA FLAMINIA,
,5790645,10,2022-01-22T01:35:00,Strada Urbana,da specificare,878,VIA APPIA NUOVA,,Veicolo in marcia contro ostacolo fisso,Rettilineo,Due carreggiate,Asciutto,Asfaltata,Verticale ed orizzontale,Sereno,Scarso,Buona,0,0,0,1,12.5671,41.820050000000002,True,,,alt. Palo Acea n°403
,5791493,18,2022-01-22T02:30:00,Strada Urbana,in prossimità,1281,VIA BALDO DEGLI UBALDI,22,Veicolo in marcia contro veicolo in sosta,Rettilineo,Due carreggiate,Asciutto,Asfaltata,Verticale ed orizzontale,Sereno,Normale,Buona,0,0,0,1,12.4308,41.89828,True,,,
,5789479,1,2022-01-22T02:30:00,Strada Urbana,in prossimità,5258,PIAZZA DI S. GIOVANNI IN LATERANO,80,Veicolo in marcia contro ostacolo fisso,Rettilineo,Una carreggiata a doppio senso,Asciutto,Asfaltata,Verticale ed orizzontale,Sereno,Scarso,Buona,0,0,0,1,12.50483,41.887129999999999,True,,,
,5790650,10,2022-01-22T03:50:00,Strada Urbana,all'intersezione con,10827,VIA TUSCOLANA,,Scontro frontale/laterale DX fra veicoli in marcia,Intersezione semaforizzata,Due carreggiate,Asciutto,Asfaltata,Verticale ed orizzontale,Sereno,Scarso,Buona,0,0,0,2,12.55902,41.858640000000001,True,10977,VIA VALERIO PUBLICOLA,
,5790083,6,2022-01-22T04:10:00,Strada Urbana,all'intersezione con,1162,VIA AUGUSTO DULCERI,,Scontro frontale/laterale DX fra veicoli in marcia,Incrocio,Una carreggiata a doppio senso,Asciutto,Asfaltata,Verticale ed orizzontale,Nuvoloso,Scarso,Sufficiente,1,0,0,1,12.53885,41.883969999999998,True,4632,VIA FRONTINO,
,5789761,10,2022-01-22T05:00:00,Strada Urbana,in corrispondenza,2885,VIA CLAUDIO ASELLO,31,Veicolo in marcia contro veicoli in sosta,Rettilineo,Una carreggiata a senso unico di marcia,Asciutto,Asfaltata,Verticale ed orizzontale,Sereno,Scarso,Sufficiente,0,0,0,0,12.55794,41.863379999999999,True,,,
,5791599,17,2022-01-22T05:10:00,Strada Urbana,in corrispondenza,10173,VIALE DELLO STADIO OLIMPICO,16,Veicolo in marcia contro ostacolo fisso,Curva a visuale libera,Una carreggiata a senso unico di marcia,Asciutto,Asfaltata,Orizzontale,Sereno,Scarso,Sufficiente,0,0,0,1,12.453760000000001,41.93009,False,,,
,5789877,5,2022-01-22T07:00:00,Strada Urbana,in corrispondenza,731,LARGO ANTONIO BELTRAMELLI,32,Veicolo in marcia contro veicolo in sosta,Rettilineo,Una carreggiata a senso unico di marcia,Asciutto,Asfaltata,Verticale ed orizzontale,Sereno,Scarso,Sufficiente,0,0,0,0,12.53814,41.910080000000001,True,,,
,5790810,8,2022-01-22T07:30:00,Strada Urbana,in prossimità,6629,VIA DI LUNGHEZZA,19,Scontro laterale fra veicoli in marcia,Rettilineo,Una carreggiata a doppio senso,Asciutto,Asfaltata,Verticale ed orizzontale,Sereno,Scarso,Buona,0,0,0,4,12.671279999999999,41.923169999999999,True,,,
,5789927,18,2022-01-22T09:10:00,Statale,in prossimità,1194,VIA AURELIA,15.1,Tamponamento,Rettilineo,Due carreggiate,Asciutto,Asfaltata,Verticale ed orizzontale,Sereno,Normale,Buona,0,1,0,1,12.401160000000001,41.886099999999999,True,,,
,5790263,4,2022-01-22T09:10:00,Strada Urbana,all'intersezione semaforizzata con,9285,VIA RENATO FUCINI,,Scontro frontale/laterale DX fra veicoli in marcia,Intersezione semaforizzata,Due carreggiate,Asciutto,Asfaltata,Verticale ed orizzontale,Sereno,Normale,Buona,0,0,0,3,12.549569999999999,41.949660000000002,True,6470,VIA LUDOVICO DI BREME,
,5789757,12,2022-01-22T09:30:00,Strada Urbana,da specificare,7189,VIA DI MEZZOCAMMINO,,Tamponamento Multiplo,Rettilineo,Una carreggiata a doppio senso,Asciutto,Asfaltata,Verticale ed orizzontale,Sereno,Normale,Buona,0,0,0,4,12.444459999999999,41.793280000000003,True,,,PROSSIMITA' P.A. 44
,5789736,11,2022-01-22T09:45:00,Strada Urbana,all'intersezione semaforizzata con,8037,CIRCONVALLAZIONE OSTIENSE,,Scontro frontale/laterale SX fra veicoli in marcia,Intersezione semaforizzata,Due carreggiate,Asciutto,Asfaltata,Verticale ed orizzontale,Sereno,Normale,Buona,1,0,0,1,12.48442,41.867310000000003,True,5363,VIA GIROLAMO BENZONI,
,5790586,20,2022-01-22T10:00:00,Strada Urbana,all'intersezione con,10200,VIA DELLA STAZIONE DI CESANO,,Scontro laterale fra veicoli in marcia,Incrocio,Una carreggiata a doppio senso,Asciutto,Asfaltata,Orizzontale,Sereno,Normale,Buona,0,0,0,2,12.3241,42.059750000000001,True,2941,VIA DI COLLE FEBBRARO,
,5790852,8,2022-01-22T10:00:00,Strada Urbana,all'intersezione con,1452,VIA BENEDETTO TORTI,,Tamponamento,Intersezione stradale segnalata,Una carreggiata a senso unico di marcia,Asciutto,Asfaltata,Verticale ed orizzontale,Sereno,Normale,Buona,1,0,0,0,12.649290000000001,41.864280000000001,False,613,VIA ANGELO MARABINI,
,5789879,5,2022-01-22T10:00:00,Strada Urbana,in corrispondenza,10478,VIA TIBURTINA,1144,Scontro laterale fra veicoli in marcia,Rettilineo,Due carreggiate,Asciutto,Asfaltata,Temporanea di cantiere,Sereno,Scarso,Buona,1,0,0,1,12.59445,41.932589999999998,True,,,
,5790096,6,2022-01-22T10:15:00,Strada Urbana,all'intersezione con,6820,VIA MARCIANISE,,Scontro frontale/laterale DX fra veicoli in marcia,Intersezione stradale segnalata,Una carreggiata a doppio senso,Asciutto,Asfaltata,Verticale ed orizzontale,Sereno,Scarso,Buona,0,0,0,2,12.55104,41.891280000000002,True,8281,VIALE PARTENOPE,
,5790102,6,2022-01-22T11:30:00,Strada Urbana,in corrispondenza,4082,VIALE FILARETE,30,Veicolo in marcia che urta buche nella carreggiata,Rettilineo,Due carreggiate,Asciutto,Asfaltata,Verticale ed orizzontale,Sereno,Scarso,Buona,0,0,0,1,12.53819,41.880659999999999,True,,,
,5790755,9,2022-01-22T12:00:00,Strada Urbana,in prossimità,10827,VIA TUSCOLANA,672,Scontro laterale fra veicoli in marcia,Rettilineo,Una carreggiata a doppio senso,Asciutto,Asfaltata,Verticale ed orizzontale,Sereno,Normale,Buona,0,0,0,3,12.53936,41.868369999999999,True,,,
,5790107,6,2022-01-22T12:10:00,Strada Urbana,da specificare,9042,PIAZZALE PRENESTINO,,Investimento di pedone,Rettilineo,Una carreggiata a senso unico di marcia,Asciutto,Asfaltata,Verticale ed orizzontale,Sereno,Normale,Buona,1,0,0,1,12.525679999999999,41.891010000000001,True,,,fronte civico 51
,5790593,20,2022-01-22T12:20:00,Strada Urbana,in prossimità,2980,VIA DEI COLLI DELLA FARNESINA,8,Scontro frontale fra veicoli in marcia,Rettilineo,Una carreggiata a doppio senso,Asciutto,Asfaltata,Verticale ed orizzontale,Sereno,Normale,Buona,0,0,0,2,12.461589999999999,41.93721,True,,,
,5791560,4,2022-01-22T12:30:00,Strada Urbana,all'intersezione con,10866,VIA UGO OJETTI,,Infortunio per sola frenata improvvisa,Rotatoria,Una carreggiata a senso unico di marcia,Asciutto,Asfaltata,Verticale ed orizzontale,Sereno,Normale,Buona,1,0,0,1,12.55458,41.947049999999997,True,2259,VIA DI CASAL BOCCONE,
,5790376,11,2022-01-22T12:50:00,Strada Urbana,in prossimità,444,VIA DELL'ALMONE,111,Tamponamento,Rettilineo,Una carreggiata a doppio senso,Asciutto,Asfaltata,Verticale ed orizzontale,Sereno,Normale,Buona,1,0,0,1,12.53022,41.854840000000003,True,,,
,5791398,7,2022-01-22T12:55:00,Strada Urbana,all'intersezione con,11904,VIALE PALMIRO TOGLIATTI,,Scontro frontale/laterale SX fra veicoli in marcia,Intersezione semaforizzata,Due carreggiate,Asciutto,Asfaltata,Verticale ed orizzontale,Sereno,Normale,Buona,1,0,0,1,12.575760000000001,41.8964,True,12174,PIAZZALE PINO PASCALI,
,5792434,16,2022-01-22T13:00:00,Strada Urbana,in prossimità,1649,VIA DI BRAVETTA,338,Scontro frontale/laterale DX fra veicoli in marcia,Rettilineo,Una carreggiata a doppio senso,Asciutto,Asfaltata,Verticale ed orizzontale,Sereno,Normale,Buona,1,0,0,1,12.426310000000001,41.878129999999999,True,,,
,5791713,13,2022-01-22T13:05:00,,all'intersezione con,3668,PIAZZA ENRICO MILLO,,Scontro frontale/laterale SX fra veicoli in marcia,,,,,,,,,0,0,0,1,,,False,3725,VIA ERMANNO CARLOTTO,
,5791774,7,2022-01-22T13:20:00,Strada Urbana,in corrispondenza,2795,VIA DELLE CILIEGIE,217,Scontro laterale fra veicoli in marcia,Rettilineo,Una carreggiata a senso unico di marcia,Asciutto,Asfaltata,Assente,Sereno,Scarso,Buona,0,0,0,2,12.57469,41.889409999999998,True,,,
,5790662,10,2022-01-22T13:30:00,Strada Urbana,da specificare,10827,VIA TUSCOLANA,,Scontro frontale/laterale SX fra veicoli in marcia,Rettilineo,Due carreggiate,Asciutto,Asfaltata,Verticale ed orizzontale,Sereno,Scarso,Buona,0,0,0,2,12.60627,41.834479999999999,True,,,via tuscolana inversione di marcia alt.Gasperina
,5791558,1,2022-01-22T14:00:00,Strada Urbana,da specificare,6778,VIALE MANZONI,,Investimento di pedone,Rettilineo,Una carreggiata a doppio senso,Asciutto,Asfaltata,Verticale ed orizzontale,Sereno,Normale,Buona,1,0,0,1,12.50788,41.891309999999997,True,,,altezza civico 21
,5790381,11,2022-01-22T14:30:00,Strada Urbana,all'intersezione semaforizzata con,8037,CIRCONVALLAZIONE OSTIENSE,,Scontro frontale/laterale DX fra veicoli in marcia,Intersezione semaforizzata,Una carreggiata a doppio senso,Asciutto,Asfaltata,Verticale ed orizzontale,Sereno,Scarso,Buona,1,0,0,1,12.48448,41.86739,True,5363,VIA GIROLAMO BENZONI,
,5791601,4,2022-01-22T15:00:00,Strada Urbana,in corrispondenza,14250,VIA GIUSEPPE IMER,9,Scontro laterale fra veicoli in marcia,Rettilineo,Una carreggiata a senso unico di marcia,Asciutto,Asfaltata,Verticale ed orizzontale,Sereno,Normale,Buona,0,0,0,7,12.532310000000001,41.96698,True,,,
,5791829,3,2022-01-22T15:10:00,Strada Urbana,all'intersezione semaforizzata con,10907,VIALE DELL'UNIVERSITA',,Scontro frontale/laterale DX fra veicoli in marcia,Intersezione semaforizzata,Una carreggiata a doppio senso,Asciutto,Asfaltata,Verticale ed orizzontale,Sereno,Normale,Buona,0,0,0,3,12.51183,41.904339999999998,True,9837,VIALE DELLE SCIENZE,
,5792405,9,2022-01-22T15:15:00,Strada Urbana,all'intersezione semaforizzata con,2521,VIALE CASTRENSE,,Veicolo in marcia contro ostacolo fisso,Intersezione semaforizzata,Due carreggiate,Asciutto,Asfaltata,Verticale ed orizzontale,Sereno,Normale,Buona,0,0,0,1,12.51798,41.887779999999999,True,1799,VIA CALTAGIRONE,
,5791881,18,2022-01-22T15:20:00,Strada Urbana,in prossimità,5772,VIA GREGORIO VII,138,Tamponamento,Rettilineo,Più di due carreggiate,Asciutto,Asfaltata,Verticale ed orizzontale,Sereno,Normale,Buona,0,0,0,3,12.44556,41.895850000000003,True,,,
,5790889,8,2022-01-22T15:30:00,Strada Urbana,da specificare,2403,VIA CASILINA,,Veicolo in marcia che urta buche nella carreggiata,Rettilineo,Una carreggiata a doppio senso,Asciutto,Asfaltata,Verticale ed orizzontale,Sereno,Scarso,Buona,0,0,0,3,12.62121,41.862589999999997,True,,,FRONTE CIVICO 1942
,5790410,15,2022-01-22T15:50:00,Strada Urbana,in corrispondenza,8975,VIA PORTUENSE,292,Scontro frontale/laterale SX fra veicoli in marcia,Rettilineo,Una carreggiata a doppio senso,Asciutto,Asfaltata,Verticale ed orizzontale,Sereno,Normale,Buona,0,0,0,3,12.45696,41.865110000000001,True,,,
,5790606,20,2022-01-22T16:15:00,Strada Urbana,all'intersezione con,2418,VIA CASSIA NUOVA,,Tamponamento,Incrocio,Una carreggiata a doppio senso,Asciutto,Asfaltata,Verticale ed orizzontale,Sereno,Normale,Buona,1,0,0,4,12.47071,41.958069999999999,True,5964,VIA DELL'INVIOLATELLA BORGHESE,
,5791815,17,2022-01-22T16:30:00,Strada Urbana,all'intersezione con,508,VIALE DEGLI AMMIRAGLI,,Scontro frontale/laterale SX fra veicoli in marcia,Intersezione stradale segnalata,Una carreggiata a doppio senso,Asciutto,Asfaltata,Verticale ed orizzontale,Sereno,Normale,Buona,0,0,0,5,12.44486,41.905560000000001,True,609,VIA ANGELO EMO,
,5791603,4,2022-01-22T16:50:00,Strada Urbana,da specificare,4440,VIA FRANCESCO COCCO ORTU,,Veicolo in marcia contro veicolo in sosta,Rettilineo,Una carreggiata a doppio senso,Asciutto,Asfaltata,Verticale ed orizzontale,Sereno,Normale,Buona,1,0,0,0,12.52266,41.960430000000002,True,,,altezza VIA GAETANO ZIRARDINI
,5790628,20,2022-01-22T17:00:00,Strada Urbana,all'intersezione semaforizzata con,4580,CORSO DI FRANCIA,,Scontro laterale fra veicoli in marcia,Intersezione semaforizzata,Più di due carreggiate,Asciutto,Asfaltata,Verticale ed orizzontale,Sereno,Normale,Buona,2,0,0,1,12.471679999999999,41.936709999999998,True,6517,VIA LUIGI BODIO,
,5791430,12,2022-01-22T17:00:00,Strada Urbana,all'intersezione con,3216,VIA CRISTOFORO COLOMBO,,Veicolo in marcia contro ostacolo fisso,Intersezione semaforizzata,Una carreggiata a senso unico di marcia,Asciutto,Asfaltata,Verticale ed orizzontale,Sereno,Normale,Buona,0,0,0,5,12.46448,41.824649999999998,True,10878,VIALE DELL'UMANESIMO,
,5790902,8,2022-01-22T17:00:00,Strada Urbana,all'intersezione con,13664,VIA DELL'ARCHEOLOGIA,,Scontro frontale/laterale DX fra veicoli in marcia,Incrocio,Una carreggiata a doppio senso,Asciutto,Asfaltata,Verticale ed orizzontale,Sereno,Normale,Buona,0,0,0,2,12.47068,41.910820000000001,True,13695,VIA GIOVANNI CASTANO,
,5792037,1,2022-01-22T17:35:00,Strada Urbana,in corrispondenza,5703,VIA GOFFREDO MAMELI,13,Scontro laterale fra veicoli in marcia,Rettilineo,Una carreggiata a doppio senso,Asciutto,Asfaltata,Verticale ed orizzontale,Sereno,Normale,Buona,0,0,0,3,12.46818,41.886600000000001,True,,,
,5791641,4,2022-01-22T18:15:00,Strada Urbana,all'intersezione semaforizzata con,11028,VIA DI VALLE MELAINA,,Scontro laterale fra veicoli in marcia,Intersezione semaforizzata,Due carreggiate,Asciutto,Asfaltata,Verticale ed orizzontale,Sereno,Normale,Buona,2,0,0,3,12.525840000000001,41.948219999999999,True,6029,VIA DELLE ISOLE CURZOLANE,
,5791630,13,2022-01-22T18:20:00,,in corrispondenza,4437,VIA FRANCESCO CILEA,57,Veicolo in marcia contro ostacolo accidentale,,,,,,,,,0,0,0,1,,,False,,,
,5790639,6,2022-01-22T18:34:00,Strada Urbana,da specificare,5717,VIA DEI GORDIANI,,Investimento di pedone,Rettilineo,Due carreggiate,Asciutto,Asfaltata,Verticale ed orizzontale,Sereno,Scarso,Sufficiente,1,0,0,0,12.554410000000001,41.884549999999997,True,,,FERMATA BUS BELMONTE CASTELLO (N 74075)
,5791703,7,2022-01-22T19:05:00,Strada Urbana,in corrispondenza,4809,VIA DEI GELSI,93,Infortunio per caduta del veicolo,Rettilineo,Una carreggiata a doppio senso,Asciutto,Asfaltata,Verticale ed orizzontale,Sereno,Normale,Buona,1,0,0,1,12.569610000000001,41.889360000000003,True,,,
,5791480,5,2022-01-22T19:20:00,Strada Urbana,da specificare,10478,VIA TIBURTINA,,Scontro laterale fra veicoli in marcia,Rettilineo,Più di due carreggiate,Asciutto,Asfaltata,Verticale ed orizzontale,Sereno,Normale,Sufficiente,1,0,0,2,12.62218,41.937989999999999,True,,,direzione Tivoli oltre via di Salone
,5791509,5,2022-01-22T19:30:00,Strada Urbana,all'intersezione con,12283,VIA OSTERIA DELLE CAPANNACCE,,Scontro frontale/laterale DX fra veicoli in marcia,Incrocio,Una carreggiata a doppio senso,Asciutto,Asfaltata,Verticale ed orizzontale,Sereno,Normale,Buona,0,0,0,3,12.648709999999999,41.938459999999999,True,12270,VIA COLLEDIMACINE,
,5790388,11,2022-01-22T19:50:00,Strada Urbana,da specificare,11802,VIALE DEL TINTORETTO,,Scontro laterale fra veicoli in marcia,Rotatoria,Due carreggiate,Asciutto,Asfaltata,Verticale ed orizzontale,Sereno,Normale,Buona,0,0,0,2,12.494669999999999,41.833350000000003,True,,,altezza Via Baldovinetti
,5790923,8,2022-01-22T19:55:00,Strada Urbana,all'intersezione con,9485,VIALE DEI ROMANISTI,,Scontro laterale fra veicoli in marcia,Intersezione semaforizzata,Due carreggiate,Asciutto,Asfaltata,Verticale ed orizzontale,Sereno,Normale,Insufficiente,0,0,0,3,12.577400000000001,41.867519999999999,True,11904,VIALE PALMIRO TOGLIATTI,
,5792492,16,2022-01-22T20:00:00,Strada Urbana,da specificare,4999,VIA GIANO PARRASIO,,Veicolo in marcia contro veicoli in sosta,Rettilineo,Una carreggiata a senso unico di marcia,Asciutto,Asfaltata,Verticale ed orizzontale,Sereno,Scarso,Sufficiente,0,0,0,1,12.464040000000001,41.874960000000002,True,,,FRONTE CIVICO 1
,5792508,16,2022-01-22T20:10:00,Strada Urbana,in corrispondenza,5866,VIA GUIDO GUINIZELLI,70,Scontro laterale fra veicoli in marcia,Rettilineo,Una carreggiata a doppio senso,Asciutto,Asfaltata,Verticale ed orizzontale,Sereno,Normale,Buona,0,0,0,4,12.458729999999999,41.874809999999997,True,,,
,5791749,2,2022-01-22T20:10:00,Strada Urbana,all'intersezione semaforizzata con,71,LUNGOTEVERE DELL'ACQUA ACETOSA,,Scontro frontale/laterale DX fra veicoli in marcia,Intersezione semaforizzata,Una carreggiata a doppio senso,Asciutto,Asfaltata,Verticale,Sereno,Scarso,Sufficiente,0,0,0,3,12.479329999999999,41.934379999999997,True,11153,VIA VENEZUELA,
,5791507,12,2022-01-22T20:10:00,Strada Urbana,all'intersezione semaforizzata con,3216,VIA CRISTOFORO COLOMBO,,Scontro laterale fra veicoli in marcia,Intersezione semaforizzata,Una carreggiata a senso unico di marcia,Asciutto,Asfaltata,Verticale ed orizzontale,Sereno,Scarso,Buona,0,0,0,4,12.41151,41.785829999999997,True,10878,VIALE DELL'UMANESIMO,
,5791664,7,2022-01-22T20:30:00,Strada Urbana,in prossimità,9572,VIA DELLA RUSTICA,240,Scontro laterale fra veicoli in marcia,Rettilineo,Una carreggiata a doppio senso,Asciutto,Asfaltata,Orizzontale,Sereno,Normale,Buona,0,0,0,3,12.60891,41.913179999999997,True,,,
,5825181,13,2022-01-22T20:50:00,Strada Urbana,all'intersezione con,2448,VIA DI CASTEL FUSANO,,Scontro laterale fra veicoli in marcia,Incrocio,Una carreggiata a doppio senso,Asciutto,Asfaltata,Assente,Sereno,Normale,Buona,0,0,0,2,12.311540000000001,41.746699999999997,True,194,VIA AGOSTINO CHIGI,
,5791541,5,2022-01-22T21:00:00,Strada Urbana,in prossimità,10478,VIA TIBURTINA,824,Scontro laterale fra veicoli in marcia,Rettilineo,Una carreggiata a doppio senso,Asciutto,Asfaltata,Verticale ed orizzontale,Sereno,Normale,Sufficiente,0,0,0,3,12.560919999999999,41.915039999999998,True,,,
,5790947,8,2022-01-22T22:00:00,Strada Urbana,all'intersezione con,2403,VIA CASILINA,,Tamponamento,Intersezione semaforizzata,Due carreggiate,Asciutto,Asfaltata,Orizzontale,Sereno,Scarso,Insufficiente,0,0,0,2,12.62121,41.862589999999997,True,10688,VIA DI TOR VERGATA,
,5791535,12,2022-01-22T23:00:00,Strada Urbana,in corrispondenza,11260,VIA DI VIGNA MURATA,9,Tamponamento,Rettilineo,Una carreggiata a senso unico di marcia,Asciutto,Asfaltata,Verticale ed orizzontale,Sereno,Scarso,Buona,0,0,0,5,12.48077,41.827469999999998,True,,,
,5790584,1,2022-01-22T23:45:00,Strada Urbana,da specificare,10714,VIALE DI TRASTEVERE,,Scontro frontale/laterale DX fra veicoli in marcia,Rettilineo,Più di due carreggiate,Asciutto,Asfaltata,Verticale ed orizzontale,Sereno,Scarso,Sufficiente,1,0,0,1,12.47109,41.885460000000002,True,,,fronte via induno
,5792027,13,2022-01-23T00:10:00,Strada Urbana,all'intersezione con,991,VIA ARISTIDE CARABELLI,,Scontro frontale/laterale DX fra veicoli in marcia,Intersezione semaforizzata,Due carreggiate,Asciutto,Asfaltata,Verticale ed orizzontale,Sereno,Scarso,Buona,3,0,0,1,12.269209999999999,41.738680000000002,True,3185,VIA COSTANZO CASANA,
,5790764,9,2022-01-23T00:30:00,Strada Urbana,in corrispondenza,10827,VIA TUSCOLANA,692,Scontro laterale fra veicoli in marcia,Rettilineo,Due carreggiate,Asciutto,Asfaltata,Verticale ed orizzontale,Sereno,Normale,Buona,1,0,0,2,12.542820000000001,41.86571,True,,,
,5791495,20,2022-01-23T00:38:00,Strada Urbana,da specificare,10606,VIALE DI TOR DI QUINTO,,Scontro frontale/laterale SX fra veicoli in marcia,Rettilineo,Due carreggiate,Asciutto,Asfaltata,Verticale ed orizzontale,Sereno,Scarso,Buona,0,0,0,4,12.478479999999999,41.944710000000001,True,,,all'inters.ne semaforiz. sotto Tangenziale
,5791964,17,2022-01-23T01:05:00,Strada Urbana,all'intersezione con,609,VIA ANGELO EMO,,Scontro frontale/laterale SX fra veicoli in marcia,Incrocio,Una carreggiata a doppio senso,Asciutto,Asfaltata,Verticale ed orizzontale,Sereno,Scarso,Sufficiente,0,0,0,2,12.446210000000001,41.904400000000003,True,3415,VIA DOMENICO MILLELIRE,
,5791165,19,2022-01-23T01:30:00,Strada Urbana,all'intersezione semaforizzata con,7123,VIALE DELLE MEDAGLIE D'ORO,,Scontro frontale/laterale SX fra veicoli in marcia,Incrocio,Una carreggiata a doppio senso,Asciutto,Asfaltata,Verticale ed orizzontale,Sereno,Scarso,Buona,0,0,0,3,12.443619999999999,41.913730000000001,True,3481,VIA DUCCIO GALIMBERTI,
,5791901,4,2022-01-23T01:30:00,Provinciale entro l'abitato,all'intersezione con,7816,VIA NOMENTANA,,Scontro frontale/laterale SX fra veicoli in marcia,Intersezione semaforizzata,Una carreggiata a doppio senso,Asciutto,Asfaltata,Verticale ed orizzontale,Sereno,Scarso,Buona,3,0,0,1,12.5611,41.94464,True,4777,VIA GASPARA STAMPA,
,5791722,1,2022-01-23T01:30:00,Strada Urbana,da specificare,3132,VIA DEL CORSO,,Investimento di pedone,Rettilineo,Una carreggiata a senso unico di marcia,Asciutto,Asfaltata,Verticale ed orizzontale,Sereno,Scarso,Sufficiente,1,0,0,2,12.480969999999999,41.904559999999996,True,,,altezza civico 114
,5791875,12,2022-01-23T01:30:00,Provinciale,da specificare,958,VIA ARDEATINA,,Scontro frontale/laterale SX fra veicoli in marcia,Curva a visuale libera,Una carreggiata a doppio senso,Asciutto,Asfaltata,Verticale,Sereno,Scarso,Insufficiente,4,0,0,0,12.52552,41.813070000000003,True,,,civico 1998 dir Ardea
,5792418,13,2022-01-23T02:00:00,Strada Urbana,in prossimità,5320,LARGO GIOVANNI RONCAGLI,3,Veicolo in marcia contro veicoli in sosta,Rettilineo,Una carreggiata a doppio senso,Asciutto,Asfaltata,Verticale ed orizzontale,Sereno,Scarso,Sufficiente,0,0,0,0,12.283670000000001,41.734340000000003,True,,,
,5790669,10,2022-01-23T02:30:00,Strada Urbana,da specificare,878,VIA APPIA NUOVA,,Fuoriuscita dalla sede stradale,Rettilineo,Due carreggiate,Asciutto,Asfaltata,Verticale ed orizzontale,Sereno,Scarso,Sufficiente,0,0,0,1,12.512930000000001,41.882649999999998,True,,,in prossimità di VIA LAVINIO
,5793236,1,2022-01-23T02:40:00,Strada Urbana,in prossimità,789,VIA ANTONIO MALFANTE,35,Veicolo in marcia contro veicolo in sosta,Rettilineo,Una carreggiata a doppio senso,Asciutto,Asfaltata,Verticale ed orizzontale,Sereno,Scarso,Buona,0,0,0,0,12.50038,41.861400000000003,True,,,
,5790958,8,2022-01-23T03:00:00,Strada Urbana,in prossimità,2936,VIA COLLATINA,661,Veicolo in marcia contro ostacolo fisso,Curva senza visuale libera,Una carreggiata a doppio senso,Ghiacciato,Asfaltata,Orizzontale,Nuvoloso,Scarso,Buona,1,0,0,2,12.6157,41.90419,True,,,
,5791788,18,2022-01-23T03:00:00,Strada Urbana,all'intersezione con,3434,VIA DOMENICO TARDINI,,Veicolo in marcia contro ostacolo fisso,Intersezione semaforizzata,Due carreggiate,Asciutto,Asfaltata,Verticale ed orizzontale,Sereno,Scarso,Sufficiente,0,0,0,5,12.425369999999999,41.904539999999997,True,4399,VIA FRANCESCO ALBERGOTTI,
,5791412,11,2022-01-23T04:50:00,Strada Urbana,all'intersezione semaforizzata con,3216,VIA CRISTOFORO COLOMBO,,Tamponamento,Intersezione semaforizzata,Più di due carreggiate,Asciutto,Asfaltata,Verticale ed orizzontale,Sereno,Normale,Buona,0,0,0,2,12.49737,41.86374,True,8105,VIA PADRE SEMERIA,
,5791828,13,2022-01-23T05:20:00,Strada Urbana,da specificare,8040,VIA OSTIENSE,,Tamponamento,Rettilineo,Una carreggiata a senso unico di marcia,Asciutto,Asfaltata,Verticale ed orizzontale,Sereno,Scarso,Buona,2,0,0,1,12.35957,41.783529999999999,True,,,altezza Stazione Acilia
,5791734,18,2022-01-23T05:38:00,Strada Urbana,da specificare,5327,VIA GIOVANNI SENZATERRA,,Veicolo in marcia contro veicolo in sosta,Rettilineo,Una carreggiata a senso unico di marcia,Asciutto,Asfaltata,Assente,Sereno,Scarso,Sufficiente,0,0,0,1,12.394629999999999,41.908740000000002,True,,,FRONTE CIVICO 10
,5792161,19,2022-01-23T08:00:00,Strada Urbana,in corrispondenza,420,VIA ALFREDO FUSCO,41,Veicolo in marcia contro veicolo in sosta,Rettilineo,Una carreggiata a doppio senso,Asciutto,Asfaltata,Assente,Sereno,Scarso,Buona,0,0,0,0,12.43683,41.923139999999997,True,,,
,5790710,2,2022-01-23T08:40:00,Strada Urbana,da specificare,1419,VIALE DELLE BELLE ARTI,,Veicolo in marcia contro veicoli in sosta,Rettilineo,Una carreggiata a doppio senso,Asciutto,Asfaltata,Verticale ed orizzontale,Sereno,Scarso,Buona,0,0,0,2,12.4754,41.919139999999999,True,,,prossimità Viale Bruno Buozzi
,5791797,7,2022-01-23T09:00:00,Strada Urbana,in prossimità,11904,VIALE PALMIRO TOGLIATTI,1228,Tamponamento,Rettilineo,Due carreggiate,Asciutto,Asfaltata,Orizzontale,Sereno,Normale,Buona,0,0,0,3,12.57588,41.90005,True,,,
,5791710,4,2022-01-23T09:10:00,Statale,in corrispondenza,9609,VIA SALARIA,1900,Veicolo in marcia contro ostacolo fisso,Rettilineo,Una carreggiata a doppio senso,Asciutto,Asfaltata,Orizzontale,Sereno,Scarso,Buona,0,0,0,1,12.5115,41.987349999999999,False,,,
,5792019,19,2022-01-23T09:20:00,Strada Urbana,all'intersezione con,1488,VIA BERNARDO BARBIELLINI AMIDEI,,Scontro frontale/laterale DX fra veicoli in marcia,Incrocio,Una carreggiata a doppio senso,Asciutto,Asfaltata,Verticale ed orizzontale,Sereno,Scarso,Buona,2,0,0,1,12.427809999999999,41.925919999999998,True,6501,VIA LUIGI ARBIB PASCUCCI,
,5791395,12,2022-01-23T09:25:00,Strada Urbana,all'intersezione con,15505,VIALE CITTA' D'EUROPA,,Scontro frontale/laterale SX fra veicoli in marcia,Incrocio,Due carreggiate,Asciutto,Asfaltata,Verticale ed orizzontale,Sereno,Scarso,Buona,0,0,0,2,12.45492,41.82461,True,15654,VIA SALISBURGO,
,5791473,10,2022-01-23T10:15:00,Strada Urbana,all'intersezione con,10827,VIA TUSCOLANA,,Scontro laterale fra veicoli in marcia,Incrocio,Due carreggiate,Asciutto,Asfaltata,Verticale ed orizzontale,Sereno,Normale,Buona,0,0,0,4,12.56002,41.85819,True,3878,VIA FABIO RULLIANO,
,5791498,10,2022-01-23T10:25:00,Strada Urbana,all'intersezione con,3109,VIA CORNELIO SISENNA,,Veicolo in marcia contro veicolo in sosta,Incrocio,Due carreggiate,Asciutto,Asfaltata,Verticale ed orizzontale,Sereno,Scarso,Buona,0,0,0,1,12.576560000000001,41.87003,True,3604,VIA EMILIO MACRO,
,5791794,13,2022-01-23T11:00:00,Strada Urbana,da specificare,3215,PIAZZALE CRISTOFORO COLOMBO,,Scontro laterale fra veicoli in marcia,Rotatoria,Una carreggiata a senso unico di marcia,Asciutto,Asfaltata,Orizzontale,Sereno,Normale,Sufficiente,0,0,0,2,12.31742,41.714500000000001,True,,,altezza fontana dello zodiaco
,5791530,10,2022-01-23T11:15:00,Strada Urbana,in corrispondenza,3055,PIAZZA DEI CONSOLI,67,Veicolo in marcia contro veicolo fermo,Rettilineo,Una carreggiata a senso unico di marcia,Asciutto,Asfaltata,Orizzontale,Sereno,Scarso,Buona,0,0,0,2,12.55658,41.86215,True,,,
,5791405,1,2022-01-23T11:45:00,Strada Urbana,all'intersezione con,9580,VIA DI S. SABA,,Scontro frontale/laterale DX fra veicoli in marcia,Incrocio,Una carreggiata a senso unico di marcia,Asciutto,Asfaltata,Verticale ed orizzontale,Sereno,Normale,Buona,1,0,0,1,12.48493,41.879510000000003,True,668,VIA ANNIA FAUSTINA,
,5791980,12,2022-01-23T11:50:00,Regionale,da specificare,8887,VIA PONTINA,,Tamponamento Multiplo,Rettilineo,Due carreggiate,Asciutto,Asfaltata,Verticale ed orizzontale,Sereno,Scarso,Buona,0,0,0,9,12.436310000000001,41.746929999999999,True,,,km 15.500 dir. Pomezia
,5791476,15,2022-01-23T12:00:00,Strada Urbana,in prossimità,10798,VIA DEL TRULLO,227,Investimento di pedone,Rettilineo,Due carreggiate,Asciutto,Asfaltata,Orizzontale,Sereno,Normale,Buona,1,0,0,1,12.43576,41.845680000000002,True,,,
,5791627,1,2022-01-23T12:25:00,Strada Urbana,da specificare,4753,VIA GALVANI,,Scontro frontale/laterale DX fra veicoli in marcia,Rettilineo,Una carreggiata a doppio senso,Asciutto,Asfaltata,Verticale ed orizzontale,Sereno,Normale,Buona,1,0,0,2,12.476800000000001,41.877769999999998,False,,,FRONTE CIVICO 20
,5791408,11,2022-01-23T13:00:00,Strada Urbana,all'intersezione con,5835,VIALE GUGLIELMO MARCONI,,Tamponamento,Intersezione stradale segnalata,Due carreggiate,Asciutto,Asfaltata,Verticale ed orizzontale,Sereno,Scarso,Buona,0,0,0,2,12.473940000000001,41.851140000000001,True,14912,VIA DEI CADUTI SENZA CROCE,
,5791385,8,2022-01-23T13:25:00,Strada Urbana,da specificare,13712,VIA DI TOR BELLA MONACA,,Scontro frontale/laterale DX fra veicoli in marcia,Curva a visuale libera,Due carreggiate,Asciutto,Asfaltata,Verticale ed orizzontale,Sereno,Normale,Buona,2,0,0,1,12.63847,41.866869999999999,True,,,inversione di marcia via P. F. Quaglia direz. GRA
,5792327,13,2022-01-23T14:00:00,Strada Urbana,da specificare,3216,VIA CRISTOFORO COLOMBO,,Tamponamento Multiplo,Rettilineo,Più di due carreggiate,Asciutto,Asfaltata,Verticale ed orizzontale,Sereno,Normale,Buona,0,0,0,4,12.3825,41.764330000000001,True,,,via di malafede
,5792192,13,2022-01-23T14:00:00,,da specificare,6326,VIA LITORANEA,,Veicolo in marcia contro ostacolo fisso,,,,,,,,,0,0,0,1,,,False,,,pross. via Del Lido di Castel Porziano
,5791573,5,2022-01-23T14:05:00,Strada Urbana,in prossimità,10478,VIA TIBURTINA,645,Scontro frontale/laterale SX fra veicoli in marcia,Rettilineo,Due carreggiate,Asciutto,Asfaltata,Verticale ed orizzontale,Sereno,Scarso,Buona,0,0,0,2,12.5472,41.909680000000002,True,,,
,5791589,5,2022-01-23T15:10:00,Strada Urbana,all'intersezione con,12283,VIA OSTERIA DELLE CAPANNACCE,,Scontro laterale fra veicoli in marcia,Incrocio,Una carreggiata a doppio senso,Asciutto,Asfaltata,Orizzontale,Sereno,Scarso,Buona,0,0,0,2,12.64894,41.938279999999999,True,12287,VIA PIETRAFERRAZZANA,
,5791441,6,2022-01-23T15:15:00,Strada Urbana,all'intersezione con,5502,VIA GIUSEPPE CEI,,Scontro frontale/laterale DX fra veicoli in marcia,Incrocio,Una carreggiata a senso unico di marcia,Asciutto,Asfaltata,Verticale ed orizzontale,Sereno,Scarso,Buona,0,0,0,2,12.547029999999999,41.877560000000003,True,8618,VIA PIETRO ROVETTI,
,5791443,20,2022-01-23T15:20:00,Strada Urbana,da specificare,2416,VIA CASSIA,,Tamponamento,Rettilineo,Una carreggiata a doppio senso,Asciutto,Asfaltata,Verticale ed orizzontale,Sereno,Normale,Sufficiente,0,0,0,2,12.44614,41.963900000000002,True,,,fronte civ.640
,5791422,8,2022-01-23T15:30:00,Strada Urbana,da specificare,15190,VIA WALTER TOBAGI,,Tamponamento,Rettilineo,Una carreggiata a senso unico di marcia,Asciutto,Asfaltata,Verticale ed orizzontale,Sereno,Scarso,Buona,0,0,0,2,12.597289999999999,41.875309999999999,True,,,in prossimità intersezione via del Pettirosso
,5791396,8,2022-01-23T15:30:00,Strada Urbana,in corrispondenza,16270,VIA RAOUL CHIODELLI,214,Scontro frontale fra veicoli in marcia,Rettilineo,Due carreggiate,Asciutto,Asfaltata,Verticale ed orizzontale,Sereno,Normale,Buona,1,0,0,1,12.662369999999999,41.907139999999998,True,,,
,5791615,7,2022-01-23T15:45:00,Strada Urbana,in prossimità,4384,VIA DEL FOSSO DI TOR TRE TESTE,85,Veicolo in marcia contro ostacolo accidentale,Rettilineo,Una carreggiata a doppio senso,Asciutto,Asfaltata,Orizzontale,Sereno,Scarso,Buona,0,0,0,2,12.6092,41.885429999999999,True,,,
,5791481,6,2022-01-23T16:15:00,Provinciale entro l'abitato,in corrispondenza,9040,VIA PRENESTINA,376H,Veicolo in marcia contro veicoli fermi,Rettilineo,Più di due carreggiate,Asciutto,Asfaltata,Verticale ed orizzontale,Sereno,Normale,Buona,0,0,0,7,12.55829,41.894649999999999,True,,,
,5792108,12,2022-01-23T16:15:00,Strada Urbana,all'intersezione con,3216,VIA CRISTOFORO COLOMBO,,Tamponamento Multiplo,Incrocio,Due carreggiate,Asciutto,Asfaltata,Verticale ed orizzontale,Sereno,Normale,Buona,0,0,0,4,12.46758,41.823819999999998,True,10878,VIALE DELL'UMANESIMO,
,5791666,5,2022-01-23T16:20:00,Strada Urbana,in prossimità,10478,VIA TIBURTINA,1383,Investimento di pedone,Rettilineo,Due carreggiate,Asciutto,Asfaltata,Verticale ed orizzontale,Sereno,Normale,Buona,1,0,0,2,12.62327,41.938180000000003,True,,,
,5791514,10,2022-01-23T16:50:00,Strada Urbana,all'intersezione con,12015,VIA GASPERINA,,Scontro frontale/laterale DX fra veicoli in marcia,Intersezione stradale segnalata,Una carreggiata a doppio senso,Asciutto,Asfaltata,Verticale ed orizzontale,Sereno,Scarso,Buona,0,0,0,2,12.599489999999999,41.83258,True,12002,VIA CROPANI,
,5791973,18,2022-01-23T16:59:00,Strada Urbana,in prossimità,10655,VIA DI TORREVECCHIA,1035,Investimento di pedone,Rettilineo,Una carreggiata a doppio senso,Asciutto,Asfaltata,Verticale ed orizzontale,Sereno,Normale,Buona,2,0,0,1,12.40375,41.912520000000001,True,,,
,5791419,20,2022-01-23T17:10:00,Strada Urbana,in prossimità,4580,CORSO DI FRANCIA,238,Tamponamento,Rettilineo,Due carreggiate,Asciutto,Asfaltata,Verticale ed orizzontale,Sereno,Normale,Sufficiente,0,0,0,1,12.47001,41.946680000000001,True,,,
,5792282,13,2022-01-23T17:15:00,Strada Urbana,all'intersezione con,3622,VIA ENEA PICCHIO,,Scontro frontale/laterale DX fra veicoli in marcia,Incrocio,Una carreggiata a senso unico di marcia,Asciutto,Asfaltata,Assente,Sereno,Normale,Buona,0,0,0,2,12.25282,41.737909999999999,True,536,VIA DELLE ANCORE,
,5791737,2,2022-01-23T17:30:00,Strada Urbana,in corrispondenza,382,LARGO ALESSANDRO VESSELLA,28,Veicolo in marcia contro veicolo fermo,Curva a visuale libera,Una carreggiata a senso unico di marcia,Asciutto,Asfaltata,Verticale ed orizzontale,Sereno,Scarso,Buona,0,0,0,6,12.51094,41.936999999999998,True,,,
,5791508,1,2022-01-23T17:45:00,Strada Urbana,in corrispondenza,11157,VIA VENTIQUATTRO MAGGIO,8,Investimento di pedone,Rettilineo,Una carreggiata a doppio senso,Asciutto,In cubetti di porfido,Verticale ed orizzontale,Sereno,Normale,Buona,1,0,0,2,12.48672,41.897239999999996,True,,,
,5791642,5,2022-01-23T17:55:00,Strada Urbana,in corrispondenza,10478,VIA TIBURTINA,474,Veicolo in marcia contro veicolo in sosta,Rettilineo,Una carreggiata a doppio senso,Asciutto,Asfaltata,Verticale ed orizzontale,Sereno,Normale,Buona,0,0,0,1,12.540229999999999,41.908320000000003,True,,,
,5791609,5,2022-01-23T18:00:00,Strada Urbana,in prossimità,7585,VIA DEI MONTI TIBURTINI,649,Veicolo in marcia contro veicolo in sosta,Rettilineo,Due carreggiate,Asciutto,Asfaltata,Orizzontale,Sereno,Normale,Buona,0,0,0,1,12.55059,41.914740000000002,True,,,
,5791471,11,2022-01-23T18:00:00,Strada Urbana,all'intersezione con,1724,VIA CABOTO,,Tamponamento,Incrocio,Una carreggiata a senso unico di marcia,Asciutto,Asfaltata,Assente,Sereno,Scarso,Buona,0,0,0,2,12.47837,41.871130000000001,True,5458,VIA GIUSEPPE ACERBI,
,5791491,11,2022-01-23T18:10:00,Strada Urbana,in corrispondenza,5458,VIA GIUSEPPE ACERBI,8,Veicolo in marcia contro veicolo fermo,Rettilineo,Due carreggiate,Asciutto,Asfaltata,Verticale,Sereno,Scarso,Buona,0,0,0,4,12.477550000000001,41.871119999999998,True,,,
,5791684,2,2022-01-23T18:50:00,Strada Urbana,da specificare,3581,PIAZZA DI S. EMERENZIANA,,Veicolo in marcia contro veicolo fermo,Rettilineo,Una carreggiata a senso unico di marcia,Asciutto,Asfaltata,Verticale ed orizzontale,Sereno,Normale,Buona,0,0,0,3,12.51577,41.929310000000001,True,,,fr civ. 1
,5791434,8,2022-01-23T19:00:00,Strada Urbana,all'intersezione con,5060,VIA GIORGIO FOSSATI,,Scontro laterale fra veicoli in marcia,Incrocio,Una carreggiata a senso unico di marcia,Asciutto,Asfaltata,Verticale,Sereno,Normale,Buona,1,0,0,1,12.62795,41.868929999999999,True,5579,VIA GIUSEPPE MARIA MORETTI,
,5791602,6,2022-01-23T19:15:00,Strada Urbana,in corrispondenza,625,VIA ANGELO DELLA PERGOLA,51,Veicolo in marcia contro ostacolo fisso,Rettilineo,Una carreggiata a senso unico di marcia,Asciutto,Asfaltata,Assente,Sereno,Scarso,Sufficiente,0,0,0,2,12.53778,41.889330000000001,True,,,
,5791261,10,2022-01-23T19:50:00,Strada Urbana,da specificare,5197,VIA GIOVANNI CAMILLO PERESIO,,Scontro laterale fra veicoli in marcia,Rettilineo,Una carreggiata a doppio senso,Asciutto,Asfaltata,Verticale ed orizzontale,Sereno,Scarso,Sufficiente,0,0,0,2,12.583930000000001,41.866810000000001,True,,,in prossimità di via Iachella Della Lenzara
,5791775,4,2022-01-23T20:25:00,Strada Urbana,all'intersezione con,11275,VIA DELLE VIGNE NUOVE,,Scontro frontale/laterale SX fra veicoli in marcia,Incrocio,Una carreggiata a doppio senso,Asciutto,Asfaltata,Verticale ed orizzontale,Sereno,Normale,Buona,1,0,0,1,12.53581,41.955410000000001,True,2000531,VIA VILLA DI FAONTE,
,5792287,13,2022-01-23T20:30:00,,da specificare,66,VIA DI ACILIA,,Tamponamento,,,,,,,,,0,0,0,4,12.37143,41.773690000000002,False,,,altezza centro idrico acea
,5791847,18,2022-01-23T20:30:00,Strada Urbana,in prossimità,5994,PIAZZA IRNERIO,18,Veicolo in marcia contro ostacolo fisso,Rettilineo,Due carreggiate,Asciutto,Asfaltata,Verticale ed orizzontale,Sereno,Normale,Sufficiente,1,0,0,0,12.42943,41.898859999999999,True,,,
,5791424,20,2022-01-23T21:05:00,Strada Urbana,in prossimità,10260,VIA STEFANO JACINI,17,Scontro frontale/laterale DX fra veicoli in marcia,Rettilineo,Una carreggiata a senso unico di marcia,Asciutto,Asfaltata,Verticale ed orizzontale,Sereno,Scarso,Buona,1,0,0,1,12.466989999999999,41.949669999999998,True,,,
,5791438,15,2022-01-23T21:30:00,Strada Urbana,in corrispondenza,5350,VIA GIOVANNI VOLPATO,31,Veicolo in marcia contro veicolo in sosta,Rettilineo,Due carreggiate,Asciutto,Asfaltata,Assente,Sereno,Scarso,Buona,0,0,0,1,12.46767,41.871310000000001,True,,,
,5792471,13,2022-01-24T02:45:00,Strada Urbana,da specificare,8040,VIA OSTIENSE,,Fuoriuscita dalla sede stradale,Rettilineo,Una carreggiata a doppio senso,Asciutto,Asfaltata,Verticale ed orizzontale,Sereno,Normale,Buona,1,0,0,0,12.42292,41.810850000000002,True,,,area di cantiere tra Via Fiumalbo e Via Malafede
,5792889,11,2022-01-24T06:30:00,Strada Urbana,da specificare,5835,VIALE GUGLIELMO MARCONI,,Scontro laterale fra veicoli in marcia,Rettilineo,Due carreggiate,Asciutto,Asfaltata,Verticale ed orizzontale,Sereno,Normale,Buona,0,0,0,2,12.47133,41.857289999999999,True,,,prossimità via T.C. Onesti
,5792910,8,2022-01-24T06:30:00,Strada Urbana,da specificare,2000482,VIA PADRE GIUSEPPE PETRILLI,,Tamponamento Multiplo,Curva senza visuale libera,Una carreggiata a doppio senso,Asciutto,Asfaltata,Verticale ed orizzontale,Sereno,Scarso,Buona,1,0,0,3,12.669750000000001,41.907910000000001,True,,,fronte civico 45
,5791708,20,2022-01-24T06:55:00,Strada Urbana,in prossimità,9797,PIAZZA DI SAXA RUBRA,15,Tamponamento Multiplo,Rotatoria,Una carreggiata a senso unico di marcia,Ghiacciato,Asfaltata,Orizzontale,Sereno,Normale,Buona,0,0,0,6,12.493309999999999,42.00085,True,,,
,5791552,10,2022-01-24T07:10:00,Strada Urbana,all'intersezione con,9154,VIA QUINTILIO VARO,,Scontro frontale/laterale SX fra veicoli in marcia,Intersezione stradale segnalata,Una carreggiata a senso unico di marcia,Asciutto,Asfaltata,Verticale ed orizzontale,Sereno,Normale,Buona,1,0,0,1,12.56367,41.85454,True,882,LARGO APPIO CLAUDIO,
,5793157,18,2022-01-24T07:15:00,,in prossimità,529,VIA ANASTASIO II,268,Veicolo in marcia contro ostacolo fisso,,,,,,,,,0,0,0,1,12.44247,41.900880000000001,False,,,
,5791796,20,2022-01-24T07:30:00,Strada Urbana,in prossimità,9797,PIAZZA DI SAXA RUBRA,15,Veicolo in marcia contro ostacolo accidentale,Rotatoria,Una carreggiata a senso unico di marcia,Ghiacciato,Asfaltata,Orizzontale,Sereno,Normale,Buona,1,0,0,0,12.493309999999999,42.00085,True,,,
,5793052,13,2022-01-24T07:30:00,Strada Urbana,da specificare,8040,VIA OSTIENSE,,Scontro frontale/laterale SX fra veicoli in marcia,Rettilineo,Una carreggiata a doppio senso,Asciutto,Asfaltata,Verticale ed orizzontale,Sereno,Normale,Buona,1,0,0,3,12.42292,41.810850000000002,True,,,pross. Via Fiumalbo
,5791767,6,2022-01-24T07:30:00,Strada Urbana,all'intersezione con,2403,VIA CASILINA,,Scontro laterale fra veicoli in marcia,Incrocio,Una carreggiata a senso unico di marcia,Asciutto,Asfaltata,Verticale ed orizzontale,Sereno,Normale,Buona,1,0,0,1,12.527060000000001,41.886699999999998,True,2402,CIRCONVALLAZIONE CASILINA,
,5792645,16,2022-01-24T07:30:00,,in corrispondenza,13753,VIA GIOELE SOLARI,105,Veicolo in marcia contro ostacolo accidentale,,,,,,,,,1,0,0,0,12.35319,41.871839999999999,False,,,
,5795405,3,2022-01-24T08:00:00,,da specificare,16279,Tang Est dir San Giovanni,,Infortunio per caduta del veicolo,,,,,,,,,0,0,0,1,,,False,,,prox Via Prenestina
,5792656,16,2022-01-24T08:00:00,,in corrispondenza,13753,VIA GIOELE SOLARI,105,Veicolo in marcia contro ostacolo accidentale,,,,,,,,,1,0,0,0,,,False,,,
,5792914,8,2022-01-24T08:00:00,Strada Urbana,all'intersezione con,4366,VIA DEL FOSSO DELL'OSA,,Scontro frontale fra veicoli in marcia,Incrocio,Una carreggiata a doppio senso,Asciutto,Asfaltata,Verticale ed orizzontale,Sereno,Normale,Buona,0,0,0,2,12.68432,41.905180000000001,True,8374,VIA PERANO,
,5793107,4,2022-01-24T08:10:00,Provinciale entro l'abitato,all'intersezione con,7816,VIA NOMENTANA,,Scontro laterale fra veicoli in marcia,Intersezione semaforizzata,Una carreggiata a doppio senso,Asciutto,Asfaltata,Verticale ed orizzontale,Sereno,Normale,Buona,0,0,0,3,12.57368,41.959049999999998,True,4818,VIA GENERALE ROBERTO BENCIVENGA,
,5793397,1,2022-01-24T08:15:00,Strada Urbana,all'intersezione con,5045,VIA GIOBERTI,,Scontro frontale/laterale SX fra veicoli in marcia,Incrocio,Una carreggiata a senso unico di marcia,Asciutto,Asfaltata,Orizzontale,Sereno,Normale,Buona,0,0,0,2,12.500500000000001,41.89875,True,5102,VIA GIOVANNI AMENDOLA,
,5793054,13,2022-01-24T08:20:00,,da specificare,8040,VIA OSTIENSE,,Tamponamento,,,,,,,,,0,0,0,3,12.42292,41.810850000000002,False,,,pross. Via Fiumalbo
,5793014,9,2022-01-24T08:35:00,,da specificare,10547,VIA TOMMASO FORTIFIOCCA,,Infortunio per sola frenata improvvisa,,,,,,,,,1,0,0,0,,,False,,,PROX 90
,5792231,15,2022-01-24T08:50:00,Strada Urbana,da specificare,15348,VIA LANFRANCO MAROI,,Veicolo in marcia contro ostacolo accidentale,Rettilineo,Una carreggiata a doppio senso,Ghiacciato,Asfaltata,Verticale ed orizzontale,Sereno,Scarso,Buona,0,0,0,1,12.41682,41.844580000000001,True,,,prossimità Via G. Prato
,5792664,16,2022-01-24T09:00:00,,in prossimità,8059,VIA OTTAVIO GASPARRI,37,Infortunio per caduta del veicolo,,,,,,,,,1,0,0,1,,,False,,,
,5793230,2,2022-01-24T09:15:00,Strada Urbana,da specificare,677,PIAZZA ANNIBALIANO,,Tamponamento,Rotatoria,Una carreggiata a senso unico di marcia,Asciutto,Asfaltata,Orizzontale,Sereno,Intenso,Buona,1,0,0,1,12.515879999999999,41.924500000000002,True,,,"lato metro C, fronte civ. 16"
,5792903,11,2022-01-24T09:30:00,Strada Urbana,da specificare,6311,VIA DEI LINCEI,,Veicolo in marcia contro veicolo in sosta,Curva a visuale libera,Una carreggiata a senso unico di marcia,Asciutto,Asfaltata,Verticale ed orizzontale,Sereno,Normale,Buona,1,0,0,0,12.49708,41.855159999999998,True,,,Prossimità Viale di Tor Marancia
,5793003,7,2022-01-24T09:30:00,Strada Urbana,all'intersezione con,10317,VIA DELLE SUSINE,,Investimento di pedone,Intersezione stradale segnalata,Una carreggiata a doppio senso,Asciutto,Asfaltata,Orizzontale,Sereno,Normale,Buona,1,0,0,1,12.577819999999999,41.87959,True,318,VIALE ALESSANDRINO,
,5793283,1,2022-01-24T09:44:00,Strada Urbana,da specificare,8038,PIAZZALE OSTIENSE,,Tamponamento,Rettilineo,Più di due carreggiate,Asciutto,Asfaltata,Verticale ed orizzontale,Sereno,Normale,Buona,2,0,0,1,12.481870000000001,41.876260000000002,True,,,capolinea BUS
,5793041,9,2022-01-24T09:50:00,Strada Urbana,all'intersezione semaforizzata con,10827,VIA TUSCOLANA,,Tamponamento,Incrocio,Una carreggiata a doppio senso,Asciutto,Asfaltata,Verticale ed orizzontale,Sereno,Normale,Buona,0,0,0,2,12.592280000000001,41.839640000000003,True,7328,VIA MONSELICE,
,5793149,4,2022-01-24T09:55:00,Strada Urbana,all'intersezione con,12683,VIA VIRGILIO TALLI,,Tamponamento,Intersezione stradale segnalata,Una carreggiata a senso unico di marcia,Asciutto,Asfaltata,Verticale ed orizzontale,Sereno,Normale,Buona,1,0,0,1,12.523110000000001,41.964550000000003,True,13667,VIA CAMILLO PILOTTO,
,5791924,10,2022-01-24T10:15:00,Strada Urbana,all'intersezione con,9131,VIA AL QUARTO MIGLIO,,Scontro laterale fra veicoli in marcia,Intersezione non regolata/non segnalata,Due carreggiate,Asciutto,Asfaltata,Verticale ed orizzontale,Sereno,Normale,Buona,1,0,0,2,12.54759,41.844859999999997,True,6166,VIA LAURENZANA,
,5792673,16,2022-01-24T10:15:00,,in prossimità,4884,VIA GIACINTO BRUZZESI,8,Investimento di pedone,,,,,,,,,0,0,0,2,,,False,,,
,5793108,7,2022-01-24T10:20:00,Strada Urbana,in corrispondenza,10680,VIA TOR DE' SCHIAVI,147 d,Scontro laterale fra veicoli in marcia,Rettilineo,Una carreggiata a doppio senso,Asciutto,Asfaltata,Verticale ed orizzontale,Sereno,Normale,Buona,0,0,0,2,12.56297,41.883369999999999,True,,,
,5792281,12,2022-01-24T10:20:00,Strada Urbana,all'intersezione semaforizzata con,3216,VIA CRISTOFORO COLOMBO,,Tamponamento Multiplo,Intersezione semaforizzata,Una carreggiata a senso unico di marcia,Asciutto,Asfaltata,Verticale ed orizzontale,Sereno,Normale,Buona,0,0,0,4,12.46439,41.824599999999997,True,10878,VIALE DELL'UMANESIMO,
,5792112,19,2022-01-24T10:30:00,Strada Urbana,all'intersezione con,10655,VIA DI TORREVECCHIA,,Scontro frontale/laterale SX fra veicoli in marcia,Incrocio,Una carreggiata a doppio senso,Asciutto,Asfaltata,Verticale ed orizzontale,Sereno,Normale,Buona,0,0,0,3,12.4123,41.923389999999998,True,10061,VIA SIMONE MOSCA,
,5792185,19,2022-01-24T10:30:00,Strada Urbana,in prossimità,4501,VIA FRANCESCO MARCONI,18,Investimento di pedone,Curva a visuale libera,Una carreggiata a doppio senso,Asciutto,Asfaltata,Orizzontale,Sereno,Normale,Buona,1,0,0,1,12.42343,41.924109999999999,True,,,
,5793012,20,2022-01-24T10:45:00,Strada Urbana,in prossimità,9548,VIA RUBRA,193,Veicolo in marcia contro ostacolo accidentale,Rettilineo,Una carreggiata a doppio senso,Sdrucciolevole (fango),Sterrata,Assente,Sereno,Scarso,Buona,0,0,0,1,12.493270000000001,41.992800000000003,True,,,
,5792132,6,2022-01-24T11:00:00,Strada Urbana,in corrispondenza,2403,VIA CASILINA,717,Scontro laterale fra veicoli in marcia,Rettilineo,Due carreggiate,Asciutto,Asfaltata,Verticale ed orizzontale,Sereno,Normale,Buona,0,0,0,2,12.553599999999999,41.8767,True,,,
,5792562,17,2022-01-24T11:15:00,Strada Urbana,all'intersezione semaforizzata con,2916,PIAZZALE CLODIO,,Scontro laterale fra veicoli in marcia,Intersezione semaforizzata,Una carreggiata a senso unico di marcia,Asciutto,Asfaltata,Verticale ed orizzontale,Sereno,Intenso,Buona,2,0,0,0,12.454940000000001,41.916690000000003,True,5589,VIALE GIUSEPPE MAZZINI,
,5792919,8,2022-01-24T11:20:00,Provinciale entro l'abitato,all'intersezione con,9040,VIA PRENESTINA,,Scontro frontale/laterale DX fra veicoli in marcia,Incrocio,Una carreggiata a doppio senso,Asciutto,Asfaltata,Verticale ed orizzontale,Sereno,Intenso,Buona,1,0,0,1,12.631169999999999,41.89264,True,5783,VIA GROTTAMINARDA,
,5795363,3,2022-01-24T11:20:00,Strada Urbana,all'intersezione con,3524,LARGO EDUARDO TALAMO,,Scontro frontale/laterale DX fra veicoli in marcia,Intersezione stradale segnalata,Più di due carreggiate,Asciutto,Asfaltata,Verticale ed orizzontale,Sereno,Normale,Buona,0,0,0,3,12.516819999999999,41.894480000000001,True,9806,VIALE DELLO SCALO S. LORENZO,
,5792908,8,2022-01-24T11:20:00,Strada Urbana,in prossimità,87,VIA ACQUARONI,70,Veicolo in marcia contro veicolo fermo,Rettilineo,Una carreggiata a doppio senso,Asciutto,Asfaltata,Assente,Sereno,Normale,Buona,0,0,0,3,12.64404,41866,True,,,
,5793019,12,2022-01-24T11:50:00,Strada Urbana,da specificare,2000322,VIA ALVARO DEL PORTILLO,,Veicolo in marcia contro animale,Rettilineo,Una carreggiata a doppio senso,Asciutto,Asfaltata,Verticale ed orizzontale,Sereno,Scarso,Buona,0,0,0,1,12.47598,41.781799999999997,True,,,fronte palestra SPORT CITY
,5792948,5,2022-01-24T12:00:00,Strada Urbana,all'intersezione con,15761,VIA FRANCESCO PAOLO BONIFACIO,,Scontro laterale fra veicoli in marcia,Incrocio,Una carreggiata a doppio senso,Asciutto,Asfaltata,Verticale ed orizzontale,Nebbia,Normale,Buona,0,0,0,2,12.58108,41.950960000000002,True,15721,VIA CARLO ARTURO JEMOLO,
,5793001,5,2022-01-24T12:15:00,Strada Urbana,in corrispondenza,10933,VIA VACUNA,16,Veicolo in marcia contro veicolo arresto,Rettilineo,Una carreggiata a senso unico di marcia,Asciutto,Asfaltata,Orizzontale,Sereno,Scarso,Buona,0,0,0,2,12.535629999999999,41.910110000000003,True,,,
,5792260,11,2022-01-24T12:20:00,Strada Urbana,all'intersezione semaforizzata con,9980,VIA DELLE SETTE CHIESE,,Tamponamento,Intersezione semaforizzata,Due carreggiate,Asciutto,Asfaltata,Verticale ed orizzontale,Sereno,Normale,Buona,1,0,0,1,12.50056,41.85951,True,8416,VIA DI S. PETRONILLA,
,5793043,9,2022-01-24T12:50:00,Strada Urbana,in prossimità,953,VIA DELL'ARCO DI TRAVERTINO,151,Tamponamento Multiplo,Rettilineo,Una carreggiata a senso unico di marcia,Asciutto,Asfaltata,Verticale ed orizzontale,Sereno,Normale,Buona,0,0,0,3,12.533010000000001,41.863140000000001,True,,,
,5793067,13,2022-01-24T13:30:00,Strada Urbana,in corrispondenza,3534,VIA EGIDIO GARRA,14,Veicolo in marcia contro veicolo arresto,Curva a visuale libera,Una carreggiata a doppio senso,Asciutto,Asfaltata,Verticale ed orizzontale,Sereno,Scarso,Buona,0,0,0,3,12.37777,41.788640000000001,True,,,
,5793057,13,2022-01-24T13:30:00,,all'intersezione con,3479,CORSO DUCA DI GENOVA,,Scontro frontale/laterale SX fra veicoli in marcia,,,,,,,,,0,0,0,2,12.27145,41.733939999999997,False,9301,VIALE DELLE REPUBBLICHE MARINARE,
,5793066,18,2022-01-24T13:40:00,Strada Urbana,in prossimità,1547,VIA DI BOCCEA,506,Scontro laterale fra veicoli in marcia,Rettilineo,Una carreggiata a senso unico di marcia,Asciutto,Asfaltata,Verticale ed orizzontale,Sereno,Normale,Buona,0,0,0,2,12.385579999999999,41.914810000000003,True,,,
,5793330,1,2022-01-24T13:45:00,Strada Urbana,all'intersezione semaforizzata con,11509,VIA VITTORIO VENETO,,Investimento di pedone,Intersezione semaforizzata,Una carreggiata a doppio senso,Asciutto,Asfaltata,Verticale ed orizzontale,Sereno,Normale,Buona,1,0,0,1,12.490309999999999,41.906390000000002,True,6229,VIA LEONIDA BISSOLATI,
,5793396,1,2022-01-24T14:20:00,Strada Urbana,all'intersezione con,11509,VIA VITTORIO VENETO,,Scontro frontale/laterale SX fra veicoli in marcia,Incrocio,Una carreggiata a doppio senso,Asciutto,Asfaltata,Verticale ed orizzontale,Sereno,Normale,Buona,1,0,0,1,12.490399999999999,41.906410000000001,True,1582,VIA BONCOMPAGNI,
,5792991,20,2022-01-24T14:30:00,Regionale entro l'abitato,da specificare,2416,VIA CASSIA,,Investimento di pedone,Rettilineo,Una carreggiata a doppio senso,Asciutto,Asfaltata,Verticale ed orizzontale,Sereno,Normale,Buona,1,0,0,4,12.4137,41.982779999999998,True,,,fronte civico 1727
,5793045,19,2022-01-24T14:45:00,Strada Urbana,all'intersezione con,197,LARGO AGOSTINO GEMELLI,,Tamponamento,Incrocio,Una carreggiata a senso unico di marcia,Asciutto,Asfaltata,Verticale ed orizzontale,Sereno,Normale,Buona,1,0,0,0,12.42747,41.929430000000004,False,8666,VIA DELLA PINETA SACCHETTI,
,5795356,3,2022-01-24T15:20:00,Strada Urbana,in prossimità,6184,PIAZZA LECCE,1,Investimento di pedone,Rettilineo,Una carreggiata a doppio senso,Asciutto,Asfaltata,Verticale ed orizzontale,Sereno,Normale,Buona,1,0,0,1,12.516360000000001,41.911110000000001,True,,,
,5793226,4,2022-01-24T15:30:00,Strada Urbana,in prossimità,7816,VIA NOMENTANA,685E,Veicolo in marcia contro veicolo in sosta,Curva a visuale libera,Una carreggiata a doppio senso,Asciutto,Asfaltata,Verticale ed orizzontale,Sereno,Intenso,Buona,0,0,0,1,12.53912,41.9373,True,,,
,5793129,18,2022-01-24T15:30:00,Strada Urbana,in prossimità,2383,VIA DI CASAL SELCE,344,Veicolo in marcia contro veicolo in sosta,Rettilineo,Una carreggiata a doppio senso,Asciutto,Asfaltata,Verticale ed orizzontale,Sereno,Normale,Buona,0,0,0,2,12.35164,41.912480000000002,True,,,
,5793185,15,2022-01-24T15:30:00,Strada Urbana,all'intersezione con,6703,VIA DELLA MAGLIANA,,Scontro frontale/laterale DX fra veicoli in marcia,Incrocio,Una carreggiata a doppio senso,Asciutto,Asfaltata,Verticale ed orizzontale,Sereno,Normale,Buona,0,0,0,3,12.419639999999999,41.831740000000003,True,16220,RAMPA GRA CARREGGIATA ESTERNA,
,5793698,16,2022-01-24T15:40:00,Strada Urbana,in corrispondenza,13753,VIA GIOELE SOLARI,f.c.95,Tamponamento,Curva senza visuale libera,Una carreggiata a doppio senso,Asciutto,Asfaltata,Verticale ed orizzontale,Sereno,Normale,Buona,1,0,0,2,12.363810000000001,41.872570000000003,True,,,
,5792909,8,2022-01-24T16:00:00,Strada Urbana,all'intersezione con,10023,VIA SILICELLA,,Scontro laterale fra veicoli in marcia,Incrocio,Una carreggiata a doppio senso,Asciutto,Asfaltata,Orizzontale,Sereno,Normale,Buona,0,0,0,2,12.59862,41.857309999999998,True,2403,VIA CASILINA,
,5793026,5,2022-01-24T16:00:00,Strada Urbana,all'intersezione semaforizzata con,10478,VIA TIBURTINA,,Scontro frontale/laterale DX fra veicoli in marcia,Intersezione semaforizzata,Due carreggiate,Asciutto,Asfaltata,Verticale ed orizzontale,Sereno,Normale,Buona,1,0,0,1,12.55584,41.913110000000003,True,8499,VIA DI PIETRALATA,
,5792527,11,2022-01-24T16:10:00,Strada Urbana,da specificare,3216,VIA CRISTOFORO COLOMBO,,Tamponamento Multiplo,Rettilineo,Più di due carreggiate,Asciutto,Asfaltata,Verticale ed orizzontale,Sereno,Normale,Buona,1,0,0,2,12.48949,41.853589999999997,True,,,altezza viale Giustiniano Imperatore
,5793223,2,2022-01-24T16:10:00,Strada Urbana,in prossimità,6037,CORSO D'ITALIA,106,Veicolo in marcia contro ostacolo accidentale,Rettilineo,Una carreggiata a doppio senso,Asciutto,Asfaltata,Verticale ed orizzontale,Sereno,Normale,Sufficiente,0,0,0,5,12.50051,41.910249999999998,True,,,
,5792911,8,2022-01-24T16:15:00,Strada Urbana,all'intersezione con,13886,PIAZZA MONDAVIO,,Scontro frontale/laterale SX fra veicoli in marcia,Incrocio,Una carreggiata a doppio senso,Asciutto,Asfaltata,Verticale ed orizzontale,Sereno,Normale,Buona,0,0,0,3,12.7242,41.920789999999997,True,9738,VIA SANT'ELPIDIO A MARE,
,5793145,12,2022-01-24T16:30:00,Provinciale entro l'abitato,in corrispondenza,6856,VIA DEL MARE,704,Veicolo in marcia contro ostacolo fisso,Rettilineo,Una carreggiata a doppio senso,Asciutto,Asfaltata,Assente,Sereno,Normale,Buona,0,0,0,1,12.464359999999999,41.8416,True,,,
,5794016,16,2022-01-24T16:35:00,Strada Urbana,da specificare,4560,VIA FRANCESCO SAVERIO SPROVIERI,,Scontro laterale fra veicoli in marcia,Rettilineo,Una carreggiata a senso unico di marcia,Asciutto,Asfaltata,Verticale ed orizzontale,Sereno,Normale,Buona,0,0,0,4,12.45992,41.882680000000001,True,,,prossimità VIA CARINI
,5793399,1,2022-01-24T16:45:00,Strada Urbana,all'intersezione con,1646,PIAZZALE BRASILE,,Scontro frontale/laterale DX fra veicoli in marcia,Intersezione stradale segnalata,Una carreggiata a senso unico di marcia,Asciutto,Asfaltata,Orizzontale,Sereno,Normale,Buona,0,0,0,3,12.48912,41.909979999999997,False,7651,VIALE DEL MURO TORTO,
,5793064,10,2022-01-24T16:45:00,Strada Urbana,all'intersezione con,879,VIA APPIA PIGNATELLI,,Scontro frontale fra veicoli in marcia,Incrocio,Una carreggiata a doppio senso,Asciutto,Asfaltata,Verticale ed orizzontale,Sereno,Normale,Sufficiente,1,0,0,3,12.54575,41.839590000000001,True,669,VIA ANNIA REGILLA,
,5792665,12,2022-01-24T17:15:00,Strada Urbana,da specificare,11650,VIA DOMENICO JACHINO,,Investimento di pedone,Rettilineo,Due carreggiate,Asciutto,Asfaltata,Verticale ed orizzontale,Sereno,Normale,Buona,1,0,0,1,12.4498,41.808680000000003,True,,,prossimità palo acea 18
,5792918,8,2022-01-24T17:20:00,Strada Urbana,da specificare,13705,VIALE PIETRO ANDERLONI,,Scontro laterale fra veicoli in marcia,Rettilineo,Due carreggiate,Asciutto,Asfaltata,Verticale ed orizzontale,Sereno,Normale,Buona,2,0,0,0,12.629799999999999,41.874679999999998,True,,,all'inversione di marcia in pross. VIA ASPERTINI
,5794689,1,2022-01-24T17:50:00,Strada Urbana,in prossimità,7171,VIA MERULANA,280,Investimento di pedone,Rettilineo,Una carreggiata a doppio senso,Asciutto,Asfaltata,Verticale ed orizzontale,Sereno,Normale,Buona,1,0,0,1,12.499409999999999,41.89649,True,,,
,5793059,13,2022-01-24T18:00:00,Strada Urbana,in corrispondenza,4437,VIA FRANCESCO CILEA,47,Veicolo in marcia che urta buche nella carreggiata,Rettilineo,Una carreggiata a doppio senso,Asciutto,Con buche,Assente,Sereno,Normale,Sufficiente,0,0,0,2,12.375260000000001,41.742739999999998,True,,,
,5794744,1,2022-01-24T18:25:00,Strada Urbana,da specificare,479,LARGO DELL'AMBA ARADAM,,Scontro laterale fra veicoli in marcia,Rettilineo,Due carreggiate,Asciutto,Asfaltata,Verticale ed orizzontale,Sereno,Normale,Buona,0,0,0,2,12.49962,41.883290000000002,True,,,fronte civico 7
,5793048,5,2022-01-24T18:25:00,Strada Urbana,in prossimità,8962,VIA DI PORTONACCIO,170,Scontro laterale fra veicoli in marcia,Rettilineo,Due carreggiate,Asciutto,Asfaltata,Verticale ed orizzontale,Sereno,Normale,Buona,0,0,0,3,12.53871,41.89837,True,,,
,5793215,2,2022-01-24T18:40:00,Strada Urbana,da specificare,4295,VIA DEL FORO ITALICO,,Tamponamento,Rettilineo,Due carreggiate,Asciutto,Asfaltata,Verticale ed orizzontale,Sereno,Normale,Sufficiente,0,0,0,2,12.481339999999999,41.940219999999997,True,,,civico 430 (dir S. Giovanni)
,5792927,11,2022-01-24T18:45:00,Strada Urbana,in prossimità,9918,VIA DEL SERAFICO,44,Scontro frontale/laterale DX fra veicoli in marcia,Rettilineo,Una carreggiata a doppio senso,Asciutto,Asfaltata,Verticale ed orizzontale,Sereno,Normale,Buona,1,0,0,1,12.483969999999999,41.829549999999998,True,,,
,5792953,5,2022-01-24T18:50:00,Strada Urbana,in prossimità,10478,VIA TIBURTINA,1040,Investimento di pedone,Rettilineo,Due carreggiate,Asciutto,Asfaltata,Verticale ed orizzontale,Sereno,Normale,Insufficiente,1,0,0,1,12.5823,41.931939999999997,True,,,
,5793296,9,2022-01-24T19:30:00,Strada Urbana,in corrispondenza,9780,VIA SATRICO,14,Investimento di pedone,Rettilineo,Una carreggiata a doppio senso,Asciutto,Asfaltata,Verticale ed orizzontale,Sereno,Normale,Buona,1,0,0,2,12.50686,41.877270000000003,True,,,
,5793113,10,2022-01-24T19:30:00,Strada Urbana,all'intersezione con,1170,VIA AUGUSTO LUPI,,Scontro laterale fra veicoli in marcia,Incrocio,Una carreggiata a senso unico di marcia,Asciutto,Asfaltata,Orizzontale,Sereno,Scarso,Buona,0,0,0,3,12.58343,41.865819999999999,True,5197,VIA GIOVANNI CAMILLO PERESIO,
,5793288,15,2022-01-24T19:40:00,Strada Urbana,in corrispondenza,4692,LARGO GAETANO LA LOGGIA,16,Investimento di pedone,Pendenza,Una carreggiata a senso unico di marcia,Asciutto,Asfaltata,Verticale ed orizzontale,Sereno,Normale,Sufficiente,0,0,0,2,12.446300000000001,41.856079999999999,True,,,
,5795393,3,2022-01-24T19:50:00,Strada Urbana,all'intersezione con,6343,VIA LIVORNO,,Scontro laterale fra veicoli in marcia,Incrocio,Una carreggiata a doppio senso,Asciutto,Asfaltata,Verticale ed orizzontale,Sereno,Normale,Buona,0,0,0,5,12.523720000000001,41.915320000000001,True,7989,VIA DI S. ORSOLA,
,5793139,4,2022-01-24T20:00:00,Strada Urbana,da specificare,1253,VIA DEL BADILE,,Veicolo in marcia contro veicolo in sosta,Pianeggiante,Una carreggiata a doppio senso,Asciutto,Asfaltata,Verticale ed orizzontale,Sereno,Scarso,Buona,0,0,0,0,12.562189999999999,41.913339999999998,True,,,in prossimità di Via Debussy
,5793170,7,2022-01-24T20:10:00,Strada Urbana,in corrispondenza,247,PIAZZA DELL'ALBERONE,44,Investimento di pedone,Rettilineo,Due carreggiate,Asciutto,Asfaltata,Verticale ed orizzontale,Sereno,Normale,Buona,1,0,0,2,12.520630000000001,41.87641,True,,,
,5792841,18,2022-01-24T20:15:00,Strada Urbana,all'intersezione con,10655,VIA DI TORREVECCHIA,,Scontro frontale/laterale DX fra veicoli in marcia,Intersezione stradale segnalata,Una carreggiata a doppio senso,Asciutto,Asfaltata,Verticale ed orizzontale,Sereno,Normale,Sufficiente,0,0,1,1,12.40691,41.914529999999999,False,3381,VIA DOLCEDO,
,5794538,1,2022-01-24T21:25:00,Strada Urbana,in prossimità,11489,CORSO VITTORIO EMANUELE II,190,Tamponamento,Rettilineo,Una carreggiata a doppio senso,Asciutto,Asfaltata,Verticale ed orizzontale,Sereno,Normale,Buona,1,0,0,1,12.47052,41.897280000000002,True,,,
,5795374,3,2022-01-24T22:10:00,Strada Urbana,da specificare,9472,VIA RODOLFO LANCIANI,,Scontro laterale fra veicoli in marcia,Rettilineo,Una carreggiata a senso unico di marcia,Asciutto,Asfaltata,Verticale ed orizzontale,Sereno,Scarso,Buona,0,0,0,2,12.52521,41.921129999999998,True,,,alt. Via Rasponi
,5793060,6,2022-01-24T23:10:00,Strada Urbana,in corrispondenza,9042,PIAZZALE PRENESTINO,31,Tamponamento,Rettilineo,Una carreggiata a senso unico di marcia,Asciutto,Asfaltata,Verticale ed orizzontale,Sereno,Scarso,Sufficiente,1,0,0,1,12.527010000000001,41.89085,True,,,
,5794710,4,2022-01-24T23:30:00,Strada Urbana,all'intersezione con,14680,VIA MONTE URANO,,Veicolo in marcia contro ostacolo fisso,Incrocio,Una carreggiata a senso unico di marcia,Asciutto,Asfaltata,Verticale ed orizzontale,Sereno,Normale,Sufficiente,0,0,0,1,12.513680000000001,41.982370000000003,True,14652,VIA APECCHIO,
,5793213,2,2022-01-25T00:00:00,Strada Urbana,all'intersezione semaforizzata con,4184,VIA FLAMINIA,,Veicolo in marcia contro veicolo fermo,Intersezione semaforizzata,Una carreggiata a doppio senso,Asciutto,Asfaltata,Verticale ed orizzontale,Sereno,Scarso,Buona,1,0,0,2,12.468959999999999,41.928600000000003,True,5872,VIA GUIDO RENI,
,5793212,7,2022-01-25T02:00:00,Strada Urbana,da specificare,4766,PIAZZALE DELLE GARDENIE,,Veicolo in marcia contro veicoli in sosta,Rettilineo,Due carreggiate,Asciutto,Asfaltata,Verticale ed orizzontale,Sereno,Scarso,Sufficiente,0,0,0,0,12.56143,41.885980000000004,True,,,pross. V.le della Primavera
,5794639,5,2022-01-25T06:20:00,Strada Urbana,da specificare,10478,VIA TIBURTINA,,Scontro laterale fra veicoli in marcia,Rettilineo,Due carreggiate,Asciutto,Asfaltata,Verticale ed orizzontale,Sereno,Intenso,Buona,0,0,0,2,12.61979,41.937710000000003,True,,,fronte civico 1361
,5795030,4,2022-01-25T08:10:00,Strada Urbana,in prossimità,2806,VIA CIMONE,115,Veicolo in marcia contro veicolo in sosta,Curva a visuale libera,Una carreggiata a senso unico di marcia,Asciutto,Asfaltata,Verticale ed orizzontale,Sereno,Normale,Buona,0,0,0,0,12.537929999999999,41.931550000000001,True,,,
,5793524,9,2022-01-25T08:10:00,Strada Urbana,all'intersezione semaforizzata con,7810,VIA NOCERA UMBRA,,Investimento di pedone,Intersezione semaforizzata,Una carreggiata a doppio senso,Asciutto,Asfaltata,Verticale ed orizzontale,Sereno,Intenso,Buona,1,0,0,1,12.528890000000001,41.878480000000003,True,10827,VIA TUSCOLANA,
,5794643,18,2022-01-25T08:30:00,Strada Urbana,in prossimità,1194,VIA AURELIA,381,Scontro laterale fra veicoli in marcia,Rettilineo,Una carreggiata a doppio senso,Asciutto,Asfaltata,Verticale ed orizzontale,Sereno,Normale,Buona,0,0,0,2,12.432790000000001,41.897359999999999,True,,,
,5793255,10,2022-01-25T08:35:00,Strada Urbana,in corrispondenza,4330,VIA DEL FOSSO DELL'ACQUA MARIANA,72,Veicolo in marcia contro veicolo fermo,Rettilineo,Una carreggiata a senso unico di marcia,Asciutto,Asfaltata,Assente,Sereno,Scarso,Buona,0,0,0,3,12.610799999999999,41.815150000000003,True,,,
,5793560,1,2022-01-25T08:40:00,Strada Urbana,all'intersezione con,7693,VIA NAZIONALE,,Scontro frontale/laterale SX fra veicoli in marcia,Incrocio,Una carreggiata a doppio senso,Asciutto,Asfaltata,Assente,Sereno,Normale,Buona,0,0,0,3,12.49249,41.900230000000001,True,11150,VIA VENEZIA,
,5793528,9,2022-01-25T09:00:00,Strada Urbana,all'intersezione semaforizzata con,878,VIA APPIA NUOVA,,Scontro laterale fra veicoli in marcia,Intersezione semaforizzata,Due carreggiate,Asciutto,Asfaltata,Verticale ed orizzontale,Sereno,Normale,Buona,0,0,0,1,12.532909999999999,41.862400000000001,True,953,VIA DELL'ARCO DI TRAVERTINO,
,5793387,18,2022-01-25T09:15:00,Strada Urbana,in corrispondenza,1547,VIA DI BOCCEA,695,Scontro laterale fra veicoli in marcia,Curva senza visuale libera,Una carreggiata a doppio senso,Asciutto,Asfaltata,Verticale ed orizzontale,Sereno,Normale,Buona,1,0,0,1,12.37176,41.921930000000003,True,,,
,5793783,6,2022-01-25T09:45:00,Strada Urbana,all'intersezione con,10603,VIA DI TOR PIGNATTARA,,Scontro frontale/laterale SX fra veicoli in marcia,Incrocio,Una carreggiata a doppio senso,Asciutto,Asfaltata,Orizzontale,Sereno,Normale,Buona,1,0,0,2,12.541650000000001,41.876899999999999,True,1332,VIA BARTOLINO DA NOVARA,
,5794679,10,2022-01-25T10:00:00,Strada Urbana,in corrispondenza,6196,VIA LEMONIA,131,Veicolo in marcia che urta buche nella carreggiata,Rettilineo,Una carreggiata a senso unico di marcia,Asciutto,Asfaltata,Assente,Sereno,Scarso,Buona,0,0,0,2,12.55697,41.853999999999999,True,,,
,5793660,12,2022-01-25T10:20:00,Strada Urbana,all'intersezione con,6165,VIA LAURENTINA,,Scontro frontale/laterale SX fra veicoli in marcia,Intersezione semaforizzata,Due carreggiate,Asciutto,Asfaltata,Verticale ed orizzontale,Sereno,Normale,Buona,2,0,0,0,12.485609999999999,41.810319999999997,True,75,VIA DI ACQUA ACETOSA OSTIENSE,
,5793944,10,2022-01-25T10:30:00,Strada Urbana,da specificare,1952,VIA DELLE CAPANNELLE,,Scontro frontale/laterale SX fra veicoli in marcia,Rettilineo,Una carreggiata a doppio senso,Asciutto,Asfaltata,Assente,Sereno,Normale,Buona,0,0,0,1,12.57095,41.835079999999998,True,,,Alt. palo Acea n° 91
,5793765,12,2022-01-25T10:50:00,Strada Urbana,all'intersezione con,7860,VIALE DELL'OCEANO PACIFICO,,Scontro laterale fra veicoli in marcia,Intersezione non regolata/non segnalata,Una carreggiata a doppio senso,Asciutto,Asfaltata,Verticale ed orizzontale,Sereno,Normale,Buona,0,0,0,2,12.45951,41.816969999999998,True,15505,VIALE CITTA' D'EUROPA,
,5794693,18,2022-01-25T11:15:00,Strada Urbana,da specificare,15806,VIA ODOARDO GIOVE,,Scontro frontale/laterale DX fra veicoli in marcia,Rettilineo,Una carreggiata a doppio senso,Asciutto,Asfaltata,Verticale ed orizzontale,Sereno,Scarso,Buona,1,0,0,2,12.404590000000001,41.914209999999997,True,,,in prossimità di via Luciano Tavazza
,5794722,4,2022-01-25T11:15:00,Strada Urbana,in corrispondenza,7393,VIA MONTE CERVIALTO,65,Scontro frontale/laterale DX fra veicoli in marcia,Rettilineo,Una carreggiata a doppio senso,Asciutto,Asfaltata,Verticale ed orizzontale,Sereno,Normale,Buona,0,0,0,2,12.52496,41.951630000000002,True,,,
,5793805,6,2022-01-25T11:30:00,Strada Urbana,all'intersezione semaforizzata con,10680,VIA TOR DE' SCHIAVI,,Scontro laterale fra veicoli in marcia,Incrocio,Due carreggiate,Asciutto,Asfaltata,Verticale ed orizzontale,Sereno,Normale,Buona,1,0,0,1,12.560499999999999,41.890630000000002,True,520,VIA ANAGNI,
,5794874,13,2022-01-25T12:00:00,Strada Urbana,da specificare,1908,VIA DEL CANALE DELLA LINGUA,,Scontro laterale fra veicoli in marcia,Rettilineo,Una carreggiata a doppio senso,Asciutto,Asfaltata,Assente,Sereno,Normale,Buona,0,0,0,3,12.334429999999999,41.746470000000002,True,,,tra via Niceneto e via di Pescatori
,5793847,9,2022-01-25T12:10:00,Strada Urbana,all'intersezione con,6153,VIA LATINA,,Investimento di pedone,Incrocio,Una carreggiata a senso unico di marcia,Asciutto,Asfaltata,Orizzontale,Sereno,Normale,Buona,1,0,0,1,12.51427,41.873220000000003,True,10543,VIA TOMMASO DA CELANO,
,5794711,12,2022-01-25T12:15:00,Strada Urbana,all'intersezione con,16522,VIALE BARTOLOMEO CAVACEPPI,,Scontro frontale/laterale SX fra veicoli in marcia,Incrocio,Una carreggiata a senso unico di marcia,Asciutto,Asfaltata,Verticale,Sereno,Normale,Buona,0,0,0,2,12.43084,41.797060000000002,True,16538,VIALE LUIGI GUGLIELMI,
,5793682,7,2022-01-25T12:20:00,Strada Urbana,in prossimità,11904,VIALE PALMIRO TOGLIATTI,1280,Tamponamento,Rettilineo,Due carreggiate,Asciutto,Asfaltata,Verticale ed orizzontale,Sereno,Normale,Buona,0,0,0,4,12.575369999999999,41.901670000000003,True,,,
,5794166,15,2022-01-25T12:25:00,Strada Urbana,da specificare,9010,VIA DEI PRATI DEI PAPA,,Veicolo in marcia contro veicolo in sosta,Pendenza,Una carreggiata a doppio senso,Asciutto,Asfaltata,Verticale ed orizzontale,Sereno,Scarso,Buona,0,0,0,1,12.46698,41.866079999999997,True,,,fronte civico 11/D
,5794684,12,2022-01-25T12:30:00,Strada Urbana,in prossimità,2337,VIA DEL CASALE SOLARO,40,Scontro frontale/laterale DX fra veicoli in marcia,Rettilineo,Una carreggiata a doppio senso,Asciutto,Asfaltata,Verticale ed orizzontale,Sereno,Normale,Buona,0,0,0,3,12.50029,41.825189999999999,True,,,
,5794706,7,2022-01-25T12:30:00,Strada Urbana,all'intersezione con,2936,VIA COLLATINA,,Scontro frontale/laterale DX fra veicoli in marcia,Incrocio,Due carreggiate,Asciutto,Asfaltata,Verticale ed orizzontale,Sereno,Normale,Buona,0,0,0,2,12.611090000000001,41.905610000000003,True,61,VIA ACHILLE VERTUNNI,
,5794705,19,2022-01-25T12:40:00,Altra strada,in corrispondenza,2365,VIA DI CASAL DEL MARMO,126A,Veicolo in marcia contro veicolo in sosta,Rettilineo,Una carreggiata a doppio senso,Asciutto,Asfaltata,Assente,Sereno,Scarso,Buona,0,0,0,1,12.406269999999999,41.960290000000001,True,,,
,5796381,1,2022-01-25T12:40:00,Strada Urbana,in prossimità,7171,VIA MERULANA,121/d,Scontro laterale fra veicoli in marcia,Rettilineo,Una carreggiata a doppio senso,Asciutto,Asfaltata,Verticale ed orizzontale,Sereno,Normale,Buona,0,0,0,1,12.503069999999999,41.890000000000001,True,,,
,5793879,9,2022-01-25T12:45:00,Strada Urbana,in prossimità,875,CIRCONVALLAZIONE APPIA,55,Veicolo in marcia contro veicolo arresto,Rettilineo,Una carreggiata a doppio senso,Asciutto,Asfaltata,Verticale ed orizzontale,Nuvoloso,Normale,Buona,0,0,0,3,12.515420000000001,41.875749999999996,True,,,
,5795095,16,2022-01-25T12:45:00,Strada Urbana,in prossimità,3656,PIAZZALE ENRICO DUNANT,58,Tamponamento,Rettilineo,Più di due carreggiate,Asciutto,Asfaltata,Verticale ed orizzontale,Sereno,Normale,Buona,0,0,0,2,12.459059999999999,41.872529999999998,True,,,
,5794672,20,2022-01-25T12:50:00,Strada Urbana,da specificare,10472,VIA TIBERINA,,Scontro frontale/laterale SX fra veicoli in marcia,Rettilineo,Due carreggiate,Asciutto,Asfaltata,Verticale ed orizzontale,Sereno,Normale,Buona,1,0,0,1,12.505129999999999,42.026499999999999,True,,,rampa di immissione via Flaminia direzione Terni
,5793911,1,2022-01-25T13:00:00,Strada Urbana,da specificare,10375,LUNGOTEVERE DEI TEBALDI,,Investimento di pedone,Rettilineo,Una carreggiata a senso unico di marcia,Asciutto,Asfaltata,Verticale ed orizzontale,Sereno,Normale,Buona,1,0,0,1,12.46912,41.894410000000001,True,,,fermata bus
,5794658,1,2022-01-25T13:07:00,Strada Urbana,all'intersezione semaforizzata con,2582,VIA CAVOUR,,Scontro frontale/laterale SX fra veicoli in marcia,Intersezione semaforizzata,Una carreggiata a doppio senso,Asciutto,Asfaltata,Verticale ed orizzontale,Sereno,Normale,Buona,1,0,0,1,12.495200000000001,41.896590000000003,True,9939,VIA DEI SERPENTI,
,5795401,13,2022-01-25T13:25:00,Strada Urbana,all'intersezione con,2377,VIA DI CASAL PALOCCO,,Veicolo in marcia contro veicoli in sosta,Incrocio,Due carreggiate,Asciutto,Asfaltata,Assente,Sereno,Normale,Buona,2,0,0,0,12.3522,41.75074,True,5719,VIALE GORGIA DI LEONTINI,
,5794695,13,2022-01-25T13:30:00,Strada Urbana,all'intersezione con,14957,VIA LUIGI COCHETTI,,Veicolo in marcia contro veicolo in sosta,Incrocio,Una carreggiata a doppio senso,Asciutto,Asfaltata,Verticale ed orizzontale,Sereno,Normale,Buona,0,0,0,1,12.358599999999999,41.774230000000003,True,2703,VIA CESARE MACCARI,
,5795070,19,2022-01-25T13:45:00,Strada Urbana,da specificare,4313,VIA DEL FORTE TRIONFALE,,Veicolo in marcia contro veicolo in sosta,Rettilineo,Una carreggiata a doppio senso,Asciutto,Asfaltata,Orizzontale,Sereno,Normale,Buona,0,0,0,0,12.431559999999999,41.937080000000002,True,,,fronte civico 2G
,5794571,8,2022-01-25T13:50:00,Strada Urbana,da specificare,10637,VIA DI TORRENOVA,,Scontro frontale/laterale DX fra veicoli in marcia,Rettilineo,Una carreggiata a senso unico di marcia,Asciutto,Asfaltata,Verticale,Sereno,Scarso,Buona,0,0,0,2,12.618259999999999,41.878219999999999,True,,,fronte civ. 419
,5794702,4,2022-01-25T14:00:00,Strada Urbana,in prossimità,6046,VIA IVANOE BONOMI,91,Scontro laterale fra veicoli in marcia,Rettilineo,Una carreggiata a senso unico di marcia,Asciutto,Asfaltata,Verticale ed orizzontale,Sereno,Scarso,Buona,0,0,0,2,12.521940000000001,41.949829999999999,True,,,
,5794218,19,2022-01-25T14:05:00,Strada Urbana,in corrispondenza,10655,VIA DI TORREVECCHIA,639,Investimento di pedone,Rettilineo,Una carreggiata a doppio senso,Asciutto,Asfaltata,Verticale ed orizzontale,Sereno,Normale,Buona,1,0,0,0,12.410780000000001,41.921309999999998,False,,,
,5794700,17,2022-01-25T14:10:00,Strada Urbana,all'intersezione con,3205,VIA CRESCENZIO,,Tamponamento,Incrocio,Una carreggiata a doppio senso,Asciutto,In cubetti di porfido,Verticale ed orizzontale,Sereno,Normale,Buona,0,0,0,3,12.468389999999999,41.905419999999999,True,10326,VIA TACITO,
,5794899,17,2022-01-25T14:15:00,Strada Urbana,in prossimità,10776,VIA TRIONFALE,6232,Tamponamento,Rettilineo,Una carreggiata a senso unico di marcia,Asciutto,Asfaltata,Verticale ed orizzontale,Sereno,Normale,Buona,0,0,0,2,12.44542,41.929400000000001,False,,,
,5795093,19,2022-01-25T14:25:00,Strada Urbana,in corrispondenza,4313,VIA DEL FORTE TRIONFALE,8,Investimento di pedone,Rettilineo,Una carreggiata a doppio senso,Asciutto,Asfaltata,Verticale ed orizzontale,Sereno,Normale,Buona,1,0,0,1,12.432639999999999,41.938400000000001,True,,,
,5797846,1,2022-01-25T14:25:00,Strada Urbana,all'intersezione con,6871,VIA MARGHERA,,Tamponamento,Incrocio,Una carreggiata a senso unico di marcia,Asciutto,Asfaltata,Verticale ed orizzontale,Sereno,Scarso,Buona,0,0,0,1,,,False,6695,VIA MAGENTA,
,5794152,10,2022-01-25T14:30:00,Strada Urbana,all'intersezione con,5510,VIA GIUSEPPE CHIOVENDA,,Scontro laterale fra veicoli in marcia,Incrocio,Una carreggiata a senso unico di marcia,Asciutto,Asfaltata,Verticale ed orizzontale,Sereno,Normale,Buona,2,0,0,0,12.573130000000001,41.859610000000004,True,2561,PIAZZA DEI CAVALIERI DEL LAVORO,
,5794523,11,2022-01-25T14:45:00,Strada Urbana,in prossimità,8040,VIA OSTIENSE,36,Scontro laterale fra veicoli in marcia,Rettilineo,Più di due carreggiate,Asciutto,Asfaltata,Verticale ed orizzontale,Sereno,Normale,Buona,0,0,0,3,12.48035,41.874279999999999,True,,,
,5794662,5,2022-01-25T15:00:00,Strada Urbana,in prossimità,12082,VIA VIRGILIO MELANDRI,72,Veicolo in marcia contro veicoli in sosta,Rettilineo,Una carreggiata a senso unico di marcia,Asciutto,Asfaltata,Verticale,Sereno,Scarso,Buona,1,0,0,0,12.57188,41.913260000000001,True,,,
,5794563,12,2022-01-25T15:10:00,Provinciale,all'intersezione semaforizzata con,8040,VIA OSTIENSE,,Scontro frontale/laterale SX fra veicoli in marcia,Incrocio,Una carreggiata a doppio senso,Asciutto,Asfaltata,Verticale ed orizzontale,Sereno,Normale,Buona,0,0,0,3,12.476139999999999,41.851509999999998,True,5971,VIA DELL'IPPICA,
,5794173,19,2022-01-25T15:40:00,Strada Urbana,da specificare,8296,VIA PASQUALE II,,Tamponamento,Rettilineo,Una carreggiata a doppio senso,Asciutto,Asfaltata,Verticale ed orizzontale,Sereno,Normale,Buona,0,0,0,2,12.40977,41.910440000000001,True,,,altezza intersezione Via P. Bembo
,5794912,2,2022-01-25T15:50:00,Strada Urbana,in prossimità,677,PIAZZA ANNIBALIANO,fr. 19,Tamponamento,Rotatoria,Una carreggiata a senso unico di marcia,Asciutto,Asfaltata,Verticale ed orizzontale,Sereno,Normale,Buona,0,0,0,1,12.515879999999999,41.924500000000002,True,,,
,5794946,17,2022-01-25T16:20:00,Strada Urbana,in corrispondenza,587,VIALE ANGELICO,16,Veicolo in marcia contro veicolo fermo,Rettilineo,Due carreggiate,Asciutto,Asfaltata,Verticale ed orizzontale,Sereno,Normale,Buona,0,0,0,2,12.458449999999999,41.912410000000001,True,,,
,5794698,7,2022-01-25T16:20:00,Strada Urbana,all'intersezione con,2133,VIA CARLO DE' MARCHESETTI,,Scontro frontale/laterale DX fra veicoli in marcia,Intersezione semaforizzata,Una carreggiata a senso unico di marcia,Asciutto,Asfaltata,Verticale ed orizzontale,Sereno,Normale,Buona,0,0,0,2,12.584440000000001,41.869509999999998,True,2403,VIA CASILINA,
,5794986,17,2022-01-25T16:40:00,Strada Urbana,all'intersezione semaforizzata con,2831,VIA CIPRO,,Investimento di pedone,Intersezione semaforizzata,Una carreggiata a doppio senso,Asciutto,Asfaltata,Verticale ed orizzontale,Sereno,Normale,Buona,0,0,0,2,12.4466,41.907139999999998,False,6787,VIA MARCANTONIO BRAGADIN,
,5795033,17,2022-01-25T17:00:00,Strada Urbana,in prossimità,5189,VIA GIOVANNI BOVIO,26,Veicolo in marcia contro veicolo in sosta,Rettilineo,Una carreggiata a senso unico di marcia,Asciutto,Asfaltata,Verticale ed orizzontale,Sereno,Scarso,Sufficiente,0,0,0,0,12.4512,41.912480000000002,True,,,
,5794907,2,2022-01-25T17:15:00,Strada Urbana,in corrispondenza,9609,VIA SALARIA,342,Veicolo in marcia contro veicolo in sosta,Rettilineo,Una carreggiata a doppio senso,Asciutto,Asfaltata,Verticale ed orizzontale,Sereno,Intenso,Buona,0,0,0,1,12.504670000000001,41.925269999999998,True,,,
,5794756,15,2022-01-25T17:20:00,Altra strada,da specificare,6703,VIA DELLA MAGLIANA,,Tamponamento,Pendenza,Una carreggiata a senso unico di marcia,Asciutto,Asfaltata,Orizzontale,Sereno,Normale,Buona,0,0,0,3,12.419639999999999,41.831740000000003,True,,,rampa di uscita interna da GRA dir. Via Magliana
,5794640,13,2022-01-25T17:25:00,,all'intersezione semaforizzata con,11423,VIA VINCENZO VANNUTELLI,,Scontro laterale fra veicoli in marcia,,,,,,,,,0,0,0,5,12.28083,41.732599999999998,False,2071,VIALE CARDINAL GINNASI,
,5794632,20,2022-01-25T17:30:00,Strada Urbana,in prossimità,2016,VIA DELLA CAPPELLETTA DELLA GIUSTINIANA,71,Scontro frontale/laterale DX fra veicoli in marcia,Rettilineo,Una carreggiata a senso unico di marcia,Asciutto,Asfaltata,Verticale ed orizzontale,Sereno,Normale,Buona,1,0,0,1,12.405099999999999,41.987189999999998,True,,,
,5794620,8,2022-01-25T17:50:00,Strada Urbana,in corrispondenza,4366,VIA DEL FOSSO DELL'OSA,338/F,Scontro frontale/laterale DX fra veicoli in marcia,Rettilineo,Una carreggiata a doppio senso,Asciutto,Asfaltata,Verticale ed orizzontale,Sereno,Normale,Buona,2,0,0,0,12.6861,41.901809999999998,True,,,
,5795022,13,2022-01-25T17:55:00,Strada Urbana,in prossimità,15155,VIALE ENRICO ORTOLANI,295,Scontro laterale fra veicoli in marcia,Curva senza visuale libera,Una carreggiata a doppio senso,Asciutto,Asfaltata,Orizzontale,Sereno,Normale,Buona,2,0,0,0,12.34029,41.773359999999997,True,,,
,5794624,13,2022-01-25T18:05:00,Strada Urbana,in prossimità,10211,PIAZZALE DELLA STAZIONE DEL LIDO,21,Scontro laterale fra veicoli in marcia,Rettilineo,Due carreggiate,Asciutto,Asfaltata,Verticale ed orizzontale,Sereno,Normale,Buona,0,0,0,2,12.28271,41.732959999999999,True,,,
,5794757,12,2022-01-25T18:10:00,Strada Urbana,all'intersezione con,3309,VIA DI DECIMA,,Tamponamento,Incrocio,Una carreggiata a doppio senso,Asciutto,Asfaltata,Verticale ed orizzontale,Sereno,Normale,Buona,0,0,0,3,12.451560000000001,41.815089999999998,True,8040,VIA OSTIENSE,
,5794630,9,2022-01-25T18:10:00,Strada Urbana,all'intersezione con,9344,VIA RIMINI,,Scontro frontale/laterale SX fra veicoli in marcia,Incrocio,Una carreggiata a senso unico di marcia,Asciutto,Asfaltata,Verticale ed orizzontale,Sereno,Scarso,Buona,0,0,0,3,12.512079999999999,41.884390000000003,True,10917,VIA URBINO,
,5794673,5,2022-01-25T18:40:00,Strada Urbana,all'intersezione con,15758,VIA DONATO MENICHELLA,,Scontro frontale/laterale SX fra veicoli in marcia,Incrocio,Una carreggiata a senso unico di marcia,Asciutto,Asfaltata,Verticale,Sereno,Normale,Buona,0,0,0,2,12.58596,41.947850000000003,True,15713,VIA ALDO SANDULLI,
,5794758,10,2022-01-25T18:40:00,Strada Urbana,all'intersezione con,16298,VIA ULDERICO MAZZOLANI,,Scontro laterale fra veicoli in marcia,Incrocio,Due carreggiate,Asciutto,Asfaltata,Verticale ed orizzontale,Sereno,Normale,Buona,0,0,0,3,12.592879999999999,41.84722,True,5924,VIA IGNAZIO SCIMONELLI,
,5798350,3,2022-01-25T18:50:00,Strada Urbana,all'intersezione semaforizzata con,10907,VIALE DELL'UNIVERSITA',,Scontro frontale fra veicoli in marcia,Intersezione semaforizzata,Una carreggiata a doppio senso,Asciutto,Asfaltata,Verticale ed orizzontale,Sereno,Normale,Sufficiente,0,0,0,6,12.515779999999999,41.905619999999999,True,9269,VIALE REGINA ELENA,
,5794627,15,2022-01-25T19:30:00,Statale,da specificare,8975,VIA PORTUENSE,,Veicolo in marcia contro ostacolo accidentale,Rettilineo,Una carreggiata a doppio senso,Asciutto,Asfaltata,Orizzontale,Sereno,Scarso,Insufficiente,1,0,0,0,12.413970000000001,41.846899999999998,True,,,500mt dopo via Fosso della Magliana dir Fiumicino
,5794536,11,2022-01-25T19:30:00,Strada Urbana,in corrispondenza,137,VIA ADOLFO RAVA',108,Investimento di pedone,Rettilineo,Una carreggiata a doppio senso,Asciutto,Asfaltata,Verticale ed orizzontale,Sereno,Normale,Buona,1,0,0,2,12.48737,41.843919999999997,True,,,
,5794594,20,2022-01-25T19:35:00,Strada Urbana,da specificare,4185,VIA FLAMINIA NUOVA,,Tamponamento,Rettilineo,Una carreggiata a doppio senso,Asciutto,Asfaltata,Verticale ed orizzontale,Sereno,Normale,Buona,0,0,0,3,12.488009999999999,41.961320000000001,True,,,direzione Labaro altezza palo Acea n° 38
,5794790,1,2022-01-25T19:40:00,Strada Urbana,in prossimità,3223,VIA DI S. CROCE IN GERUSALEMME,30,Scontro frontale/laterale SX fra veicoli in marcia,Rettilineo,Una carreggiata a doppio senso,Asciutto,Asfaltata,Verticale ed orizzontale,Sereno,Normale,Sufficiente,0,0,0,3,12.513159999999999,41.889850000000003,True,,,
,5795214,16,2022-01-25T19:40:00,Strada Urbana,da specificare,8975,VIA PORTUENSE,,Tamponamento Multiplo,Rettilineo,Una carreggiata a doppio senso,Asciutto,Asfaltata,Verticale ed orizzontale,Sereno,Normale,Buona,0,0,0,4,12.413970000000001,41.846899999999998,True,,,in prossimità vicolo Orti Portuensi
,5794914,2,2022-01-25T19:45:00,Strada Urbana,all'intersezione con,9567,VIA RUGGERO LEONCAVALLO,,Veicolo in marcia contro veicolo fermo,Intersezione non regolata/non segnalata,Una carreggiata a senso unico di marcia,Asciutto,Asfaltata,Verticale,Sereno,Scarso,Sufficiente,0,0,0,3,12.51285,41.936399999999999,True,8582,VIA PIETRO MASCAGNI,
,5794774,10,2022-01-25T19:50:00,Strada Urbana,in prossimità,10827,VIA TUSCOLANA,1140,Veicolo in marcia contro veicolo fermo,Rettilineo,Due carreggiate,Asciutto,Asfaltata,Verticale ed orizzontale,Sereno,Scarso,Buona,0,0,0,2,12.559950000000001,41.857770000000002,True,,,
,5794905,2,2022-01-25T20:15:00,Strada Urbana,all'intersezione con,7370,VIA MONTEBUONO,,Scontro frontale/laterale SX fra veicoli in marcia,Incrocio,Una carreggiata a senso unico di marcia,Asciutto,Asfaltata,Verticale ed orizzontale,Sereno,Scarso,Buona,0,0,0,2,12.513159999999999,41.93441,True,10282,VIA STIMIGLIANO,
,5795329,17,2022-01-25T20:50:00,Strada Urbana,in prossimità,2915,CIRCONVALLAZIONE CLODIA,36,Veicolo in marcia contro veicolo in sosta,Rettilineo,Due carreggiate,Asciutto,Asfaltata,Verticale ed orizzontale,Sereno,Scarso,Buona,0,0,0,1,12.453060000000001,41.914819999999999,True,,,
,5794858,12,2022-01-25T21:00:00,Strada Urbana,in prossimità,2517,VIA CASTIGLION DE' PEPOLI,69,Veicolo in marcia contro veicoli in sosta,Rettilineo,Una carreggiata a senso unico di marcia,Asciutto,Asfaltata,Verticale ed orizzontale,Sereno,Scarso,Buona,0,0,0,1,12.411479999999999,41.789810000000003,True,,,
,5794611,9,2022-01-25T21:00:00,,da specificare,2521,VIALE CASTRENSE,,Veicolo in marcia contro ostacolo accidentale,,,,,,,,,0,0,0,1,,,False,,,prox archi tangenziale
,5794737,12,2022-01-25T21:15:00,Statale entro l'abitato,all'intersezione con,8040,VIA OSTIENSE,,Scontro laterale fra veicoli in marcia,Incrocio,Una carreggiata a doppio senso,Asciutto,Asfaltata,Verticale ed orizzontale,Sereno,Scarso,Sufficiente,0,0,0,3,12.42292,41.810850000000002,True,7419,VIA MONTE DEL FINOCCHIO,
,5794841,23,2022-01-25T23:20:00,Strada Urbana,all'intersezione con,4295,VIA DEL FORO ITALICO,,Veicolo in marcia contro ostacolo fisso,Intersezione semaforizzata,Una carreggiata a senso unico di marcia,Bagnato (pioggia),Asfaltata,Verticale ed orizzontale,Pioggia in atto,Scarso,Buona,0,0,0,1,12.45499,41.936320000000002,True,15077,LARGO FERRARIS IV,
,5794608,20,2022-01-25T23:30:00,Strada Urbana,in prossimità,6830,VIA MARCO BESSO,11,Veicolo in marcia contro veicoli in sosta,Rettilineo,Una carreggiata a senso unico di marcia,Asciutto,Asfaltata,Assente,Sereno,Scarso,Buona,0,0,0,3,12.46837,41.94641,True,,,
,5794839,10,2022-01-26T07:35:00,Strada Urbana,in corrispondenza,10827,VIA TUSCOLANA,977,Scontro laterale fra veicoli in marcia,Rettilineo,Due carreggiate,Asciutto,Asfaltata,Verticale ed orizzontale,Sereno,Normale,Buona,0,0,0,2,12.56588,41.854990000000001,True,,,
,5796072,8,2022-01-26T07:55:00,Strada Urbana,in prossimità,12549,VIA DELLA TENUTA DI TORRENOVA,114,Scontro laterale fra veicoli in marcia,Rettilineo,Una carreggiata a senso unico di marcia,Asciutto,Asfaltata,Verticale,Sereno,Normale,Buona,3,0,0,0,12.61628,41.85774,True,,,
,5795128,12,2022-01-26T08:30:00,Strada Urbana,da specificare,3309,VIA DI DECIMA,,Tamponamento Multiplo,Rettilineo,Una carreggiata a doppio senso,Bagnato (brina),Asfaltata,Verticale ed orizzontale,Sereno,Normale,Buona,0,0,0,6,12.453279999999999,41.812570000000001,True,,,in prossimità del civ.250 - dir. via S. Delogu
,5796316,20,2022-01-26T08:40:00,Strada Urbana,da specificare,4294,VIALE DEL FORO ITALICO,,Tamponamento,Galleria illuminata,Due carreggiate,Asciutto,Asfaltata,Verticale ed orizzontale,Sereno,Normale,Buona,0,0,0,2,12.45717,41.932560000000002,True,,,INTERNO GALLERIA FLEMING
,5796254,5,2022-01-26T08:45:00,Strada Urbana,da specificare,14467,VIA BELMONTE IN SABINA,,Scontro frontale/laterale DX fra veicoli in marcia,Rotatoria,Due carreggiate,Asciutto,Asfaltata,Verticale ed orizzontale,Sereno,Intenso,Buona,0,0,0,3,12.58883,41.945369999999997,True,,,dir. GRA alt. svincolo via Cappi
,5794964,19,2022-01-26T08:45:00,Strada Urbana,all'intersezione con,101,VIA DELL'ACQUEDOTTO DEL PESCHIERA,,Tamponamento,Intersezione semaforizzata,Una carreggiata a senso unico di marcia,Asciutto,Asfaltata,Verticale ed orizzontale,Sereno,Normale,Buona,1,0,0,2,12.42465,41.937429999999999,True,7316,VIALE MONFORTANI,
,5795787,19,2022-01-26T08:45:00,Strada Urbana,all'intersezione con,10776,VIA TRIONFALE,,Scontro frontale/laterale SX fra veicoli in marcia,Incrocio,Una carreggiata a doppio senso,Asciutto,Asfaltata,Verticale ed orizzontale,Sereno,Normale,Buona,1,0,0,1,12.412380000000001,41.957839999999997,True,10040,VIA SILVIO ANTONIANO,
,5795153,12,2022-01-26T08:50:00,Strada Urbana,da specificare,3309,VIA DI DECIMA,,Veicolo in marcia contro ostacolo accidentale,Rettilineo,Una carreggiata a doppio senso,Bagnato (brina),Asfaltata,Verticale ed orizzontale,Sereno,Normale,Buona,0,0,0,1,12.451560000000001,41.815089999999998,True,,,in prossimità del civico 252 - dir. via S. Delogu
,5796137,13,2022-01-26T08:50:00,Strada Urbana,in corrispondenza,1641,VIA BRAIES,53a,Veicolo in marcia contro veicolo arresto,Rettilineo,Una carreggiata a doppio senso,Asciutto,Asfaltata,Assente,Sereno,Normale,Buona,0,0,0,2,12.377520000000001,41.733229999999999,True,,,
,5796150,13,2022-01-26T08:55:00,,all'intersezione con,5463,VIA GIUSEPPE ANDRE',,Scontro frontale/laterale SX fra veicoli in marcia,,,,,,,,,0,0,0,2,12.29562,41.727330000000002,False,5127,PIAZZA GIOVANNI BATTISTA BOTTERO,
,5796220,20,2022-01-26T09:10:00,Regionale,da specificare,4184,VIA FLAMINIA,,Tamponamento Multiplo,Rettilineo,Due carreggiate,Asciutto,Asfaltata,Orizzontale,Sereno,Normale,Buona,0,0,0,3,12.471830000000001,41.941920000000003,True,,,dir. centro alt. via di grottarossa
,5796340,4,2022-01-26T09:10:00,Statale entro l'abitato,da specificare,9609,VIA SALARIA,,Scontro laterale fra veicoli in marcia,Rettilineo,Due carreggiate,Asciutto,Asfaltata,Verticale ed orizzontale,Sereno,Normale,Buona,0,0,0,2,12.5115,41.987349999999999,True,,,in prossimità rampa per Villa Spada
,5795096,10,2022-01-26T09:45:00,Strada Urbana,all'intersezione con,2294,VIA DEL CASALE FERRANTI,,Scontro frontale/laterale SX fra veicoli in marcia,Incrocio,Due carreggiate,Asciutto,Asfaltata,Verticale ed orizzontale,Sereno,Normale,Buona,0,0,0,4,12.58459,41.832990000000002,True,16656,VIA ALBERTO BURRI,
,5795544,12,2022-01-26T10:15:00,Strada Urbana,da specificare,3529,VIALE EGEO,,Tamponamento,Rettilineo,Una carreggiata a doppio senso,Asciutto,Asfaltata,Verticale ed orizzontale,Sereno,Normale,Buona,0,0,0,2,12.45702,41.832479999999997,True,,,ALTEZZA PALO ACEA N.95
,5796253,18,2022-01-26T10:47:00,Strada Urbana,in prossimità,11000,VIALE DI VALLE AURELIA,79,Investimento di pedone,Rettilineo,Due carreggiate,Asciutto,Asfaltata,Verticale ed orizzontale,Sereno,Scarso,Buona,1,0,0,1,12.43716,41.902650000000001,True,,,
,5796219,15,2022-01-26T11:00:00,Strada Urbana,da specificare,687,VIA ANSELMO CIAPPI,,Veicolo in marcia contro ostacolo accidentale,Rettilineo,Una carreggiata a doppio senso,Asciutto,Asfaltata,Assente,Sereno,Scarso,Buona,1,0,0,0,12.45612,41.860709999999997,True,,,fronte civico 16
,5795313,12,2022-01-26T11:10:00,Strada Urbana,all'intersezione con,16522,VIALE BARTOLOMEO CAVACEPPI,,Scontro laterale fra veicoli in marcia,Intersezione stradale segnalata,Una carreggiata a doppio senso,Asciutto,Asfaltata,Verticale ed orizzontale,Sereno,Scarso,Buona,0,0,0,2,12.43084,41.797060000000002,True,16526,VIA GIOVANNI CINISELLI,
,5796081,8,2022-01-26T11:10:00,Strada Urbana,all'intersezione semaforizzata con,2403,VIA CASILINA,,Scontro laterale fra veicoli in marcia,Intersezione semaforizzata,Una carreggiata a doppio senso,Asciutto,Asfaltata,Verticale ed orizzontale,Sereno,Normale,Buona,0,0,0,3,12.604559999999999,41.864530000000002,True,9551,VIA DEI RUDERI DI TORRENOVA,
,5796309,7,2022-01-26T11:40:00,Strada Urbana,all'intersezione con,9040,VIA PRENESTINA,,Scontro frontale/laterale DX fra veicoli in marcia,Incrocio,Una carreggiata a doppio senso,Asciutto,Asfaltata,Verticale ed orizzontale,Nuvoloso,Normale,Buona,0,0,0,2,12.61548,41.893259999999998,True,16202,RAMPA G.R.A. CARREGGIATA ESTERNA,
,5796540,2,2022-01-26T11:40:00,Strada Urbana,da specificare,4295,VIA DEL FORO ITALICO,,Scontro laterale fra veicoli in marcia,Rettilineo,Due carreggiate,Asciutto,Asfaltata,Orizzontale,Sereno,Normale,Buona,0,0,0,2,12.50394,41.93891,True,,,PROSS. CIV. 647
,5796160,13,2022-01-26T11:40:00,Strada Urbana,in corrispondenza,6448,VIA LUCIO LEPIDIO,31,Scontro laterale fra veicoli in marcia,Rettilineo,Due carreggiate,Asciutto,Asfaltata,Assente,Nebbia,Scarso,Buona,0,0,0,2,12.280570000000001,41.733319999999999,True,,,
,5795702,1,2022-01-26T12:10:00,Strada Urbana,all'intersezione semaforizzata con,10438,LARGO DELLE TERME DI CARACALLA,,Scontro laterale fra veicoli in marcia,Intersezione semaforizzata,Due carreggiate,Asciutto,Asfaltata,Verticale ed orizzontale,Sereno,Normale,Buona,0,0,0,2,12.496549999999999,41.874180000000003,True,5851,VIALE GUIDO BACCELLI,
,5796208,20,2022-01-26T12:40:00,Strada Urbana,da specificare,4185,VIA FLAMINIA NUOVA,,Scontro laterale fra veicoli in marcia,Rettilineo,Due carreggiate,Asciutto,Asfaltata,Verticale ed orizzontale,Sereno,Normale,Buona,0,0,0,2,12.47917,41.96087,True,,,ALTEZZA VIA VITORCHIANO
,5796380,10,2022-01-26T12:50:00,Strada Urbana,in prossimità,521,VIA ANAGNINA,102,Tamponamento Multiplo,Rettilineo,Due carreggiate,Asciutto,Asfaltata,Verticale ed orizzontale,Nuvoloso,Normale,Buona,2,0,0,2,12.61051,41.82056,True,,,
,5796390,4,2022-01-26T13:00:00,Strada Urbana,da specificare,3293,VIA DARIO NICCODEMI,,Scontro laterale fra veicoli in marcia,Rotatoria,Una carreggiata a senso unico di marcia,Asciutto,Asfaltata,Verticale ed orizzontale,Sereno,Normale,Buona,1,0,0,1,12.54874,41.954999999999998,True,,,in corrispondenza rotatoria VIA FRANCO SIMONGINI
,5796400,4,2022-01-26T13:10:00,Strada Urbana,in prossimità,2583,VIA CAVRIGLIA,23,Scontro laterale fra veicoli in marcia,Rettilineo,Una carreggiata a doppio senso,Asciutto,Asfaltata,Verticale ed orizzontale,Sereno,Normale,Buona,1,0,0,2,12.515140000000001,41.947519999999997,True,,,
,5795834,6,2022-01-26T13:10:00,Strada Urbana,in corrispondenza,9930,VIALE DELLA SERENISSIMA,58,Veicolo in marcia contro veicolo arresto,Rettilineo,Più di due carreggiate,Asciutto,Asfaltata,Verticale,Sereno,Normale,Buona,0,0,0,2,12.55861,41.898229999999998,True,,,
,5796463,4,2022-01-26T13:15:00,Strada Urbana,da specificare,14659,VIA CAMERATA PICENA,,Veicolo in marcia contro veicolo in sosta,Rettilineo,Una carreggiata a doppio senso,Asciutto,Asfaltata,Orizzontale,Nuvoloso,Normale,Sufficiente,0,0,0,1,12.5159,41.985860000000002,False,,,altezza fronte via Serra de' Conti
,5796074,11,2022-01-26T13:20:00,Provinciale entro l'abitato,in prossimità,958,VIA ARDEATINA,850/B,Tamponamento,Rettilineo,Una carreggiata a doppio senso,Asciutto,Asfaltata,Verticale ed orizzontale,Nuvoloso,Normale,Buona,0,0,0,2,12.536099999999999,41.80256,True,,,
,5795571,2,2022-01-26T13:30:00,Strada Urbana,in prossimità,5429,VIA GIULIO GAUDINI,7,Scontro frontale/laterale SX fra veicoli in marcia,Rettilineo,Una carreggiata a doppio senso,Asciutto,Asfaltata,Verticale ed orizzontale,Nuvoloso,Normale,Buona,1,0,0,1,12.47697,41.929670000000002,True,,,
,5796419,17,2022-01-26T13:30:00,Strada Urbana,in corrispondenza,8036,VIA OSTIA,18,Veicolo in marcia contro veicolo in sosta,Rettilineo,Una carreggiata a senso unico di marcia,Asciutto,Asfaltata,Verticale ed orizzontale,Sereno,Normale,Buona,0,0,0,1,12.453950000000001,41.909390000000002,True,,,
,5795734,1,2022-01-26T13:35:00,Strada Urbana,in prossimità,2818,PIAZZA DEI CINQUECENTO,19,Tamponamento,Rettilineo,Più di due carreggiate,Asciutto,Asfaltata,Orizzontale,Nuvoloso,Normale,Buona,1,0,0,2,12.5014,41.901629999999997,False,,,
,5795752,1,2022-01-26T13:45:00,Strada Urbana,all'intersezione semaforizzata con,2832,VIA DEL CIRCO MASSIMO,,Scontro frontale/laterale SX fra veicoli in marcia,Intersezione semaforizzata,Una carreggiata a doppio senso,Asciutto,Asfaltata,Verticale ed orizzontale,Sereno,Normale,Buona,0,0,0,3,12.482279999999999,41.887320000000003,True,907,VIA DELL'ARA MASSIMA DI ERCOLE,
,5796290,20,2022-01-26T13:50:00,Strada Urbana,all'intersezione con,5455,PIAZZA DEI GIUOCHI DELFICI,,Scontro laterale fra veicoli in marcia,Rotatoria,Una carreggiata a senso unico di marcia,Asciutto,Asfaltata,Verticale ed orizzontale,Sereno,Normale,Buona,0,0,0,2,12.462809999999999,41.94829,True,2416,VIA CASSIA,
,5796469,19,2022-01-26T13:50:00,Strada Urbana,in corrispondenza,8666,VIA DELLA PINETA SACCHETTI,215/a,Investimento di pedone,Rettilineo,Una carreggiata a senso unico di marcia,Asciutto,Asfaltata,Verticale,Nuvoloso,Normale,Buona,1,0,0,1,12.427110000000001,41.929079999999999,True,,,
,5796172,13,2022-01-26T14:00:00,Strada Urbana,in corrispondenza,3725,VIA ERMANNO CARLOTTO,10,Veicolo in marcia contro veicolo fermo,Rettilineo,Due carreggiate,Asciutto,Asfaltata,Verticale ed orizzontale,Sereno,Normale,Sufficiente,0,0,0,3,12.287269999999999,41.733089999999997,True,,,
,5795845,19,2022-01-26T14:00:00,Strada Urbana,in prossimità,4588,VIA FRANCO LUCCHINI,23,Veicolo in marcia contro veicolo in sosta,Curva senza visuale libera,Una carreggiata a senso unico di marcia,Asciutto,Asfaltata,Verticale,Sereno,Scarso,Buona,0,0,0,1,12.439550000000001,41.92033,True,,,
,5796348,7,2022-01-26T14:00:00,Strada Urbana,da specificare,12174,PIAZZALE PINO PASCALI,,Scontro laterale fra veicoli in marcia,Rettilineo,Una carreggiata a doppio senso,Asciutto,Asfaltata,Orizzontale,Sereno,Normale,Buona,0,0,0,3,12.57755,41.897260000000003,True,,,SNC
,5798010,3,2022-01-26T14:00:00,Strada Urbana,all'intersezione con,7938,PIAZZA ORAZIO MARUCCHI,,Scontro laterale fra veicoli in marcia,Intersezione stradale segnalata,Una carreggiata a senso unico di marcia,Asciutto,Asfaltata,Verticale ed orizzontale,Sereno,Normale,Buona,0,0,0,3,12.52122,41.92107,True,9472,VIA RODOLFO LANCIANI,
,5796286,20,2022-01-26T14:10:00,Strada Urbana,all'intersezione con,4558,VIA FRANCESCO SAVERIO NITTI,,Scontro frontale/laterale DX fra veicoli in marcia,Intersezione stradale segnalata,Una carreggiata a doppio senso,Asciutto,Asfaltata,Assente,Sereno,Normale,Buona,0,0,0,3,12.47222,41.946930000000002,True,4419,VIA FRANCESCO BORGATTI,
,5796084,8,2022-01-26T14:10:00,Strada Urbana,in corrispondenza,2403,VIA CASILINA,1070,Scontro laterale fra veicoli in marcia,Rettilineo,Due carreggiate,Asciutto,Asfaltata,Verticale ed orizzontale,Nuvoloso,Normale,Buona,1,0,0,1,12.592040000000001,41.867040000000003,True,,,
,5796240,20,2022-01-26T14:15:00,Regionale,da specificare,4184,VIA FLAMINIA,,Tamponamento,Rettilineo,Una carreggiata a doppio senso,Asciutto,Asfaltata,Verticale ed orizzontale,Sereno,Normale,Buona,0,0,0,2,12.471830000000001,41.941920000000003,True,,,KM 14
,5796256,20,2022-01-26T14:18:00,Regionale entro l'abitato,in corrispondenza,4185,VIA FLAMINIA NUOVA,14,Veicolo in marcia contro veicolo fermo,Rettilineo,Due carreggiate,Asciutto,Asfaltata,Verticale ed orizzontale,Sereno,Normale,Buona,0,0,0,2,12.47917,41.96087,True,,,
,5795809,19,2022-01-26T14:20:00,Strada Urbana,in corrispondenza,7045,VIA MARZIALE,7/d,Investimento di pedone,Rettilineo,Una carreggiata a senso unico di marcia,Asciutto,Asfaltata,Verticale ed orizzontale,Sereno,Normale,Buona,1,0,0,1,12.44319,41.911839999999998,True,,,
,5796179,13,2022-01-26T14:30:00,Strada Urbana,in prossimità,14756,VIA CROVIANA,20,Scontro laterale fra veicoli in marcia,Rettilineo,Una carreggiata a doppio senso,Asciutto,Asfaltata,Temporanea di cantiere,Sereno,Scarso,Buona,0,0,0,2,12.36514,41.72372,True,,,
,5798374,3,2022-01-26T14:40:00,Strada Urbana,in corrispondenza,6380,VIA LORENZO IL MAGNIFICO,15,Investimento di pedone,Rettilineo,Una carreggiata a doppio senso,Asciutto,Asfaltata,Verticale ed orizzontale,Sereno,Normale,Buona,1,0,0,1,12.52252,41.913260000000001,True,,,
,5796347,19,2022-01-26T14:40:00,Strada Urbana,in corrispondenza,10776,VIA TRIONFALE,7012,Scontro frontale/laterale SX fra veicoli in marcia,Rettilineo,Una carreggiata a doppio senso,Asciutto,Asfaltata,Verticale ed orizzontale,Sereno,Normale,Buona,0,0,0,3,12.439399999999999,41.93459,True,,,
,5795785,6,2022-01-26T15:00:00,Strada Urbana,in corrispondenza,9543,VIA ROVIGNO D'ISTRIA,77,Veicolo in marcia contro veicoli in sosta,Rettilineo,Una carreggiata a senso unico di marcia,Asciutto,Asfaltata,Assente,Sereno,Scarso,Buona,0,0,0,1,12.55613,41.899039999999999,True,,,
,5796266,5,2022-01-26T15:00:00,Strada Urbana,in prossimità,9629,VIA DI SALONE,129,Scontro laterale fra veicoli in marcia,Curva senza visuale libera,Una carreggiata a doppio senso,Asciutto,Asfaltata,Verticale ed orizzontale,Sereno,Normale,Buona,0,0,0,3,12.6281,41.934640000000002,True,,,
,5795900,12,2022-01-26T15:20:00,Strada Urbana,da specificare,3216,VIA CRISTOFORO COLOMBO,,Tamponamento Multiplo,Rettilineo,Più di due carreggiate,Asciutto,Asfaltata,Verticale ed orizzontale,Sereno,Normale,Buona,2,0,0,4,12.49461,41.857059999999997,True,,,lat. direzione Roma centro prox viadotto magliana
,5795748,10,2022-01-26T15:22:00,Strada Urbana,all'intersezione con,653,VIALE ANICIO GALLO,,Investimento di pedone,Incrocio,Due carreggiate,Asciutto,Asfaltata,Verticale ed orizzontale,Nuvoloso,Normale,Buona,1,0,0,0,12.565189999999999,41.85154,True,10508,VIALE TITO LABIENO,
,5796778,12,2022-01-26T15:30:00,Strada Urbana,da specificare,8887,VIA PONTINA,,Veicolo in marcia che urta buche nella carreggiata,Curva a visuale libera,Una carreggiata a senso unico di marcia,Asciutto,Con buche,Verticale ed orizzontale,Nuvoloso,Normale,Buona,0,0,0,1,12.45219,41.79401,True,,,sv.lat. Pont. dir Tor de Cenci/vle E.di Cefalonia
,5797012,1,2022-01-26T16:00:00,Strada Urbana,in prossimità,8899,PIAZZA DEL POPOLO,17,Veicolo in marcia contro ostacolo fisso,Curva a visuale libera,Una carreggiata a senso unico di marcia,Asciutto,In cubetti di porfido,Verticale ed orizzontale,Sereno,Normale,,0,0,0,0,,,False,,,
,5796271,15,2022-01-26T16:00:00,Strada Urbana,in prossimità,15563,VIA LORENZO ALLIEVI,18,Veicolo in marcia contro veicolo in sosta,Rettilineo,Una carreggiata a doppio senso,Asciutto,Asfaltata,Verticale,Sereno,Normale,Buona,0,0,0,2,12.34539,41.81673,True,,,
,5796528,17,2022-01-26T16:10:00,Strada Urbana,in prossimità,7626,VIA MUGGIA,41,Scontro frontale/laterale DX fra veicoli in marcia,Rettilineo,Due carreggiate,Asciutto,Asfaltata,Orizzontale,Sereno,Scarso,Buona,0,0,0,2,12.45712,41.918320000000001,True,,,
,5795911,1,2022-01-26T16:20:00,Strada Urbana,all'intersezione con,1582,VIA BONCOMPAGNI,,Scontro laterale fra veicoli in marcia,Incrocio,Una carreggiata a doppio senso,Asciutto,Asfaltata,Orizzontale,Nuvoloso,Normale,Buona,0,0,0,2,12.494540000000001,41.90869,True,9479,VIA ROMAGNA,
,5796183,13,2022-01-26T16:30:00,,all'intersezione con,8998,VIALE PRASSILLA,,Scontro laterale fra veicoli in marcia,,,,,,,,,0,0,0,3,12.357139999999999,41.752310000000001,False,2762,VIA CHILONE,
,5796759,12,2022-01-26T16:30:00,Strada Urbana,in prossimità,3529,VIALE EGEO,102,Tamponamento Multiplo,Rettilineo,Due carreggiate,Asciutto,Asfaltata,Verticale ed orizzontale,Sereno,Normale,Buona,0,0,0,4,12.45702,41.832479999999997,True,,,
,5796194,18,2022-01-26T16:30:00,Strada Urbana,in prossimità,1192,CIRCONVALLAZIONE AURELIA,79,Scontro laterale fra veicoli in marcia,Rettilineo,Due carreggiate,Asciutto,Asfaltata,Verticale ed orizzontale,Sereno,Normale,Buona,0,0,0,2,12.42901,41.896419999999999,True,,,
,5796330,19,2022-01-26T16:50:00,Strada Urbana,all'intersezione con,1283,VIA DELLA BALDUINA,,Scontro laterale fra veicoli in marcia,Incrocio,Una carreggiata a doppio senso,Asciutto,Asfaltata,Orizzontale,Sereno,Normale,Buona,0,0,0,3,12.44035,41.920670000000001,True,1133,VIA ATTILIO FRIGGERI,
,5796259,7,2022-01-26T17:20:00,Strada Urbana,in corrispondenza,2936,VIA COLLATINA,406,Scontro frontale/laterale DX fra veicoli in marcia,Rettilineo,Una carreggiata a doppio senso,Asciutto,Asfaltata,Orizzontale,Sereno,Normale,Buona,1,0,0,1,12.605790000000001,41.904800000000002,True,,,
,5795898,1,2022-01-26T17:30:00,Strada Urbana,all'intersezione con,6825,PIAZZA DI S. MARCO,,Scontro frontale/laterale SX fra veicoli in marcia,Incrocio,Una carreggiata a doppio senso,Asciutto,In cubetti di porfido,Verticale ed orizzontale,Sereno,Normale,Buona,1,0,0,2,12.48185,41.895310000000002,True,11149,PIAZZA VENEZIA,
,5796077,8,2022-01-26T18:00:00,Strada Urbana,all'intersezione con,4648,VIA DEL FUOCO SACRO,,Scontro frontale fra veicoli in marcia,Intersezione stradale segnalata,Una carreggiata a doppio senso,Asciutto,Asfaltata,Verticale ed orizzontale,Sereno,Scarso,Buona,0,0,0,2,12.64114,41.864800000000002,True,13712,VIA DI TOR BELLA MONACA,
,5796721,4,2022-01-26T18:00:00,Strada Urbana,in corrispondenza,6068,VIALE JONIO,279,Scontro frontale/laterale DX fra veicoli in marcia,Rettilineo,Una carreggiata a doppio senso,Asciutto,Asfaltata,Verticale ed orizzontale,Sereno,Normale,Buona,0,0,0,3,12.53196,41.94538,False,,,
,5796068,8,2022-01-26T18:15:00,Strada Urbana,in prossimità,2403,VIA CASILINA,2087,Scontro laterale fra veicoli in marcia,Rettilineo,Una carreggiata a doppio senso,Asciutto,Asfaltata,Orizzontale,Sereno,Normale,Sufficiente,0,0,0,4,12.693250000000001,41.86401,True,,,
,5796261,9,2022-01-26T18:30:00,Strada Urbana,in prossimità,9887,VIA SEGESTA,9,Veicolo in marcia contro veicoli in sosta,Rettilineo,Una carreggiata a doppio senso,Asciutto,Asfaltata,Verticale ed orizzontale,Sereno,Scarso,Buona,0,0,0,1,12.5098,41.873139999999999,True,,,
,5795867,11,2022-01-26T18:40:00,Strada Urbana,all'intersezione con,5835,VIALE GUGLIELMO MARCONI,,Scontro laterale fra veicoli in marcia,Incrocio,Due carreggiate,Asciutto,Asfaltata,Verticale ed orizzontale,Nuvoloso,Normale,Sufficiente,0,0,0,3,12.47133,41.857289999999999,True,14362,LARGO MAESTRI DEL LAVORO,
,5796407,15,2022-01-26T18:40:00,Strada Urbana,in prossimità,13546,VIA ETTORE FERRARI,180,Tamponamento,Rettilineo,Una carreggiata a senso unico di marcia,Asciutto,Asfaltata,Orizzontale,Nuvoloso,Scarso,Buona,0,0,0,2,12.41,41.846020000000003,True,,,
,5796757,16,2022-01-26T18:45:00,Strada Urbana,in corrispondenza,1649,VIA DI BRAVETTA,80,Scontro laterale fra veicoli in marcia,Curva a visuale libera,Una carreggiata a doppio senso,Asciutto,Asfaltata,Verticale ed orizzontale,Sereno,Normale,Buona,2,0,0,4,12.42263,41.885509999999996,True,,,
,5796346,10,2022-01-26T18:50:00,Strada Urbana,all'intersezione con,2403,VIA CASILINA,,Scontro frontale/laterale DX fra veicoli in marcia,Incrocio,Una carreggiata a doppio senso,Asciutto,Asfaltata,Verticale ed orizzontale,Sereno,Normale,Sufficiente,0,0,0,3,12.585319999999999,41.869070000000001,True,5197,VIA GIOVANNI CAMILLO PERESIO,
,5796618,17,2022-01-26T18:50:00,Strada Urbana,all'intersezione con,2420,VIA CASSIODORO,,Scontro frontale/laterale DX fra veicoli in marcia,Incrocio,Una carreggiata a senso unico di marcia,Asciutto,Asfaltata,Verticale ed orizzontale,Sereno,Normale,Sufficiente,1,0,0,1,12.465859999999999,41.906190000000002,True,7930,VIA ORAZIO,
,5796162,20,2022-01-26T19:00:00,Strada Urbana,in prossimità,11446,PIAZZA DELLA VISIONE,16,Investimento di pedone,Rettilineo,Una carreggiata a doppio senso,Asciutto,Asfaltata,Verticale ed orizzontale,Nuvoloso,Normale,Sufficiente,2,0,0,0,,,False,,,
,5796202,11,2022-01-26T19:15:00,Strada Urbana,in prossimità,879,VIA APPIA PIGNATELLI,147,Veicolo in marcia contro animale,Rettilineo,Una carreggiata a doppio senso,Asciutto,Asfaltata,Verticale ed orizzontale,Sereno,Intenso,Sufficiente,0,0,0,3,12.528790000000001,41.851219999999998,True,,,
,5796547,7,2022-01-26T19:20:00,Strada Urbana,all'intersezione con,3892,VIA DEI FAGGI,,Scontro frontale/laterale SX fra veicoli in marcia,Incrocio,Una carreggiata a doppio senso,Asciutto,Asfaltata,Verticale ed orizzontale,Sereno,Scarso,Sufficiente,0,0,0,3,12.564299999999999,41.884189999999997,True,6167,VIA DEI LAURI,
,5796296,1,2022-01-26T19:45:00,Strada Urbana,in corrispondenza,9058,VIA PRINCIPE AMEDEO,1,Veicolo in marcia contro veicolo in sosta,Rettilineo,Una carreggiata a senso unico di marcia,Asciutto,Asfaltata,Verticale ed orizzontale,Sereno,Normale,Buona,0,0,0,2,12.497070000000001,41.900649999999999,True,,,
,5796723,7,2022-01-26T19:50:00,Strada Urbana,in prossimità,11904,VIALE PALMIRO TOGLIATTI,987,Tamponamento,Rettilineo,Due carreggiate,Asciutto,Asfaltata,Verticale ed orizzontale,Sereno,Scarso,Sufficiente,0,0,0,1,12.574249999999999,41.89378,True,,,
,5796233,11,2022-01-26T20:00:00,Strada Urbana,all'intersezione con,8040,VIA OSTIENSE,,Scontro frontale fra veicoli in marcia,Intersezione semaforizzata,Più di due carreggiate,Asciutto,Asfaltata,Verticale ed orizzontale,Nuvoloso,Scarso,Buona,0,0,0,1,12.48005,41.870570000000001,True,4514,VIA FRANCESCO NEGRI,
,5796555,15,2022-01-26T20:10:00,Strada Urbana,in prossimità,123,VIA DEGLI ADIMARI,105,Veicolo in marcia contro veicolo in sosta,Rettilineo,Una carreggiata a senso unico di marcia,Asciutto,Asfaltata,Orizzontale,Nuvoloso,Scarso,Buona,0,0,0,1,12.42557,41.853679999999997,True,,,
,5796231,6,2022-01-26T20:40:00,Strada Urbana,in corrispondenza,9040,VIA PRENESTINA,373,Scontro laterale fra veicoli in marcia,Rettilineo,Più di due carreggiate,Asciutto,Asfaltata,Verticale ed orizzontale,Sereno,Normale,Sufficiente,1,0,0,1,12.560029999999999,41.895110000000003,True,,,
,5796767,4,2022-01-26T20:40:00,Strada Urbana,all'intersezione semaforizzata con,5212,VIA GIOVANNI CONTI,,Tamponamento,Intersezione semaforizzata,Due carreggiate,Asciutto,Asfaltata,Verticale ed orizzontale,Sereno,Normale,Buona,0,0,0,3,12.47367,41.942230000000002,True,12689,VIA ANTONIO DE CURTIS,
,5796756,4,2022-01-26T21:20:00,Strada Urbana,da specificare,15220,VIA GIGGI SPADUCCI,,Tamponamento,Rettilineo,Una carreggiata a doppio senso,Asciutto,Asfaltata,Verticale ed orizzontale,Sereno,Scarso,Buona,1,0,0,0,12.571569999999999,41.949460000000002,False,,,pross. VIA NOMENTANA
,5796308,9,2022-01-27T01:05:00,,all'intersezione semaforizzata con,878,VIA APPIA NUOVA,,Scontro frontale/laterale SX fra veicoli in marcia,,,,,,,,,0,0,0,2,,,False,2381,VIA DI CASAL ROTONDO,
,5796476,2,2022-01-27T01:45:00,Strada Urbana,all'intersezione con,7703,VIA NEMORENSE,,Veicolo in marcia contro veicolo in sosta,Incrocio,Una carreggiata a doppio senso,Asciutto,Asfaltata,Verticale ed orizzontale,Sereno,Scarso,Sufficiente,0,0,0,1,12.510669999999999,41.927120000000002,True,3194,PIAZZA CRATI,
,5796403,10,2022-01-27T03:00:00,Strada Urbana,in corrispondenza,10827,VIA TUSCOLANA,1016,Veicolo in marcia contro ostacolo fisso,Rettilineo,Due carreggiate,Asciutto,Asfaltata,Verticale ed orizzontale,Sereno,Scarso,Buona,0,0,0,1,12.554869999999999,41.860669999999999,True,,,
,5797240,9,2022-01-27T03:30:00,Strada Urbana,all'intersezione con,13,VIA ACAIA,,Veicolo in marcia contro veicoli in sosta,Intersezione semaforizzata,Una carreggiata a doppio senso,Asciutto,Asfaltata,Verticale ed orizzontale,Sereno,Normale,Buona,0,0,0,1,12.506819999999999,41.87462,True,4730,PIAZZA GALERIA,
,5796295,6,2022-01-27T04:20:00,Strada Urbana,in corrispondenza,8717,VIA PISINO,185,Veicolo in marcia contro veicoli in sosta,Rettilineo,Una carreggiata a senso unico di marcia,Asciutto,Asfaltata,Orizzontale,Nuvoloso,Scarso,Sufficiente,1,0,0,0,12.560980000000001,41.899389999999997,True,,,
,5796385,7,2022-01-27T05:45:00,Strada Urbana,all'intersezione semaforizzata con,11904,VIALE PALMIRO TOGLIATTI,,Scontro frontale/laterale SX fra veicoli in marcia,Intersezione semaforizzata,Due carreggiate,Asciutto,Asfaltata,Verticale ed orizzontale,Sereno,Normale,Buona,1,0,0,1,12.57532,41.895049999999998,True,9040,VIA PRENESTINA,
,5797500,5,2022-01-27T06:20:00,Strada Urbana,da specificare,10478,VIA TIBURTINA,,Tamponamento,Rettilineo,Una carreggiata a senso unico di marcia,Asciutto,Asfaltata,Verticale ed orizzontale,Sereno,Normale,Buona,0,0,0,3,12.56747,41.923920000000003,True,,,altezza svincolo da via Cicogna
,5797578,7,2022-01-27T07:50:00,Strada Urbana,in corrispondenza,10841,VIA UGENTO,4,Veicolo in marcia contro veicoli in sosta,Rettilineo,Una carreggiata a doppio senso,Asciutto,Asfaltata,Orizzontale,Sereno,Scarso,Buona,0,0,0,0,12.57756,41.890340000000002,True,,,
,5796622,1,2022-01-27T08:15:00,Strada Urbana,in corrispondenza,11509,VIA VITTORIO VENETO,70,Scontro laterale fra veicoli in marcia,Curva a visuale libera,Una carreggiata a doppio senso,Asciutto,Asfaltata,Verticale ed orizzontale,Sereno,Normale,Buona,1,0,0,1,12.48995,41.906700000000001,True,,,
,5796577,1,2022-01-27T08:35:00,Strada Urbana,in corrispondenza,6420,VIA DELLA LUCE,34/d,Veicolo in marcia contro veicolo fermo,Rettilineo,Una carreggiata a senso unico alternato,Asciutto,In cubetti di porfido,Verticale ed orizzontale,Sereno,Scarso,Buona,0,0,0,3,12.47467,41.887830000000001,True,,,
,5796549,18,2022-01-27T09:00:00,Strada Urbana,in corrispondenza,7104,VIA MATTIA BATTISTINI,125,Scontro laterale fra veicoli in marcia,Rettilineo,Una carreggiata a doppio senso,Asciutto,Asfaltata,Verticale ed orizzontale,Sereno,Normale,Buona,0,0,0,3,12.41722,41.908250000000002,True,,,
,5796743,17,2022-01-27T09:00:00,Strada Urbana,all'intersezione con,56,VIA ACHILLE PAPA,,Scontro frontale/laterale SX fra veicoli in marcia,Incrocio,Una carreggiata a senso unico di marcia,Asciutto,Asfaltata,Assente,Sereno,Normale,Buona,0,0,0,3,12.46454,41.91968,True,2005,VIA CAPOSILE,
,5798588,1,2022-01-27T09:30:00,Strada Urbana,all'intersezione semaforizzata con,3573,VIA EMANUELE FILIBERTO,,Infortunio per sola frenata improvvisa,Intersezione semaforizzata,Una carreggiata a doppio senso,Asciutto,Asfaltata,Verticale ed orizzontale,Sereno,Normale,Buona,1,0,0,0,12.50667,41.890410000000003,False,6778,VIALE MANZONI,
,5796840,9,2022-01-27T09:45:00,Strada Urbana,in prossimità,878,VIA APPIA NUOVA,568,Scontro laterale fra veicoli in marcia,Rettilineo,Due carreggiate,Asciutto,Asfaltata,Verticale ed orizzontale,Sereno,Normale,Sufficiente,1,0,0,1,12.527469999999999,41.870629999999998,True,,,
,5796689,1,2022-01-27T10:15:00,Strada Urbana,all'intersezione con,6845,VIALE MARCO POLO,,Scontro frontale/laterale DX fra veicoli in marcia,Incrocio,Una carreggiata a doppio senso,Asciutto,Asfaltata,Verticale ed orizzontale,Sereno,Normale,Buona,0,0,0,2,12.489319999999999,41.872810000000001,True,8038,PIAZZALE OSTIENSE,
,5797468,19,2022-01-27T10:35:00,Strada Urbana,in prossimità,8139,VIA DELLA PALMAROLA,22,Veicolo in marcia contro veicolo fermo,Rettilineo,Una carreggiata a doppio senso,Asciutto,Asfaltata,Orizzontale,Sereno,Normale,Buona,0,0,0,3,12.385899999999999,41.941510000000001,True,,,
,5796603,6,2022-01-27T10:45:00,Statale entro l'abitato,in prossimità,2403,VIA CASILINA,299,Scontro laterale fra veicoli in marcia,Curva a visuale libera,Due carreggiate,Asciutto,Asfaltata,Verticale ed orizzontale,Sereno,Normale,Buona,0,0,0,2,12.533519999999999,41.883069999999996,True,,,
,5797298,8,2022-01-27T10:45:00,Strada Urbana,all'intersezione con,1142,VIA ATTILIO TORRESINI,,Scontro laterale fra veicoli in marcia,Incrocio,Una carreggiata a doppio senso,Asciutto,Asfaltata,Verticale ed orizzontale,Sereno,Normale,Buona,0,0,0,3,12.607659999999999,41.856349999999999,True,106,VIA ADALBERTO CENCETTI,
,5797051,15,2022-01-27T10:50:00,Strada Urbana,all'intersezione con,8713,VIA DELLA PISANA,,Scontro frontale/laterale SX fra veicoli in marcia,Intersezione stradale segnalata,Una carreggiata a doppio senso,Asciutto,Asfaltata,Verticale ed orizzontale,Sereno,Normale,Buona,0,0,0,2,12.38897,41.857680000000002,True,8870,VIA DEL PONTE PISANO,
,5796863,12,2022-01-27T11:00:00,Strada Urbana,all'intersezione con,163,VIALE AFRICA,,Investimento di pedone,Incrocio,Una carreggiata a doppio senso,Asciutto,Asfaltata,Verticale ed orizzontale,Sereno,Scarso,Buona,1,0,0,1,12.473739999999999,41.825000000000003,True,16604,LARGO TOGO,
,5796649,11,2022-01-27T11:00:00,Strada Urbana,in prossimità,12548,VIA TAZIO NUVOLARI,35,Scontro laterale fra veicoli in marcia,Rettilineo,Una carreggiata a senso unico di marcia,Asciutto,Asfaltata,Verticale ed orizzontale,Sereno,Normale,Buona,0,0,0,3,12.508509999999999,41.8352,True,,,
,5801203,18,2022-01-27T11:20:00,,in corrispondenza,4562,VIA FRANCESCO SCHUPFER,10,Veicolo in marcia contro veicolo in sosta,,,,,,,,,0,0,0,1,12.4299,41.903379999999999,False,,,
,5797427,11,2022-01-27T11:50:00,Strada Urbana,all'intersezione con,4022,VIALE FERDINANDO BALDELLI,,Scontro frontale/laterale DX fra veicoli in marcia,Intersezione semaforizzata,Più di due carreggiate,Asciutto,Asfaltata,Verticale ed orizzontale,Sereno,Normale,Buona,1,0,0,2,12.474030000000001,41.857250000000001,True,8196,VIALE DI S. PAOLO,
,5797292,8,2022-01-27T12:05:00,Strada Urbana,all'intersezione con,2936,VIA COLLATINA,,Scontro frontale/laterale DX fra veicoli in marcia,Intersezione stradale segnalata,Due carreggiate,Asciutto,Asfaltata,Verticale ed orizzontale,Sereno,Normale,Buona,0,0,0,2,12.61083,41.905839999999998,True,10404,VIA DELLA TENUTA DEL CAVALIERE,
,5797070,15,2022-01-27T12:25:00,Strada Urbana,da specificare,8975,VIA PORTUENSE,,Tamponamento Multiplo,Rettilineo,Una carreggiata a doppio senso,Asciutto,Asfaltata,Assente,Sereno,Normale,Buona,0,0,0,5,12.413970000000001,41.846899999999998,True,,,prossimità civico 837
,5797438,20,2022-01-27T12:30:00,Provinciale entro l'abitato,all'intersezione con,1635,VIA BRACCIANENSE,,Scontro frontale/laterale SX fra veicoli in marcia,Incrocio,Una carreggiata a doppio senso,Asciutto,Asfaltata,Verticale ed orizzontale,Sereno,Normale,Buona,1,0,0,1,12.31554,42.036940000000001,True,10200,VIA DELLA STAZIONE DI CESANO,
,5798243,1,2022-01-27T12:55:00,Strada Urbana,in corrispondenza,2526,VIA DEL CASTRO PRETORIO,24,Scontro laterale fra veicoli in marcia,Rettilineo,Una carreggiata a doppio senso,Asciutto,Asfaltata,Verticale ed orizzontale,Sereno,Normale,Buona,0,0,0,2,12.505420000000001,41.901620000000001,True,,,
,5797176,12,2022-01-27T13:00:00,Strada Urbana,in prossimità,1838,VIALE CAMILLO SABATINI,161,Scontro laterale fra veicoli in marcia,Rettilineo,Una carreggiata a doppio senso,Asciutto,Asfaltata,Verticale ed orizzontale,Sereno,Scarso,Buona,0,0,0,2,12.439019999999999,41.81709,True,,,
,5796911,12,2022-01-27T13:00:00,Strada Urbana,da specificare,12660,VIA FRANCESCO SAPORI,,Investimento di pedone,Rettilineo,Una carreggiata a senso unico di marcia,Asciutto,Asfaltata,Verticale ed orizzontale,Sereno,Scarso,Buona,1,0,0,1,12.48404,41.811129999999999,True,,,PROX39 INT. PARC. COOP(AREA PRIVATA)
,5797445,19,2022-01-27T13:10:00,Strada Urbana,in prossimità,8139,VIA DELLA PALMAROLA,14,Veicolo in marcia contro veicolo fermo,Rettilineo,Una carreggiata a doppio senso,Asciutto,Asfaltata,Orizzontale,Sereno,Normale,Buona,0,0,0,3,12.386430000000001,41.941389999999998,True,,,
,5797394,9,2022-01-27T13:30:00,Strada Urbana,all'intersezione con,7188,VIALE METRONIO,,Investimento di pedone,Incrocio,Una carreggiata a senso unico di marcia,Asciutto,Asfaltata,Verticale ed orizzontale,Sereno,Scarso,Buona,1,0,0,1,12.501150000000001,41.879049999999999,True,6153,VIA LATINA,
,5798213,3,2022-01-27T13:40:00,Strada Urbana,da specificare,12777,CIRCONVALLAZIONE TIBURTINA,,Tamponamento Multiplo,Rettilineo,Una carreggiata a senso unico di marcia,Asciutto,Asfaltata,Verticale ed orizzontale,Sereno,Intenso,Buona,0,0,0,3,12.52675,41.89855,True,,,fronte Easy Box altezza pannello segnalatore
,5797248,9,2022-01-27T13:55:00,Strada Urbana,in prossimità,6714,VIA MAGNAGRECIA,80,Scontro laterale fra veicoli in marcia,Rettilineo,Una carreggiata a doppio senso,Asciutto,Asfaltata,Verticale ed orizzontale,Sereno,Normale,Buona,1,0,0,2,12.50806,41.881900000000002,True,,,
,5797698,17,2022-01-27T14:00:00,Strada Urbana,da specificare,2916,PIAZZALE CLODIO,,Veicolo in marcia contro veicolo in sosta,Rettilineo,Una carreggiata a senso unico di marcia,Asciutto,Asfaltata,Assente,Sereno,Scarso,Buona,0,0,0,1,12.45492,41.916739999999997,True,,,PARCHEGGIO PIAZZALE LIVATINO)
,5797712,16,2022-01-27T14:20:00,Strada Urbana,in prossimità,10031,VIA SILVESTRI,10,Veicolo in marcia contro veicolo arresto,Rettilineo,Una carreggiata a doppio senso,Asciutto,Asfaltata,Orizzontale,Sereno,Normale,Buona,0,0,0,3,12.43582,41.877969999999998,True,,,
,5797723,16,2022-01-27T14:20:00,Strada Urbana,all'intersezione con,4979,CIRCONVALLAZIONE GIANICOLENSE,,Scontro frontale/laterale DX fra veicoli in marcia,Incrocio,Più di due carreggiate,Asciutto,Asfaltata,Verticale ed orizzontale,Sereno,Normale,Buona,1,0,0,1,12.44956,41.87247,True,9177,VIA QUIRINO MAJORANA,
,5801215,18,2022-01-27T14:45:00,Strada Urbana,da specificare,6707,VIA DELLA MAGLIANELLA,,Tamponamento Multiplo,Curva a visuale libera,Due carreggiate,Asciutto,Asfaltata,Verticale ed orizzontale,Sereno,Normale,Buona,0,0,0,6,12.379149999999999,41.901800000000001,True,,,IN PROSSIMITA' DI VIA DI BOCCEA
,5797441,20,2022-01-27T15:30:00,Strada Urbana,in prossimità,4184,VIA FLAMINIA,867,Scontro laterale fra veicoli in marcia,Curva a visuale libera,Una carreggiata a senso unico di marcia,Asciutto,Asfaltata,Verticale,Sereno,Normale,Buona,0,0,0,2,12.48137,41.952390000000001,True,,,
,5797720,23,2022-01-27T15:30:00,Strada Urbana,all'intersezione con,7189,VIA DI MEZZOCAMMINO,,Tamponamento,Intersezione stradale segnalata,Una carreggiata a senso unico di marcia,Asciutto,Asfaltata,Verticale ed orizzontale,Sereno,Scarso,Buona,0,0,0,3,12.43751,41.789999999999999,True,3216,VIA CRISTOFORO COLOMBO,
,5797456,15,2022-01-27T15:50:00,Comunale extraurbana,all'intersezione con,14164,VIA OCCIMIANO,,Scontro frontale/laterale DX fra veicoli in marcia,Intersezione non regolata/non segnalata,Una carreggiata a doppio senso,Asciutto,Asfaltata,Assente,Sereno,Scarso,Buona,0,0,0,3,12.30452,41.82376,True,14154,VIA MONTALDEO,
,5797471,20,2022-01-27T16:00:00,Strada Urbana,in prossimità,2416,VIA CASSIA,966,Investimento di pedone,Rettilineo,Una carreggiata a doppio senso,Asciutto,Asfaltata,Verticale ed orizzontale,Sereno,Normale,Buona,1,0,0,2,12.431710000000001,41.97287,True,,,
,5797891,1,2022-01-27T16:00:00,Strada Urbana,da specificare,1222,LUNGOTEVERE AVENTINO,,Scontro laterale fra veicoli in marcia,Curva a visuale libera,Una carreggiata a senso unico di marcia,Asciutto,Asfaltata,Verticale,Sereno,Intenso,Sufficiente,0,0,0,2,12.479010000000001,41.885539999999999,True,,,ALTEZZA LARGO CIAMPI
,5801244,18,2022-01-27T16:00:00,Strada Urbana,in prossimità,6707,VIA DELLA MAGLIANELLA,185,Scontro laterale fra veicoli in marcia,Curva a visuale libera,Una carreggiata a doppio senso,Asciutto,Asfaltata,Orizzontale,Sereno,Normale,Sufficiente,0,0,0,2,12.3789,41.901800000000001,True,,,
,5797737,16,2022-01-27T16:00:00,,in prossimità,8713,VIA DELLA PISANA,297,Tamponamento,,,,,,,,,1,0,0,1,,,False,,,
,5801301,18,2022-01-27T16:05:00,Strada Urbana,da specificare,6226,VIA LEONE XIII,,Tamponamento Multiplo,Rettilineo,Due carreggiate,Asciutto,Asfaltata,Verticale ed orizzontale,Sereno,Normale,Buona,1,0,0,6,12.440440000000001,41.886940000000003,True,,,ALTEZZA INTERSEZIONE VIA DEHON
,5797428,5,2022-01-27T16:30:00,Strada Urbana,in prossimità,10478,VIA TIBURTINA,1138,Tamponamento,Rettilineo,Due carreggiate,Asciutto,Asfaltata,Orizzontale,Sereno,Intenso,Buona,0,0,0,4,12.592890000000001,41.932780000000001,True,,,
,5797531,20,2022-01-27T16:30:00,Strada Urbana,in corrispondenza,11803,VIA VERGIATE,11,Veicolo in marcia contro veicolo fermo,Rettilineo,Una carreggiata a senso unico di marcia,Asciutto,Asfaltata,Verticale,Sereno,Scarso,Buona,0,0,0,3,12.47902,42.00994,True,,,
,5797178,12,2022-01-27T16:45:00,Strada Urbana,all'intersezione con,10376,VIALE DELLA TECNICA,,Infortunio per sola frenata improvvisa,Intersezione stradale segnalata,Una carreggiata a doppio senso,Asciutto,Asfaltata,Verticale ed orizzontale,Sereno,Normale,Buona,1,0,0,0,12.46036,41.829369999999997,True,11841,LARGO MUSTAFA KEMAL ATATURK,
,5797607,6,2022-01-27T17:25:00,Strada Urbana,all'intersezione semaforizzata con,9040,VIA PRENESTINA,,Scontro frontale/laterale DX fra veicoli in marcia,Intersezione semaforizzata,Più di due carreggiate,Asciutto,Asfaltata,Verticale ed orizzontale,Sereno,Normale,Sufficiente,0,0,0,2,12.563000000000001,41.89508,True,2936,VIA COLLATINA,
,5797282,12,2022-01-27T17:40:00,Strada Urbana,all'intersezione con,7095,VIA MATTEO BARTOLI,,Scontro frontale/laterale SX fra veicoli in marcia,Incrocio,Una carreggiata a doppio senso,Asciutto,Asfaltata,Verticale ed orizzontale,Sereno,Scarso,Buona,0,0,0,5,12.49038,41.818689999999997,True,12535,VIA MARINO GHETALDI,
,5797565,4,2022-01-27T17:45:00,Strada Urbana,all'intersezione semaforizzata con,6067,PIAZZALE JONIO,,Scontro laterale fra veicoli in marcia,Intersezione semaforizzata,Una carreggiata a senso unico di marcia,Asciutto,Asfaltata,Verticale ed orizzontale,Sereno,Normale,Buona,0,0,0,2,12.526120000000001,41.945610000000002,True,11028,VIA DI VALLE MELAINA,
,5798358,3,2022-01-27T17:45:00,Strada Urbana,da specificare,9090,VIALE DELLE PROVINCIE,,Scontro laterale fra veicoli in marcia,Rettilineo,Una carreggiata a senso unico di marcia,Asciutto,Asfaltata,Verticale ed orizzontale,Sereno,Intenso,Buona,0,0,0,4,12.521240000000001,41.909590000000001,True,,,altezza 122
,5797709,17,2022-01-27T18:00:00,Strada Urbana,all'intersezione con,2782,VIA CICERONE,,Veicolo in marcia contro veicoli in sosta,Intersezione stradale segnalata,Una carreggiata a doppio senso,Asciutto,Asfaltata,Verticale ed orizzontale,Sereno,Scarso,Sufficiente,1,0,0,1,12.468209999999999,41.907879999999999,True,10937,VIA VALADIER,
,5797419,10,2022-01-27T18:15:00,Strada Urbana,da specificare,16208,VIA BIAGIO PETROCELLI,,Tamponamento,Rettilineo,Una carreggiata a doppio senso,Asciutto,Asfaltata,Verticale ed orizzontale,Sereno,Normale,Sufficiente,0,0,0,1,12.61111,41.844389999999997,True,,,10 mt. prima della rotat. con V.e L. Schiavonetti
,5797750,16,2022-01-27T18:30:00,Strada Urbana,in prossimità,6728,VIA DI MALAGROTTA,141,Scontro frontale/laterale SX fra veicoli in marcia,Rettilineo,Una carreggiata a doppio senso,Asciutto,Asfaltata,Orizzontale,Sereno,Normale,Insufficiente,1,0,0,1,12.329090000000001,41.863439999999997,True,,,
,5797785,16,2022-01-27T18:30:00,Strada Urbana,in prossimità,3455,VIA DI DONNA OLIMPIA,227,Veicolo in marcia contro veicolo in sosta,Rettilineo,Una carreggiata a doppio senso,Asciutto,Asfaltata,Orizzontale,Sereno,Normale,Buona,0,0,0,1,12.45711,41.873980000000003,True,,,
,5797492,11,2022-01-27T18:45:00,Strada Urbana,in prossimità,5835,VIALE GUGLIELMO MARCONI,507,Scontro laterale fra veicoli in marcia,Rettilineo,Due carreggiate,Asciutto,Asfaltata,Verticale ed orizzontale,Sereno,Normale,Sufficiente,0,0,0,3,12.47293,41.853290000000001,True,,,
,5797474,10,2022-01-27T18:50:00,Strada Urbana,in prossimità,16208,VIA BIAGIO PETROCELLI,224,Veicolo in marcia contro ostacolo fisso,Rettilineo,Due carreggiate,Asciutto,Asfaltata,Verticale ed orizzontale,Sereno,Scarso,Buona,0,0,0,1,12.6058,41.836820000000003,True,,,
,5797485,5,2022-01-27T19:00:00,Strada Urbana,in corrispondenza,15444,VIA CASAL TIDEI,20,Tamponamento,Rettilineo,Una carreggiata a doppio senso,Asciutto,Asfaltata,Verticale ed orizzontale,Sereno,Normale,Buona,0,0,0,2,12.57785,41.941949999999999,True,,,
,5797629,6,2022-01-27T19:00:00,Strada Urbana,all'intersezione con,6135,VIA L'AQUILA,,Scontro frontale/laterale DX fra veicoli in marcia,Incrocio,Una carreggiata a doppio senso,Asciutto,Asfaltata,Verticale ed orizzontale,Sereno,Normale,Sufficiente,1,0,0,2,12.52359,41.889769999999999,True,8649,PIAZZA DEL PIGNETO,
,5797681,6,2022-01-27T19:00:00,Strada Urbana,in prossimità,9040,VIA PRENESTINA,41,Veicolo in marcia contro veicolo in sosta,Rettilineo,Più di due carreggiate,Asciutto,Asfaltata,Verticale ed orizzontale,Sereno,Scarso,Sufficiente,1,0,0,0,12.52286,41.891309999999997,False,,,
,5797532,7,2022-01-27T19:05:00,Strada Urbana,all'intersezione con,9040,VIA PRENESTINA,,Scontro frontale/laterale SX fra veicoli in marcia,Incrocio,Una carreggiata a doppio senso,Asciutto,Asfaltata,Verticale ed orizzontale,Sereno,Normale,Buona,0,0,0,2,12.595700000000001,41.896749999999997,True,2715,VIA CESARE TIRATELLI,
,5797508,13,2022-01-27T19:20:00,Strada Urbana,all'intersezione con,10459,VIA TESPI,,Scontro frontale/laterale DX fra veicoli in marcia,Incrocio,Una carreggiata a doppio senso,Asciutto,Asfaltata,Verticale ed orizzontale,Sereno,Normale,Sufficiente,0,0,0,2,12.36004,41.767139999999998,True,4213,VIA FOCILIDE,
,5797467,5,2022-01-27T19:20:00,Strada Urbana,all'intersezione con,2104,VIA CARLO AMORETTI,,Scontro frontale/laterale SX fra veicoli in marcia,Incrocio,Una carreggiata a doppio senso,Asciutto,Asfaltata,Verticale ed orizzontale,Sereno,Intenso,Buona,2,0,0,1,12.54461,41.915419999999997,True,572,VIA ANDREA TORRE,
,5797524,20,2022-01-27T20:05:00,Regionale entro l'abitato,in prossimità,2416,VIA CASSIA,56,Veicolo in marcia contro veicolo arresto,Rettilineo,Una carreggiata a doppio senso,Asciutto,Asfaltata,Orizzontale,Sereno,Scarso,Sufficiente,0,0,0,2,12.461460000000001,41.950119999999998,True,,,
,5797420,19,2022-01-27T20:15:00,Strada Urbana,in prossimità,2365,VIA DI CASAL DEL MARMO,199,Veicolo in marcia contro veicolo in sosta,Rettilineo,Una carreggiata a doppio senso,Asciutto,Asfaltata,Assente,Sereno,Normale,Sufficiente,0,0,0,1,12.404960000000001,41.957659999999997,True,,,
,5797501,15,2022-01-27T20:40:00,Strada Urbana,da specificare,7864,VIA ODERISI DA GUBBIO,,Scontro laterale fra veicoli in marcia,Rettilineo,Due carreggiate,Asciutto,Asfaltata,Temporanea di cantiere,Sereno,Normale,Buona,0,0,0,2,12.46529,41.86544,True,,,prossimità civico 248
,5797429,11,2022-01-27T21:00:00,Strada Urbana,in prossimità,8037,CIRCONVALLAZIONE OSTIENSE,211,Scontro frontale/laterale SX fra veicoli in marcia,Rettilineo,Una carreggiata a senso unico di marcia,Asciutto,Asfaltata,Verticale ed orizzontale,Sereno,Scarso,Buona,5,0,0,0,12.490209999999999,41.867440000000002,True,,,
,5797809,7,2022-01-27T21:00:00,Strada Urbana,all'intersezione con,2403,VIA CASILINA,,Tamponamento,Incrocio,Una carreggiata a senso unico di marcia,Asciutto,Asfaltata,Verticale ed orizzontale,Sereno,Normale,Buona,1,0,0,1,12.57014,41.874029999999998,True,11904,VIALE PALMIRO TOGLIATTI,
,5797595,13,2022-01-27T21:30:00,Strada Urbana,all'intersezione con,9301,VIALE DELLE REPUBBLICHE MARINARE,,Scontro frontale/laterale DX fra veicoli in marcia,Incrocio,Una carreggiata a senso unico di marcia,Asciutto,Asfaltata,Verticale ed orizzontale,Sereno,Scarso,Buona,1,0,0,2,12.26709,41.736139999999999,True,6811,VIA MARCELLO PUCCI BONCAMBI,
,5797692,2,2022-01-27T23:30:00,Strada Urbana,all'intersezione con,4186,LUNGOTEVERE FLAMINIO,,Scontro frontale/laterale DX fra veicoli in marcia,Intersezione stradale segnalata,Una carreggiata a doppio senso,Asciutto,Asfaltata,Verticale ed orizzontale,Sereno,Scarso,Buona,0,0,0,2,12.46607,41.923760000000001,True,11440,VIA VIRGINIO VESPIGNANI,
,5797638,17,2022-01-27T23:45:00,Strada Urbana,da specificare,4540,VIA FRANCESCO RISMONDO,,Veicolo in marcia contro veicolo in sosta,Rettilineo,Una carreggiata a senso unico di marcia,Asciutto,Asfaltata,Verticale ed orizzontale,Sereno,Scarso,Sufficiente,0,0,0,2,12.461040000000001,41.922260000000001,True,,,in prossimità di VIA MONTANARI
,5797491,10,2022-01-28T00:00:00,Strada Urbana,in prossimità,5186,VIALE S. GIOVANNI BOSCO,15,Veicolo in marcia contro veicolo fermo,Rettilineo,Due carreggiate,Asciutto,Asfaltata,Verticale ed orizzontale,Sereno,Scarso,Sufficiente,0,0,0,2,12.55921,41.86159,True,,,
,5797908,10,2022-01-28T00:01:00,Strada Urbana,in prossimità,5186,VIALE S. GIOVANNI BOSCO,15,Veicolo in marcia contro veicolo in sosta,Rettilineo,Due carreggiate,Asciutto,Asfaltata,Verticale ed orizzontale,Sereno,Scarso,Sufficiente,0,0,0,1,12.559150000000001,41.861510000000003,True,,,
,5797431,9,2022-01-28T00:10:00,Strada Urbana,da specificare,8861,PIAZZA DI PONTE LUNGO,,Tamponamento,Rettilineo,Una carreggiata a doppio senso,Asciutto,Asfaltata,Verticale ed orizzontale,Sereno,Scarso,Sufficiente,0,0,0,4,12.51943,41.877209999999998,True,,,prossimità VIA APPIA NUOVA
,5797572,20,2022-01-28T00:20:00,Statale entro l'abitato,all'intersezione con,2416,VIA CASSIA,,Scontro laterale fra veicoli in marcia,Intersezione stradale segnalata,Una carreggiata a doppio senso,Asciutto,Asfaltata,Verticale ed orizzontale,Sereno,Scarso,Buona,0,0,0,2,12.4137,41.982779999999998,True,2016,VIA DELLA CAPPELLETTA DELLA GIUSTINIANA,
,5797347,8,2022-01-28T00:30:00,Statale entro l'abitato,da specificare,2403,VIA CASILINA,,Veicolo in marcia contro ostacolo fisso,Curva a visuale libera,Una carreggiata a senso unico di marcia,Asciutto,Asfaltata,Verticale ed orizzontale,Sereno,Scarso,Sufficiente,1,0,0,0,12.60173,41.864240000000002,True,,,dir. fuori Roma altezza svincolo G.R.A. dir. FI
,5797410,1,2022-01-28T01:50:00,Strada Urbana,da specificare,2147,VIALE CARLO FELICE,,Veicolo in marcia contro ostacolo accidentale,Rettilineo,Una carreggiata a senso unico di marcia,Asciutto,Asfaltata,Assente,Sereno,Scarso,Buona,1,0,0,0,12.5115,41.887239999999998,True,,,fronte civico 95
,5797736,20,2022-01-28T02:30:00,Regionale,in corrispondenza,2416,VIA CASSIA,21.8,Fuoriuscita dalla sede stradale,Rettilineo,Una carreggiata a doppio senso,Asciutto,Asfaltata,Verticale ed orizzontale,Sereno,Scarso,Insufficiente,1,0,0,0,12.3758,42.04853,True,,,
,5797688,2,2022-01-28T03:00:00,Strada Urbana,in prossimità,2539,VIA CATANZARO,25,Veicolo in marcia contro veicolo in sosta,Rettilineo,Una carreggiata a doppio senso,Asciutto,Asfaltata,Verticale ed orizzontale,Sereno,Scarso,Buona,0,0,0,0,12.517379999999999,41.91225,True,,,
,5797632,6,2022-01-28T04:10:00,Strada Urbana,all'intersezione con,9052,VIALE DELLA PRIMAVERA,,Veicolo in marcia contro veicolo in sosta,Incrocio,Due carreggiate,Asciutto,Asfaltata,Verticale ed orizzontale,Sereno,Scarso,Sufficiente,0,0,0,1,12.560689999999999,41.883510000000001,True,12169,VIA ROMOLO LOMBARDI,
,5800970,4,2022-01-28T06:30:00,Strada Urbana,da specificare,2000084,VIA DELLA TENUTA REDICICOLI,,Scontro laterale fra veicoli in marcia,Rettilineo,Una carreggiata a senso unico di marcia,Asciutto,Asfaltata,Verticale ed orizzontale,Nuvoloso,Normale,Buona,0,0,0,2,12.535270000000001,41.980530000000002,True,,,"altezza ingresso centro commerciale ""Porta di Roma"
,5797962,1,2022-01-28T06:55:00,Strada Urbana,in prossimità,4661,VIALE GABRIELE D'ANNUNZIO,3,Investimento di pedone,Rettilineo,Una carreggiata a senso unico di marcia,Asciutto,Asfaltata,Verticale ed orizzontale,Nuvoloso,Scarso,Buona,1,0,1,0,12.47968,41.909689999999998,True,,,
,5798901,8,2022-01-28T07:00:00,Statale entro l'abitato,in corrispondenza,2403,VIA CASILINA,1840,Investimento di pedone,Rettilineo,Una carreggiata a doppio senso,Asciutto,Asfaltata,Verticale ed orizzontale,Sereno,Normale,Buona,1,0,0,1,12.684369999999999,41.862580000000001,True,,,
,5798403,19,2022-01-28T07:30:00,Strada Urbana,da specificare,1283,VIA DELLA BALDUINA,,Scontro frontale/laterale SX fra veicoli in marcia,Rettilineo,Una carreggiata a doppio senso,Asciutto,Asfaltata,Orizzontale,Sereno,Normale,Buona,1,0,0,1,12.442019999999999,41.916179999999997,True,,,fronte civ. 57
,5797967,6,2022-01-28T07:30:00,Strada Urbana,da specificare,9930,VIALE DELLA SERENISSIMA,,Veicolo in marcia contro veicolo in sosta,Rettilineo,Una carreggiata a senso unico di marcia,Asciutto,Asfaltata,Orizzontale,Nuvoloso,Scarso,Buona,0,0,0,0,12.55823,41.899590000000003,True,,,altezza via Herbert Spencer
,5797822,17,2022-01-28T07:30:00,Strada Urbana,all'intersezione con,9593,VIA SABOTINO,,Scontro frontale/laterale SX fra veicoli in marcia,Incrocio,Una carreggiata a senso unico di marcia,Asciutto,Asfaltata,Verticale ed orizzontale,Sereno,Normale,Buona,0,0,0,2,12.460100000000001,41.916879999999999,True,7517,VIA MONTE SANTO,
,5798110,3,2022-01-28T08:00:00,Strada Urbana,da specificare,9090,VIALE DELLE PROVINCIE,,Scontro laterale fra veicoli in marcia,Rettilineo,Due carreggiate,Asciutto,Asfaltata,Verticale ed orizzontale,Nuvoloso,Intenso,Buona,0,0,0,2,12.52079,41.911679999999997,True,,,altezza VIA REGGIO CALABRIA
,5797857,13,2022-01-28T08:10:00,Strada Urbana,all'intersezione con,8664,VIALE DELLA PINETA DI OSTIA,,Scontro frontale/laterale DX fra veicoli in marcia,Incrocio,Una carreggiata a doppio senso,Asciutto,Asfaltata,Orizzontale,Sereno,Normale,Buona,0,0,0,3,12.283899999999999,41.728430000000003,True,9172,VIA S. QUIRIACO,
,5798028,12,2022-01-28T08:30:00,Comunale extraurbana,da specificare,8927,VIA DI PORTA MEDAGLIA,,Scontro frontale fra veicoli in marcia,Curva senza visuale libera,Una carreggiata a doppio senso,Asciutto,Asfaltata,Verticale ed orizzontale,Sereno,Normale,Buona,1,0,0,1,12.528420000000001,41.75676,True,,,1.5 km dopo via di T. S. Anastasia dir. Laurentina
,5798017,15,2022-01-28T09:00:00,Strada Urbana,in corrispondenza,8713,VIA DELLA PISANA,399,Tamponamento Multiplo,Rettilineo,Una carreggiata a doppio senso,Asciutto,Asfaltata,Orizzontale,Sereno,Normale,Buona,0,0,0,3,12.40916,41.86542,True,,,
,5797936,9,2022-01-28T09:05:00,Strada Urbana,in prossimità,5031,VIA GINO CAPPONI,142,Veicolo in marcia contro veicolo in sosta,Rettilineo,Una carreggiata a senso unico di marcia,Asciutto,Asfaltata,Verticale ed orizzontale,Nuvoloso,Normale,Buona,0,0,0,1,12.51826,41.87368,True,,,
,5798268,1,2022-01-28T09:25:00,Strada Urbana,da specificare,10369,VIA DEL TEATRO DI MARCELLO,,Scontro laterale fra veicoli in marcia,Rotatoria,Una carreggiata a senso unico di marcia,Asciutto,In cubetti di porfido,Orizzontale,Nuvoloso,Normale,Buona,0,0,0,2,12.48204,41.894930000000002,True,,,altezza fermata ATAC
,5804899,3,2022-01-28T10:05:00,Strada Urbana,da specificare,5973,VIALE IPPOCRATE,,Veicolo in marcia contro veicolo in sosta,Rettilineo,Due carreggiate,Asciutto,Asfaltata,Verticale ed orizzontale,Nuvoloso,Normale,Buona,0,0,0,1,12.519220000000001,41.908119999999997,True,,,fronte civico 160
,5801220,16,2022-01-28T10:20:00,Strada Urbana,all'intersezione con,4413,VIA FRANCESCO BENAGLIA,,Tamponamento,Incrocio,Due carreggiate,Asciutto,Asfaltata,Assente,Sereno,Scarso,Buona,0,0,0,3,12.466659999999999,41.878410000000002,True,5981,VIA IPPOLITO NIEVO,
,5799141,10,2022-01-28T10:30:00,Strada Urbana,in prossimità,13089,VIA EMANUELE CARNEVALE,75,Veicolo in marcia contro veicoli in sosta,Rettilineo,Una carreggiata a doppio senso,Asciutto,Asfaltata,Verticale ed orizzontale,Sereno,Normale,Buona,0,0,0,0,12.6036,41.84975,True,,,
,5801060,4,2022-01-28T10:30:00,Strada Urbana,in corrispondenza,6029,VIA DELLE ISOLE CURZOLANE,20,Veicolo in marcia contro veicolo arresto,Rettilineo,Due carreggiate,Asciutto,Asfaltata,Verticale ed orizzontale,Sereno,Normale,Buona,0,0,0,3,12.534409999999999,41.948259999999998,True,,,
,5798928,20,2022-01-28T10:30:00,Strada Urbana,in corrispondenza,5684,VIA DELLA GIUSTINIANA,219,Veicolo in marcia contro veicoli in sosta,Rettilineo,Una carreggiata a doppio senso,Asciutto,Asfaltata,Verticale ed orizzontale,Nuvoloso,Normale,Buona,0,0,0,1,12.48054,42.005299999999998,True,,,
,5798884,8,2022-01-28T11:00:00,Strada Urbana,in prossimità,2403,VIA CASILINA,1835,Investimento di pedone,Rettilineo,Una carreggiata a doppio senso,Asciutto,Asfaltata,Verticale ed orizzontale,Nuvoloso,Normale,Buona,1,0,0,1,12.686019999999999,41.862969999999997,True,,,
,5799155,10,2022-01-28T11:25:00,Strada Urbana,all'intersezione con,16330,PIAZZA FABIO SABATINI,,Tamponamento,Rotatoria,Una carreggiata a senso unico di marcia,Asciutto,Asfaltata,Verticale ed orizzontale,Sereno,Normale,Buona,1,0,0,2,12.5907,41.847079999999998,True,14047,VIA STEFANO OBERTO,
,5798370,3,2022-01-28T11:40:00,Strada Urbana,da specificare,4623,VIA DEI FRENTANI,,Scontro laterale fra veicoli in marcia,Rettilineo,Una carreggiata a doppio senso,Asciutto,Asfaltata,Verticale ed orizzontale,Nuvoloso,Scarso,Buona,1,0,0,1,12.508279999999999,41.900440000000003,True,,,fronte 2c
,5801342,18,2022-01-28T11:45:00,Strada Urbana,all'intersezione con,3102,VIA CORNELIA,,Investimento di pedone,Intersezione stradale segnalata,Una carreggiata a doppio senso,Asciutto,Asfaltata,Verticale ed orizzontale,Sereno,Normale,Buona,1,0,0,1,12.38993,41.900730000000003,True,10311,VIA SUOR MARIA AGOSTINA,
,5799227,1,2022-01-28T11:50:00,Strada Urbana,all'intersezione con,3573,VIA EMANUELE FILIBERTO,,Veicolo in marcia contro ostacolo accidentale,Incrocio,Una carreggiata a doppio senso,Asciutto,Asfaltata,Verticale ed orizzontale,Sereno,Normale,Buona,0,0,0,2,12.50695,41.88993,False,6778,VIALE MANZONI,
,5798920,11,2022-01-28T12:00:00,Strada Urbana,in corrispondenza,3091,VIA CORINTO,40,Veicolo in marcia contro ostacolo accidentale,Rettilineo,Una carreggiata a senso unico di marcia,Asciutto,Asfaltata,Verticale,Sereno,Normale,Buona,0,0,0,1,12.47555,41.854340000000001,True,,,
,5801561,2,2022-01-28T12:00:00,Strada Urbana,in prossimità,8748,VIA PO,28,Veicolo in marcia contro ostacolo fisso,Rettilineo,Una carreggiata a doppio senso,Asciutto,Asfaltata,Verticale ed orizzontale,Sereno,Normale,Buona,0,0,0,0,12.49507,41.914270000000002,True,,,
,5798442,19,2022-01-28T12:00:00,Strada Urbana,in corrispondenza,9310,VIA REZZATO,58,Scontro frontale/laterale DX fra veicoli in marcia,Rettilineo,Una carreggiata a doppio senso,Asciutto,Asfaltata,Orizzontale,Sereno,Scarso,Buona,0,0,0,3,12.37829,41.95093,True,,,
,5801088,5,2022-01-28T12:05:00,Strada Urbana,da specificare,6849,VIA DI MARCO SIMONE,,Tamponamento,Curva a visuale libera,Una carreggiata a doppio senso,Asciutto,Asfaltata,Verticale ed orizzontale,Sereno,Normale,Buona,1,0,0,1,12.64536,41.946750000000002,True,,,rotatoria Casal Bianco
,5798608,15,2022-01-28T13:00:00,Strada Urbana,in prossimità,8975,VIA PORTUENSE,292,Scontro laterale fra veicoli in marcia,Rettilineo,Due carreggiate,Asciutto,Asfaltata,Verticale ed orizzontale,Sereno,Normale,Buona,0,0,0,2,12.45696,41.865110000000001,True,,,
,5799446,17,2022-01-28T13:00:00,Strada Urbana,in corrispondenza,2929,VIA COLA DI RIENZO,265,Veicolo in marcia contro veicolo fermo,Rettilineo,Una carreggiata a doppio senso,Asciutto,Asfaltata,Verticale ed orizzontale,Sereno,Normale,Buona,0,0,0,2,12.460699999999999,41.907020000000003,True,,,
,5798939,20,2022-01-28T13:05:00,Strada Urbana,in corrispondenza,3489,VIA DEI DUE PONTI,222 D,Scontro laterale fra veicoli in marcia,Rettilineo,Una carreggiata a doppio senso,Asciutto,Asfaltata,Orizzontale,Sereno,Normale,Sufficiente,1,0,0,1,12.44871,41.965060000000001,True,,,
,5798066,6,2022-01-28T13:30:00,Strada Urbana,all'intersezione con,76,VIA DI ACQUA BULLICANTE,,Scontro frontale/laterale SX fra veicoli in marcia,Incrocio,Una carreggiata a doppio senso,Asciutto,Asfaltata,Orizzontale,Nuvoloso,Normale,Buona,0,0,0,2,12.543430000000001,41.88382,True,1936,VIA CANOSA DI PUGLIA,
,5804961,3,2022-01-28T14:00:00,Strada Urbana,all'intersezione semaforizzata con,9090,VIALE DELLE PROVINCIE,,Scontro frontale/laterale DX fra veicoli in marcia,Intersezione semaforizzata,Due carreggiate,Asciutto,Asfaltata,Verticale ed orizzontale,Nuvoloso,Intenso,Buona,0,0,0,3,12.521240000000001,41.909590000000001,True,8088,VIA PADOVA,
,5798292,1,2022-01-28T14:00:00,Strada Urbana,in prossimità,10375,LUNGOTEVERE DEI TEBALDI,6,Scontro laterale fra veicoli in marcia,Rettilineo,Una carreggiata a senso unico di marcia,Asciutto,Asfaltata,Verticale ed orizzontale,Sereno,Normale,Buona,0,0,0,2,12.47034,41.893450000000001,False,,,
,5798395,6,2022-01-28T14:10:00,Strada Urbana,in prossimità,9040,VIA PRENESTINA,275,Tamponamento,Rettilineo,Più di due carreggiate,Asciutto,Asfaltata,Verticale ed orizzontale,Sereno,Normale,Buona,0,0,0,3,12.54749,41.893569999999997,True,,,
,5801106,5,2022-01-28T14:10:00,Strada Urbana,in prossimità,5469,VIA GIUSEPPE ARIMONDI,10,Veicolo in marcia contro veicolo in sosta,Rettilineo,Una carreggiata a doppio senso,Asciutto,Asfaltata,Verticale ed orizzontale,Sereno,Scarso,Buona,0,0,0,1,12.53912,41.897039999999997,True,,,
,5798919,13,2022-01-28T14:40:00,Provinciale entro l'abitato,all'intersezione con,6326,VIA LITORANEA,,Scontro frontale/laterale DX fra veicoli in marcia,Incrocio,Una carreggiata a doppio senso,Asciutto,Asfaltata,Verticale ed orizzontale,Sereno,Normale,Buona,1,0,0,2,12.37354,41.687620000000003,True,1025,VIA ARNO,
,5799168,10,2022-01-28T14:45:00,Strada Urbana,all'intersezione con,15120,VIA WALTER PROCACCINI,,Tamponamento,Rotatoria,Una carreggiata a doppio senso,Asciutto,Asfaltata,Verticale ed orizzontale,Sereno,Normale,Buona,0,0,0,4,12.583399999999999,41.848619999999997,True,2000897,VIA VITTORIO OCCORSIO,
,5798565,1,2022-01-28T15:00:00,Strada Urbana,in prossimità,10266,VIA DI S. STEFANO ROTONDO,8,Scontro laterale fra veicoli in marcia,Rettilineo,Una carreggiata a senso unico di marcia,Asciutto,Asfaltata,Verticale,Nuvoloso,Normale,Buona,0,0,0,3,12.49906,41.886229999999998,True,,,
,5798488,2,2022-01-28T15:30:00,Strada Urbana,da specificare,4295,VIA DEL FORO ITALICO,,Scontro laterale fra veicoli in marcia,Rettilineo,Una carreggiata a senso unico di marcia,Asciutto,Asfaltata,Verticale ed orizzontale,Sereno,Normale,Buona,1,0,0,0,12.49065,41.939390000000003,True,,,altezza uscita Via dei Campi Sportivi
,5798887,8,2022-01-28T15:45:00,Strada Urbana,all'intersezione con,9422,VIA DI ROCCA CENCIA,,Scontro frontale/laterale DX fra veicoli in marcia,Incrocio,Una carreggiata a doppio senso,Asciutto,Asfaltata,Verticale ed orizzontale,Sereno,Normale,Buona,0,0,0,3,12.69035,41.870809999999999,True,14021,VIA SELLIA,
,5798922,13,2022-01-28T16:20:00,Comunale extraurbana,da specificare,6856,VIA DEL MARE,,Veicolo in marcia contro veicolo in sosta,Rettilineo,Una carreggiata a doppio senso,Asciutto,Asfaltata,Verticale ed orizzontale,Sereno,Normale,Buona,0,0,0,1,12.463229999999999,41.840260000000001,True,,,pressi km. 15.300
,5802418,19,2022-01-28T16:20:00,Strada Urbana,in corrispondenza,8666,VIA DELLA PINETA SACCHETTI,221/c,Tamponamento Multiplo,Rettilineo,Una carreggiata a senso unico di marcia,Asciutto,Asfaltata,Verticale ed orizzontale,Sereno,Normale,Buona,0,0,0,3,12.42714,41.92942,True,,,
,5798542,1,2022-01-28T16:40:00,Strada Urbana,all'intersezione con,6229,VIA LEONIDA BISSOLATI,,Scontro laterale fra veicoli in marcia,Incrocio,Una carreggiata a doppio senso,Asciutto,Asfaltata,Verticale ed orizzontale,Sereno,Normale,Buona,0,0,0,4,12.49109,41.904919999999997,False,7767,VIA DI S. NICOLA DA TOLENTINO,
,5798952,12,2022-01-28T17:00:00,Strada Urbana,in prossimità,6165,VIA LAURENTINA,794/E,Tamponamento,Pianeggiante,Una carreggiata a doppio senso,Asciutto,Asfaltata,Verticale,Sereno,Scarso,Sufficiente,0,0,0,2,12.483510000000001,41.808770000000003,True,,,
,5800921,15,2022-01-28T17:00:00,Strada Urbana,in corrispondenza,3970,VIA FEDERICO JORINI,72,Veicolo in marcia contro veicolo in sosta,Rettilineo,Una carreggiata a senso unico di marcia,Asciutto,Asfaltata,Orizzontale,Sereno,Scarso,Buona,0,0,0,1,12.457369999999999,41.860309999999998,True,,,
,5801539,2,2022-01-28T17:05:00,Strada Urbana,in prossimità,5627,VIA GIUSEPPE PONZI,5,Veicolo in marcia contro ostacolo fisso,Rettilineo,Una carreggiata a senso unico di marcia,Asciutto,Asfaltata,Verticale ed orizzontale,Sereno,Normale,Sufficiente,0,0,0,1,12.484080000000001,41.923870000000001,True,,,
,5798924,13,2022-01-28T17:30:00,,in corrispondenza,8040,VIA OSTIENSE,24.6,Scontro laterale fra veicoli in marcia,,,,,,,,,0,0,0,1,12.42292,41.810850000000002,False,,,
,5800942,15,2022-01-28T17:30:00,Strada Urbana,in prossimità,8975,VIA PORTUENSE,712,Scontro frontale/laterale DX fra veicoli in marcia,Rettilineo,Una carreggiata a doppio senso,Asciutto,Asfaltata,Orizzontale,Sereno,Normale,Sufficiente,0,0,0,2,12.434329999999999,41.85201,True,,,
,5800975,15,2022-01-28T17:35:00,Strada Urbana,da specificare,6703,VIA DELLA MAGLIANA,,Scontro frontale/laterale DX fra veicoli in marcia,Rettilineo,Una carreggiata a senso unico di marcia,Asciutto,Asfaltata,Verticale ed orizzontale,Nuvoloso,Normale,Buona,0,0,0,3,12.454789999999999,41.841720000000002,True,,,FRONTE CIVICO 319/B
,5800889,19,2022-01-28T18:00:00,Strada Urbana,in prossimità,9493,VIA ROMEO RODRIGUEZ PEREIRA,35,Veicolo in marcia contro veicoli in sosta,Rettilineo,Una carreggiata a doppio senso,Asciutto,Asfaltata,Verticale ed orizzontale,Sereno,Normale,Buona,0,0,0,0,12.439209999999999,41.914459999999998,True,,,
,5798962,20,2022-01-28T18:30:00,Strada Urbana,in corrispondenza,11050,VIA VALLE DELLA STORTA,8,Investimento di pedone,Rettilineo,Una carreggiata a doppio senso,Asciutto,Asfaltata,Assente,Sereno,Scarso,Sufficiente,1,0,0,1,12.37865,42.009909999999998,True,,,
,5798890,8,2022-01-28T18:34:00,Strada Urbana,all'intersezione con,16242,VIA STANFORD,,Scontro laterale fra veicoli in marcia,Incrocio,Una carreggiata a doppio senso,Asciutto,Asfaltata,Verticale ed orizzontale,Sereno,Normale,Buona,0,0,0,2,12.60796,41.851990000000001,True,16144,VIALE DELLA SORBONA,
,5799055,1,2022-01-28T18:40:00,Strada Urbana,da specificare,7693,VIA NAZIONALE,,Scontro laterale fra veicoli in marcia,Rettilineo,Una carreggiata a doppio senso,Asciutto,Asfaltata,Verticale ed orizzontale,Sereno,,Sufficiente,0,0,0,2,12.49053,41.901739999999997,True,,,pross. via milano
,5798968,20,2022-01-28T18:45:00,Regionale entro l'abitato,in corrispondenza,2416,VIA CASSIA,1043,Tamponamento Multiplo,Curva a visuale libera,Una carreggiata a doppio senso,Asciutto,Asfaltata,Orizzontale,Sereno,Normale,Buona,1,0,0,3,12.42684,41.974420000000002,True,,,
,5801113,18,2022-01-28T18:45:00,Strada Urbana,all'intersezione con,1547,VIA DI BOCCEA,,Scontro frontale fra veicoli in marcia,Incrocio,Una carreggiata a doppio senso,Asciutto,Asfaltata,Verticale ed orizzontale,Sereno,Normale,Buona,0,0,0,3,12.38466,41.914949999999997,True,4302,VIA DEL FORTE BOCCEA,
,5798903,8,2022-01-28T19:00:00,Strada Urbana,all'intersezione con,2936,VIA COLLATINA,,Veicolo in marcia contro veicolo fermo,Incrocio,Una carreggiata a doppio senso,Asciutto,Asfaltata,Verticale ed orizzontale,Sereno,Normale,Buona,0,0,0,2,12.62716,41.907690000000002,True,93,VIA DELL'ACQUA VERGINE,
,5798557,7,2022-01-28T19:00:00,Strada Urbana,all'intersezione con,10685,VIA DI TOR TRE TESTE,,Scontro frontale/laterale DX fra veicoli in marcia,Incrocio,Due carreggiate,Asciutto,Asfaltata,Verticale ed orizzontale,Sereno,Normale,Buona,0,0,0,4,12.588229999999999,41.876010000000001,True,7717,VIA DELLE NESPOLE,
,5798617,18,2022-01-28T19:00:00,Strada Urbana,in corrispondenza,529,VIA ANASTASIO II,282,Investimento di pedone,Rettilineo,Due carreggiate,Asciutto,Asfaltata,Verticale ed orizzontale,Sereno,Normale,Sufficiente,1,0,0,2,12.442220000000001,41.901020000000003,True,,,
,5805003,3,2022-01-28T19:15:00,Strada Urbana,in prossimità,11161,VIALE VENTUNO APRILE,12,Investimento di pedone,Rettilineo,Una carreggiata a doppio senso,Asciutto,Asfaltata,Verticale ed orizzontale,Sereno,Normale,Sufficiente,2,0,0,0,12.51882,41.920180000000002,True,,,
,5801092,4,2022-01-28T19:30:00,Strada Urbana,all'intersezione con,2000360,VIA GIORGIO MOSER,,Scontro frontale/laterale DX fra veicoli in marcia,Intersezione stradale segnalata,Una carreggiata a doppio senso,Asciutto,Asfaltata,Verticale ed orizzontale,Sereno,Normale,Buona,2,0,0,0,12.535830000000001,41.971589999999999,True,2000326,VIA PUPELLA MAGGIO,
,5799675,17,2022-01-28T20:00:00,Strada Urbana,in corrispondenza,609,VIA ANGELO EMO,92,Scontro laterale fra veicoli in marcia,Rettilineo,Una carreggiata a doppio senso,Asciutto,Asfaltata,Verticale ed orizzontale,Sereno,Normale,Sufficiente,0,0,0,1,12.44642,41.904640000000001,False,,,
,5800919,7,2022-01-28T20:10:00,Strada Urbana,all'intersezione con,11904,VIALE PALMIRO TOGLIATTI,,Scontro laterale fra veicoli in marcia,Incrocio,Una carreggiata a senso unico di marcia,Asciutto,Asfaltata,Verticale ed orizzontale,Sereno,Normale,Sufficiente,0,0,0,3,12.56808,41.865229999999997,True,2144,VIA CARLO FADDA,
,5799181,1,2022-01-28T20:15:00,Strada Urbana,in prossimità,9356,LUNGOTEVERE RIPA,6,Tamponamento,Rettilineo,Una carreggiata a senso unico di marcia,Asciutto,Asfaltata,Verticale ed orizzontale,Sereno,Scarso,Sufficiente,0,0,0,2,12.478770000000001,41.888399999999997,True,,,
,5798943,1,2022-01-28T20:20:00,Strada Urbana,in corrispondenza,5681,VIA GIUSEPPE ZANARDELLI,36,Tamponamento,Rettilineo,Una carreggiata a doppio senso,Asciutto,Asfaltata,Verticale ed orizzontale,Sereno,Normale,Sufficiente,1,0,0,0,,,False,,,
,5798893,8,2022-01-28T20:30:00,Strada Urbana,in prossimità,7585,VIA DEI MONTI TIBURTINI,494,Tamponamento Multiplo,Rettilineo,Due carreggiate,Asciutto,Asfaltata,Verticale ed orizzontale,Sereno,Normale,Buona,0,0,0,3,12.545769999999999,41.916089999999997,True,,,
,5800973,2,2022-01-28T21:00:00,Strada Urbana,in prossimità,1418,PIAZZALE DELLE BELLE ARTI,2,Scontro frontale/laterale SX fra veicoli in marcia,Rettilineo,Una carreggiata a senso unico di marcia,Asciutto,Asfaltata,Verticale ed orizzontale,Sereno,Normale,Sufficiente,1,0,0,1,12.472329999999999,41.918819999999997,True,,,
,5804982,3,2022-01-28T21:15:00,Strada Urbana,da specificare,16222,tangenziale / est dir. salaria,,Scontro laterale fra veicoli in marcia,Rettilineo,Una carreggiata a senso unico di marcia,Asciutto,Asfaltata,Verticale ed orizzontale,Sereno,Normale,Sufficiente,0,0,0,3,12.52816,41.918379999999999,True,,,ingresso galleria giovanni xxiii
,5798876,11,2022-01-28T21:20:00,Strada Urbana,in corrispondenza,5689,VIALE GIUSTINIANO IMPERATORE,41,Tamponamento Multiplo,Rettilineo,Una carreggiata a doppio senso,Asciutto,Asfaltata,Verticale ed orizzontale,Sereno,Normale,Buona,0,0,0,3,12.47884,41.8568,True,,,
,5798746,6,2022-01-28T21:30:00,Strada Urbana,in corrispondenza,10478,VIA TIBURTINA,605,Scontro laterale fra veicoli in marcia,Rettilineo,Più di due carreggiate,Asciutto,Asfaltata,Verticale ed orizzontale,Sereno,Scarso,Sufficiente,0,0,0,3,12.54495,41.90887,True,,,
,5798987,1,2022-01-28T21:41:00,Strada Urbana,in prossimità,11149,PIAZZA VENEZIA,6,Scontro laterale fra veicoli in marcia,Rettilineo,Una carreggiata a senso unico di marcia,Asciutto,In cubetti di porfido,Verticale ed orizzontale,Sereno,Normale,Buona,0,0,0,1,12.48282,41.896659999999997,True,,,
,5801414,2,2022-01-28T21:45:00,Strada Urbana,in prossimità,4184,VIA FLAMINIA,227,Veicolo in marcia contro veicoli in sosta,Rettilineo,Due carreggiate,Asciutto,Asfaltata,Verticale ed orizzontale,Sereno,Scarso,Buona,0,0,0,1,12471,41.923189999999998,True,,,
,5799136,1,2022-01-28T23:40:00,Strada Urbana,all'intersezione semaforizzata con,1152,LUNGOTEVERE IN AUGUSTA,,Scontro laterale fra veicoli in marcia,Intersezione semaforizzata,Una carreggiata a senso unico di marcia,Asciutto,Asfaltata,Verticale ed orizzontale,Sereno,Normale,Buona,0,0,0,2,,,False,4035,VIA FERDINANDO DI SAVOIA,
,5803740,20,2022-01-28T23:48:00,Statale entro l'abitato,da specificare,2416,VIA CASSIA,,Veicolo in marcia contro ostacolo accidentale,Rettilineo,Una carreggiata a doppio senso,Asciutto,Asfaltata,Verticale ed orizzontale,Sereno,Scarso,Buona,0,0,0,1,12.4137,41.982779999999998,True,,,PROSSIMITA' CIV. 1348
,5799902,12,2022-01-29T00:00:00,Strada Urbana,da specificare,7191,LUNGOTEVERE MICHELANGELO,,Veicolo in marcia contro veicolo in sosta,Sottopasso illuminato,Una carreggiata a senso unico di marcia,Asciutto,Asfaltata,Verticale ed orizzontale,Sereno,Intenso,Buona,0,0,0,0,12.47129,41.910229999999999,True,,,altezza PIAZZA DELLA LIBERTA'
,5801173,4,2022-01-29T00:15:00,Strada Urbana,all'intersezione semaforizzata con,4728,PIAZZA GALENO,,Scontro laterale fra veicoli in marcia,Intersezione semaforizzata,Due carreggiate,Asciutto,Asfaltata,Verticale ed orizzontale,Sereno,Normale,Buona,2,0,0,1,12.509270000000001,41.911180000000002,True,9273,VIALE REGINA MARGHERITA,
,5798899,8,2022-01-29T00:35:00,Strada Urbana,all'intersezione con,7899,VIA DEGLI OLMI,,Veicolo in marcia contro veicoli in sosta,Incrocio,Due carreggiate,Asciutto,Asfaltata,Assente,Sereno,Scarso,Buona,0,0,0,1,12.578430000000001,41.879249999999999,True,12085,VIA ALBERTO CHIARUGI,
,5800927,19,2022-01-29T00:45:00,Strada Urbana,in prossimità,10332,VIA TAGGIA,81,Veicolo in marcia contro veicoli in sosta,Rettilineo,Una carreggiata a senso unico di marcia,Asciutto,Asfaltata,Assente,Sereno,Scarso,Sufficiente,0,0,0,2,12.42149,41.929740000000002,True,,,
,5798792,6,2022-01-29T00:55:00,Strada Urbana,in corrispondenza,3406,VIA DOMENICO DE DOMINICIS,25,Veicolo in marcia contro veicolo in sosta,Rettilineo,Due carreggiate,Asciutto,Asfaltata,Verticale ed orizzontale,Sereno,Scarso,Buona,0,0,0,2,12.53525,41.90166,True,,,
,5798926,13,2022-01-29T01:20:00,Strada Urbana,in corrispondenza,2495,VIALE DI CASTEL PORZIANO,411,Tamponamento,Rettilineo,Una carreggiata a doppio senso,Asciutto,Asfaltata,Verticale ed orizzontale,Sereno,Scarso,Sufficiente,1,0,0,1,12.364599999999999,41.735909999999997,True,,,
,5801268,4,2022-01-29T02:20:00,Strada Urbana,da specificare,3031,VIA CONCA D'ORO,,Veicolo in marcia contro veicolo in sosta,Rettilineo,Una carreggiata a senso unico di marcia,Asciutto,Asfaltata,Verticale ed orizzontale,Sereno,Normale,Buona,0,0,0,2,12.5169,41.945309999999999,True,,,in corrispondenza del fronte civico 180
,5798806,6,2022-01-29T02:30:00,Strada Urbana,all'intersezione con,10544,PIAZZA TOMMASO DE CRISTOFORIS,,Scontro frontale/laterale SX fra veicoli in marcia,Incrocio,Una carreggiata a doppio senso,Asciutto,Asfaltata,Verticale ed orizzontale,Sereno,Scarso,Sufficiente,3,0,0,0,12.534649999999999,41.900489999999998,True,273,VIA ALBERTO POLLIO,
,5799102,1,2022-01-29T04:00:00,Strada Urbana,all'intersezione con,6993,VIA MARMORATA,,Scontro frontale/laterale SX fra veicoli in marcia,Intersezione stradale segnalata,Una carreggiata a doppio senso,Asciutto,Asfaltata,Verticale ed orizzontale,Sereno,Scarso,Sufficiente,0,0,0,3,12.47846,41.879730000000002,True,5190,VIA GIOVANNI BRANCA,
,5799179,10,2022-01-29T06:05:00,Strada Urbana,all'intersezione con,9618,VIALE DEI SALESIANI,,Veicolo in marcia contro ostacolo fisso,Intersezione stradale segnalata,Una carreggiata a senso unico di marcia,Asciutto,Asfaltata,Verticale ed orizzontale,Sereno,Scarso,Buona,0,0,0,2,12.56823,41.856340000000003,True,10189,VIA STATILIO OTTATO,
,5799118,1,2022-01-29T06:50:00,Strada Urbana,all'intersezione semaforizzata con,2527,VIALE CASTRO PRETORIO,,Veicolo in marcia contro ostacolo fisso,Intersezione semaforizzata,Una carreggiata a doppio senso,Asciutto,Asfaltata,Verticale ed orizzontale,Sereno,Normale,Buona,1,0,0,0,12507,41.902900000000002,True,9704,VIA SAN MARTINO DELLA BATTAGLIA,
,5799210,12,2022-01-29T08:30:00,Strada Urbana,in prossimità,12101,VIA ELIO VITTORINI,110,Scontro frontale fra veicoli in marcia,Rettilineo,Una carreggiata a doppio senso,Asciutto,Asfaltata,Verticale,Sereno,Scarso,Buona,0,0,0,2,12.47119,41.817900000000002,True,,,
,5800294,8,2022-01-29T09:30:00,Strada Urbana,da specificare,13712,VIA DI TOR BELLA MONACA,,Tamponamento,Rettilineo,Due carreggiate,Asciutto,Asfaltata,Orizzontale,Sereno,Intenso,Buona,1,0,0,2,12.62809,41.876429999999999,True,,,fronte centro sportivo Club Roma 70
,5800541,11,2022-01-29T09:30:00,Strada Urbana,all'intersezione semaforizzata con,3216,VIA CRISTOFORO COLOMBO,,Scontro frontale/laterale DX fra veicoli in marcia,Intersezione semaforizzata,Più di due carreggiate,Asciutto,Asfaltata,Verticale ed orizzontale,Sereno,Normale,Buona,2,1,0,0,12.48075,41.847569999999997,True,7979,VIA OROPA,
,5799161,9,2022-01-29T10:25:00,Strada Urbana,in corrispondenza,878,VIA APPIA NUOVA,541 i,Scontro laterale fra veicoli in marcia,Rettilineo,Due carreggiate,Asciutto,Asfaltata,Assente,Sereno,Normale,Buona,0,0,0,3,12.52772,41.871319999999997,True,,,
,5811239,6,2022-01-29T11:00:00,Strada Urbana,in corrispondenza,76,VIA DI ACQUA BULLICANTE,439,Investimento di pedone,Rettilineo,Una carreggiata a doppio senso,Asciutto,Asfaltata,Verticale ed orizzontale,Sereno,Normale,Buona,1,0,0,1,12.5418,41.891829999999999,True,,,
,5800297,8,2022-01-29T11:00:00,Statale entro l'abitato,in prossimità,2403,VIA CASILINA,1750,Scontro laterale fra veicoli in marcia,Rettilineo,Una carreggiata a senso unico di marcia,Asciutto,Asfaltata,Verticale ed orizzontale,Sereno,Normale,Buona,0,0,0,3,12.66601,41.864159999999998,True,,,
,5800296,20,2022-01-29T11:00:00,Statale entro l'abitato,in corrispondenza,4184,VIA FLAMINIA,8.6,Tamponamento Multiplo,Rettilineo,Due carreggiate,Asciutto,Asfaltata,Verticale ed orizzontale,Sereno,Normale,Buona,1,0,0,4,12.471830000000001,41.941920000000003,True,,,
,5801131,5,2022-01-29T11:15:00,Strada Urbana,in prossimità,10478,VIA TIBURTINA,553,Veicolo in marcia contro veicolo in sosta,Rettilineo,Due carreggiate,Asciutto,Asfaltata,Verticale ed orizzontale,Sereno,Normale,Buona,0,0,0,1,12.543329999999999,41.90878,True,,,
,5801236,23,2022-01-29T11:20:00,Strada Urbana,all'intersezione con,11405,PIAZZA S. VINCENZO PALLOTTI,,Scontro frontale/laterale DX fra veicoli in marcia,Intersezione semaforizzata,Una carreggiata a senso unico di marcia,Asciutto,Asfaltata,Verticale ed orizzontale,Sereno,Intenso,Buona,0,0,0,3,12.47123,41.892940000000003,True,10996,LUNGOTEVERE DEI VALLATI,
,5800936,19,2022-01-29T11:20:00,Strada Urbana,all'intersezione con,10655,VIA DI TORREVECCHIA,,Scontro laterale fra veicoli in marcia,Incrocio,Una carreggiata a doppio senso,Asciutto,Asfaltata,Orizzontale,Sereno,Normale,Buona,0,0,0,2,12.41948,41.933390000000003,True,1714,VIA BUSALLA,
,5801354,4,2022-01-29T11:30:00,Strada Urbana,in corrispondenza,11275,VIA DELLE VIGNE NUOVE,70,Veicolo in marcia contro veicolo in sosta,Rettilineo,Una carreggiata a doppio senso,Asciutto,Asfaltata,Verticale ed orizzontale,Sereno,Normale,Buona,0,0,0,1,12.537330000000001,41.94753,True,,,
,5801482,2,2022-01-29T11:30:00,Strada Urbana,in prossimità,47,VIA ACHERUSIO,57,Veicolo in marcia contro veicolo in sosta,Rettilineo,Una carreggiata a senso unico di marcia,Asciutto,Asfaltata,Verticale ed orizzontale,Sereno,Normale,Buona,0,0,0,1,12.512919999999999,41.927140000000001,True,,,
,5800907,15,2022-01-29T12:00:00,Strada Urbana,in prossimità,8975,VIA PORTUENSE,571,Scontro laterale fra veicoli in marcia,Rettilineo,Una carreggiata a doppio senso,Asciutto,Asfaltata,Orizzontale,Sereno,Normale,Buona,0,0,0,2,12.44516,41.855420000000002,True,,,
,5800920,19,2022-01-29T12:00:00,Strada Urbana,in prossimità,7581,VIA DEI MONTI DI PRIMAVALLE,168,Veicolo in marcia contro veicolo in sosta,Rettilineo,Una carreggiata a doppio senso,Asciutto,Asfaltata,Assente,Sereno,Normale,Buona,0,0,0,1,12.413309999999999,41.908740000000002,True,,,
,5800894,7,2022-01-29T12:00:00,Strada Urbana,in corrispondenza,11904,VIALE PALMIRO TOGLIATTI,453,Veicolo in marcia contro ostacolo fisso,Rettilineo,Una carreggiata a senso unico di marcia,Asciutto,Asfaltata,Assente,Sereno,Normale,Buona,0,0,0,1,12.56758,41.868780000000001,True,,,
,5800352,12,2022-01-29T12:10:00,Strada Urbana,in prossimità,6165,VIA LAURENTINA,553,Tamponamento,Rettilineo,Una carreggiata a doppio senso,Asciutto,Asfaltata,Verticale ed orizzontale,Sereno,Normale,Buona,1,0,0,1,12.47925,41.824739999999998,True,,,
,5801328,4,2022-01-29T12:35:00,Strada Urbana,all'intersezione con,7816,VIA NOMENTANA,,Scontro laterale fra veicoli in marcia,Intersezione stradale segnalata,Una carreggiata a doppio senso,Asciutto,Asfaltata,Verticale ed orizzontale,Sereno,Normale,Buona,0,0,0,3,12.57368,41.959049999999998,True,11093,VIA VAL TROMPIA,
,5800301,8,2022-01-29T12:50:00,Strada Urbana,da specificare,13712,VIA DI TOR BELLA MONACA,,Tamponamento Multiplo,Rettilineo,Due carreggiate,Asciutto,Asfaltata,Verticale ed orizzontale,Sereno,Normale,Sufficiente,3,0,0,3,12.62809,41.876429999999999,True,,,sottovia Torre Angela palo ACEA 07
,5800057,13,2022-01-29T13:00:00,Comunale extraurbana,in corrispondenza,6856,VIA DEL MARE,22.1,Tamponamento Multiplo,Rettilineo,Una carreggiata a doppio senso,Asciutto,Asfaltata,Verticale ed orizzontale,Sereno,Normale,Buona,2,0,0,1,12.463229999999999,41.840260000000001,True,,,
,5800969,18,2022-01-29T13:10:00,Statale entro l'abitato,in corrispondenza,1194,VIA AURELIA,470,Tamponamento,Rettilineo,Una carreggiata a doppio senso,Asciutto,Asfaltata,Verticale ed orizzontale,Sereno,Intenso,Buona,1,0,0,4,12.423640000000001,41.90052,False,,,
,5800922,7,2022-01-29T13:50:00,Strada Urbana,all'intersezione con,2425,VIA DEI CASTANI,,Scontro frontale/laterale DX fra veicoli in marcia,Intersezione stradale segnalata,Due carreggiate,Asciutto,Asfaltata,Verticale ed orizzontale,Sereno,Scarso,Buona,1,0,0,3,12.56683,41.884099999999997,True,3892,VIA DEI FAGGI,
,5799566,17,2022-01-29T14:00:00,Strada Urbana,in prossimità,11122,VIALE VATICANO,104,Veicolo in marcia contro veicolo fermo,Rettilineo,Una carreggiata a doppio senso,Asciutto,Asfaltata,Verticale ed orizzontale,Sereno,Normale,Sufficiente,0,0,0,2,12.45406,41.907220000000002,False,,,
,5801308,16,2022-01-29T14:00:00,Strada Urbana,all'intersezione con,2304,VIA DEL CASALE LUMBROSO,,Scontro frontale fra veicoli in marcia,Incrocio,Una carreggiata a doppio senso,Asciutto,Asfaltata,Orizzontale,Sereno,Normale,Buona,0,0,0,3,12.360110000000001,41.867100000000001,True,8223,VIA PAOLO ORANO,
,5801150,5,2022-01-29T14:30:00,Strada Urbana,all'intersezione con,8768,VIA POGGIO BRACCIOLINI,,Veicolo in marcia contro veicolo fermo,Incrocio,Una carreggiata a doppio senso,Asciutto,Asfaltata,Assente,Sereno,Normale,Buona,0,0,0,2,12.567959999999999,41.945160000000001,True,3571,VIA EMANUELE CIACERI,
,5800269,1,2022-01-29T14:30:00,Strada Urbana,in prossimità,4164,LUNGOTEVERE DEI FIORENTINI,2,Scontro laterale fra veicoli in marcia,Rettilineo,Una carreggiata a senso unico di marcia,Asciutto,Asfaltata,Verticale ed orizzontale,Sereno,Normale,Buona,0,0,0,3,12.46439,41.90025,True,,,
,5799414,6,2022-01-29T14:30:00,Strada Urbana,in corrispondenza,9052,VIALE DELLA PRIMAVERA,323,Scontro laterale fra veicoli in marcia,Curva a visuale libera,Due carreggiate,Asciutto,Asfaltata,Orizzontale,Sereno,Normale,Buona,1,0,0,1,12.558730000000001,41.877650000000003,True,,,
,5801364,4,2022-01-29T14:35:00,Strada Urbana,all'intersezione semaforizzata con,9004,VIA DEI PRATI FISCALI,,Scontro frontale/laterale DX fra veicoli in marcia,Intersezione semaforizzata,Due carreggiate,Asciutto,Asfaltata,Verticale ed orizzontale,Sereno,Normale,Buona,0,0,0,2,12.516450000000001,41.946060000000003,True,2583,VIA CAVRIGLIA,
,5800549,11,2022-01-29T15:05:00,Strada Urbana,all'intersezione con,8570,VIA PIETRO GIORDANI,,Investimento di pedone,Intersezione stradale segnalata,Una carreggiata a senso unico di marcia,Asciutto,Asfaltata,Verticale ed orizzontale,Sereno,Normale,Buona,2,0,0,0,12.47846,41.854939999999999,True,4784,VIA GASPARE GOZZI,
,5801031,7,2022-01-29T15:05:00,Strada Urbana,in corrispondenza,11904,VIALE PALMIRO TOGLIATTI,1206,Tamponamento,Rettilineo,Due carreggiate,Asciutto,Asfaltata,Verticale ed orizzontale,Sereno,Normale,Buona,1,0,0,2,12.575900000000001,41.89893,True,,,
,5800304,8,2022-01-29T15:10:00,Strada Urbana,all'intersezione con,10688,VIA DI TOR VERGATA,,Scontro laterale fra veicoli in marcia,Intersezione semaforizzata,Due carreggiate,Asciutto,Asfaltata,Verticale ed orizzontale,Sereno,Normale,Buona,2,0,0,3,12.622590000000001,41.846769999999999,False,6805,VIA MARCELLO ALESSIO,
,5799558,12,2022-01-29T15:35:00,Strada Urbana,da specificare,8862,VIADOTTO DELLA MAGLIANA,,Scontro laterale fra veicoli in marcia,Curva senza visuale libera,Due carreggiate,Asciutto,Asfaltata,Verticale ed orizzontale,Sereno,Normale,Buona,0,0,0,3,12.46016,41.838450000000002,True,,,"DIREZIONE EUR, PROSSIMITA' V. DEL CAPPELLACCIO"
,5799495,6,2022-01-29T16:00:00,Strada Urbana,in prossimità,7880,VIA OLEVANO ROMANO,15,Scontro laterale fra veicoli in marcia,Rettilineo,Due carreggiate,Asciutto,Asfaltata,Orizzontale,Sereno,Normale,Buona,1,0,0,1,12.554970000000001,41.893799999999999,True,,,
,5800298,20,2022-01-29T16:10:00,Strada Urbana,all'intersezione con,5789,VIA DI GROTTAROSSA,,Tamponamento,Intersezione non regolata/non segnalata,Una carreggiata a doppio senso,Asciutto,Asfaltata,Verticale ed orizzontale,Sereno,Normale,Buona,0,0,0,3,12.444789999999999,41.973880000000001,True,4352,VIA FOSSO DEL FONTANILETTO,
,5800911,19,2022-01-29T16:15:00,Strada Urbana,all'intersezione con,13521,VIA ALESSIO ASCALESI,,Investimento di pedone,Incrocio,Una carreggiata a senso unico di marcia,Asciutto,Asfaltata,Orizzontale,Sereno,Normale,Sufficiente,1,0,0,1,12.414440000000001,41.92013,True,8565,VIA PIETRO GASPARRI,
,5799531,18,2022-01-29T16:20:00,Strada Urbana,in corrispondenza,1194,VIA AURELIA,527,Tamponamento,Rettilineo,Una carreggiata a doppio senso,Asciutto,Asfaltata,Verticale ed orizzontale,Sereno,Normale,Buona,0,0,0,7,12.42121,41.897100000000002,True,,,
,5799894,1,2022-01-29T16:45:00,Strada Urbana,in prossimità,3654,VIALE ENRICO DE NICOLA,20,Investimento di pedone,Rettilineo,Più di due carreggiate,Asciutto,Asfaltata,Verticale ed orizzontale,Sereno,Normale,Buona,2,0,0,0,12.50046,41.903280000000002,True,,,
,5800880,13,2022-01-29T17:15:00,Strada Urbana,in corrispondenza,3849,VIA EURIPIDE,172,Veicolo in marcia contro veicolo in sosta,Rettilineo,Due carreggiate,Asciutto,Asfaltata,Verticale ed orizzontale,Sereno,Normale,Buona,0,0,0,1,12.36031,41.765189999999997,True,,,
,5800245,1,2022-01-29T17:35:00,Strada Urbana,da specificare,10375,LUNGOTEVERE DEI TEBALDI,,Scontro laterale fra veicoli in marcia,Rettilineo,Una carreggiata a senso unico di marcia,Asciutto,Asfaltata,Verticale ed orizzontale,Sereno,Normale,Buona,0,0,0,2,12.46912,41.894410000000001,True,,,palo acea 21
,5800305,8,2022-01-29T17:35:00,Strada Urbana,all'intersezione con,87,VIA ACQUARONI,,Investimento di pedone,Rotatoria,Una carreggiata a doppio senso,Asciutto,Asfaltata,Verticale ed orizzontale,Sereno,Normale,Buona,1,0,0,1,12.644640000000001,41.865479999999998,True,13704,VIALE PAOLO FERDINANDO QUAGLIA,
,5800137,10,2022-01-29T17:40:00,Strada Urbana,da specificare,10827,VIA TUSCOLANA,,Scontro frontale/laterale DX fra veicoli in marcia,Rettilineo,Due carreggiate,Asciutto,Asfaltata,Verticale ed orizzontale,Sereno,Normale,Sufficiente,0,0,0,5,12.563459999999999,41.856279999999998,True,,,"dir. Roma, circa 30 m. prima di via Nobiliore"
,5801533,2,2022-01-29T17:40:00,Strada Urbana,da specificare,1419,VIALE DELLE BELLE ARTI,,Ribaltamento senza urto contro ostacolo fisso,Rettilineo,Una carreggiata a doppio senso,Asciutto,Asfaltata,Verticale ed orizzontale,Sereno,Normale,Buona,0,0,0,1,12.479050000000001,41.918349999999997,True,,,altezza via Omero.
,5799588,6,2022-01-29T17:45:00,Strada Urbana,all'intersezione con,11187,VIA VERRIO FLACCO,,Scontro laterale fra veicoli in marcia,Incrocio,Una carreggiata a doppio senso,Asciutto,Asfaltata,Verticale ed orizzontale,Sereno,Normale,Sufficiente,0,0,0,5,12.54195,41.893009999999997,True,8962,VIA DI PORTONACCIO,
,5800916,15,2022-01-29T17:55:00,Strada Urbana,in corrispondenza,10798,VIA DEL TRULLO,176E,Investimento di pedone,Rettilineo,Due carreggiate,Asciutto,Asfaltata,Orizzontale,Sereno,Normale,Buona,1,0,0,1,12.435510000000001,41.84675,True,,,
,5800117,10,2022-01-29T18:00:00,Strada Urbana,all'intersezione con,1952,VIA DELLE CAPANNELLE,,Scontro frontale/laterale DX fra veicoli in marcia,Incrocio,Una carreggiata a doppio senso,Asciutto,Asfaltata,Verticale ed orizzontale,Sereno,Intenso,Sufficiente,1,0,0,2,12.56593,41.828879999999998,True,1782,VIA DEL CALICE,
,5800151,10,2022-01-29T18:30:00,Strada Urbana,all'intersezione con,883,VIALE APPIO CLAUDIO,,Tamponamento,Incrocio,Una carreggiata a doppio senso,Asciutto,Asfaltata,Orizzontale,Sereno,Scarso,Buona,0,0,0,3,12.555350000000001,41.839329999999997,True,470,VIA AMANTEA,
,5801071,7,2022-01-29T19:15:00,Strada Urbana,all'intersezione con,8738,VIA DEI PLATANI,,Scontro laterale fra veicoli in marcia,Incrocio,Una carreggiata a doppio senso,Asciutto,Asfaltata,Verticale ed orizzontale,Sereno,Normale,Buona,1,0,0,1,12.57136,41.880920000000003,True,7920,VIA DEGLI ONTANI,
,5801072,18,2022-01-29T19:25:00,Strada Urbana,all'intersezione con,10655,VIA DI TORREVECCHIA,,Scontro frontale fra veicoli in marcia,Intersezione stradale segnalata,Una carreggiata a doppio senso,Asciutto,Asfaltata,Verticale ed orizzontale,Sereno,Normale,Sufficiente,0,0,1,2,12.4123,41.923389999999998,False,5376,VIA GIROLAMO GHINUCCI,
,5800906,19,2022-01-29T19:25:00,Strada Urbana,da specificare,1547,VIA DI BOCCEA,,Tamponamento Multiplo,Rettilineo,Una carreggiata a senso unico di marcia,Asciutto,Asfaltata,Assente,Sereno,Normale,Buona,0,0,0,3,12.38078,41.915649999999999,True,,,fronte civ. 561
,5800418,12,2022-01-29T19:36:00,Strada Urbana,in prossimità,10731,VIA DELLE TRE FONTANE,8,Veicolo in marcia contro ostacolo fisso,Rettilineo,Una carreggiata a doppio senso,Asciutto,Asfaltata,Verticale ed orizzontale,Sereno,Normale,Sufficiente,0,0,0,1,12.473100000000001,41.839480000000002,True,,,
,5801177,17,2022-01-29T19:40:00,Strada Urbana,all'intersezione con,556,VIA ANDREA DORIA,,Investimento di pedone,Incrocio,Una carreggiata a doppio senso,Asciutto,Asfaltata,Verticale ed orizzontale,Sereno,Normale,Buona,1,0,0,1,12.452249999999999,41.909770000000002,True,7279,VIA MOCENIGO,
,5800901,19,2022-01-29T19:45:00,Strada Urbana,in prossimità,9895,VIA DI SELVA CANDIDA,356,Investimento di pedone,Rettilineo,Una carreggiata a doppio senso,Asciutto,Asfaltata,Assente,Sereno,Normale,Insufficiente,0,0,0,2,12.37804,41.937399999999997,True,,,
,5800559,10,2022-01-29T20:15:00,Strada Urbana,da specificare,4151,VIA FILOMUSI GUELFI,,Scontro laterale fra veicoli in marcia,Rettilineo,Una carreggiata a doppio senso,Asciutto,Asfaltata,Verticale ed orizzontale,Sereno,Normale,Buona,0,0,0,2,12.57138,41.862639999999999,True,,,fronte al civico 6
,5800162,10,2022-01-29T20:30:00,Strada Urbana,all'intersezione con,878,VIA APPIA NUOVA,,Scontro laterale fra veicoli in marcia,Intersezione semaforizzata,Due carreggiate,Asciutto,Asfaltata,Verticale ed orizzontale,Sereno,Normale,Sufficiente,0,0,0,2,12.561959999999999,41.824559999999998,True,1952,VIA DELLE CAPANNELLE,
,5800312,8,2022-01-29T21:25:00,Strada Urbana,da specificare,11367,VIA VILLETTA BARREA,,Tamponamento,Curva a visuale libera,Una carreggiata a doppio senso,Asciutto,Asfaltata,Verticale ed orizzontale,Sereno,Scarso,Insufficiente,0,0,0,3,12.72264,41.90213,True,,,all'intersezione con VIA POLENSE
,5801511,1,2022-01-29T22:00:00,Strada Urbana,all'intersezione con,7231,VIA MILANO,,Infortunio per sola frenata improvvisa,Incrocio,Una carreggiata a senso unico di marcia,Asciutto,In cubetti di porfido,Verticale,Sereno,Scarso,Sufficiente,1,0,0,2,12.491350000000001,41.897979999999997,True,8121,VIA PALERMO,
,5800317,8,2022-01-29T22:00:00,Strada Urbana,in prossimità,7594,VIA MONTOTTONE,109,Veicolo in marcia contro ostacolo fisso,Rettilineo,Una carreggiata a doppio senso,Asciutto,Asfaltata,Orizzontale,Sereno,Scarso,Buona,0,0,0,0,12.721170000000001,41.923400000000001,True,,,
,5801243,16,2022-01-29T22:15:00,Strada Urbana,all'intersezione con,363,VIA ALESSANDRO POERIO,,Scontro frontale/laterale DX fra veicoli in marcia,Incrocio,Una carreggiata a senso unico di marcia,Asciutto,Asfaltata,Verticale ed orizzontale,Sereno,Scarso,Buona,1,0,0,4,12.463139999999999,41.879330000000003,True,266,VIA ALBERTO MARIO,
,5801022,7,2022-01-29T22:20:00,Strada Urbana,in corrispondenza,11904,VIALE PALMIRO TOGLIATTI,601,Scontro frontale/laterale SX fra veicoli in marcia,Rettilineo,Due carreggiate,Asciutto,Asfaltata,Orizzontale,Sereno,Scarso,Buona,0,0,0,3,12.57194,41.877420000000001,True,,,
,5800923,15,2022-01-29T23:00:00,Strada Urbana,all'intersezione con,8505,LUNGOTEVERE DI PIETRA PAPA,,Scontro frontale/laterale SX fra veicoli in marcia,Incrocio,Una carreggiata a doppio senso,Asciutto,Asfaltata,Verticale ed orizzontale,Sereno,Scarso,Buona,1,0,0,1,12.474309999999999,41.862879999999997,True,8526,VIA PIETRO BLASERNA,
,5802633,17,2022-01-30T00:40:00,Strada Urbana,all'intersezione con,11431,VIA VIRGILIO,,Scontro frontale/laterale DX fra veicoli in marcia,Incrocio,Una carreggiata a senso unico di marcia,Asciutto,Asfaltata,Verticale ed orizzontale,Sereno,Scarso,Buona,1,0,0,4,12.465400000000001,41.907299999999999,True,8746,VIA PLINIO,
,5800197,1,2022-01-30T01:00:00,Strada Urbana,all'intersezione con,11489,CORSO VITTORIO EMANUELE II,,Scontro frontale/laterale SX fra veicoli in marcia,Intersezione non regolata/non segnalata,Due carreggiate,Asciutto,Asfaltata,Orizzontale,Sereno,Scarso,Buona,1,0,0,4,12.471170000000001,41.897239999999996,True,1917,PIAZZA DELLA CANCELLERIA,
,5800081,13,2022-01-30T01:40:00,Strada Urbana,da specificare,2448,VIA DI CASTEL FUSANO,,Scontro frontale/laterale SX fra veicoli in marcia,Rettilineo,Una carreggiata a doppio senso,Asciutto,Asfaltata,Orizzontale,Sereno,Scarso,Buona,0,0,0,2,12.311540000000001,41.746699999999997,True,,,PRESSI ALBERO 7889
,5800169,1,2022-01-30T02:30:00,Strada Urbana,da specificare,1018,LUNGOTEVERE ARNALDO DA BRESCIA,,Veicolo in marcia contro ostacolo fisso,Sottopasso illuminato,Una carreggiata a senso unico di marcia,Asciutto,Asfaltata,Verticale ed orizzontale,Sereno,Scarso,Buona,0,0,0,1,12.472630000000001,41.912260000000003,True,,,SOTTOPASSO PROSS. VIA DELLA PENNA
,5801353,4,2022-01-30T02:30:00,Strada Urbana,in corrispondenza,7365,VIA MONTE BIANCO,128,Veicolo in marcia contro veicolo in sosta,Rettilineo,Una carreggiata a doppio senso,Asciutto,Asfaltata,Verticale ed orizzontale,Sereno,Scarso,Sufficiente,0,0,0,0,12.529450000000001,41945,True,,,
,5801404,17,2022-01-30T02:30:00,Strada Urbana,in prossimità,6993,VIA MARMORATA,133,Veicolo in marcia contro ostacolo fisso,Rettilineo,Più di due carreggiate,Asciutto,Asfaltata,Verticale ed orizzontale,Sereno,Scarso,Sufficiente,2,0,0,1,12.477270000000001,41.880980000000001,True,,,
,5800170,10,2022-01-30T02:30:00,Strada Urbana,da specificare,10827,VIA TUSCOLANA,,Veicolo in marcia contro ostacolo fisso,Rettilineo,Due carreggiate,Asciutto,Asfaltata,Verticale ed orizzontale,Sereno,Scarso,Buona,0,0,0,1,12.576140000000001,41.847830000000002,True,,,DIR. GRA PALO ACEA 751 50 mt dopo Via delle Capann
,5801413,4,2022-01-30T02:45:00,Strada Urbana,all'intersezione semaforizzata con,7153,PIAZZA MENENIO AGRIPPA,,Scontro frontale/laterale DX fra veicoli in marcia,Intersezione semaforizzata,Una carreggiata a senso unico di marcia,Asciutto,Asfaltata,Verticale ed orizzontale,Sereno,Scarso,Sufficiente,1,0,0,2,12.57368,41.959049999999998,True,2806,VIA CIMONE,
,5801605,17,2022-01-30T04:00:00,Strada Urbana,in prossimità,1547,VIA DI BOCCEA,420,Veicolo in marcia contro ostacolo fisso,Rettilineo,Due carreggiate,Asciutto,Asfaltata,Verticale ed orizzontale,Sereno,Scarso,Buona,0,0,0,3,12.40879,41.905549999999998,False,,,
,5801151,2,2022-01-30T04:00:00,Strada Urbana,da specificare,4295,VIA DEL FORO ITALICO,,Tamponamento,Rettilineo,Due carreggiate,Asciutto,Asfaltata,Verticale ed orizzontale,Sereno,Scarso,Buona,3,0,0,2,12.481339999999999,41.940219999999997,True,,,dir. San Giovanni fronte distributore IP cv 633
,5800235,9,2022-01-30T04:10:00,Strada Urbana,all'intersezione con,4082,VIALE FILARETE,,Veicolo in marcia contro veicoli in sosta,Incrocio,Due carreggiate,Asciutto,Asfaltata,Verticale ed orizzontale,Sereno,Scarso,Sufficiente,0,0,0,0,12.538360000000001,41.88015,True,4523,VIA FRANCESCO PACIOTTI,
,5800952,6,2022-01-30T06:00:00,Strada Urbana,in corrispondenza,6203,VIA LEONARDO BUFALINI,46,Veicolo in marcia contro veicoli in sosta,Rettilineo,Due carreggiate,Asciutto,Asfaltata,Orizzontale,Nuvoloso,Scarso,Sufficiente,0,0,0,1,12.538970000000001,41.882869999999997,True,,,
,5800883,13,2022-01-30T08:20:00,Strada Urbana,all'intersezione con,4020,VIA FERDINANDO ACTON,,Scontro laterale fra veicoli in marcia,Incrocio,Una carreggiata a senso unico di marcia,Asciutto,Asfaltata,Verticale ed orizzontale,Sereno,Scarso,Buona,1,0,0,1,12.2919,41.73151,True,2000,VIA CAPO PORO,
,5800978,6,2022-01-30T09:10:00,Statale entro l'abitato,all'intersezione semaforizzata con,9040,VIA PRENESTINA,,Scontro frontale/laterale SX fra veicoli in marcia,Intersezione semaforizzata,Più di due carreggiate,Asciutto,Asfaltata,Verticale ed orizzontale,Sereno,Normale,Buona,1,0,0,5,12.546860000000001,41.893380000000001,True,10226,VIALE DELLA STAZIONE PRENESTINA,
,5804869,3,2022-01-30T09:20:00,Strada Urbana,da specificare,11161,VIALE VENTUNO APRILE,,Infortunio per caduta del veicolo,Rettilineo,Una carreggiata a doppio senso,Asciutto,Asfaltata,Verticale ed orizzontale,Nuvoloso,Scarso,Buona,0,0,0,1,12.520009999999999,41.917650000000002,True,,,in prossimità di Via Venuti
,5800485,8,2022-01-30T09:20:00,Strada Urbana,in prossimità,10637,VIA DI TORRENOVA,43,Scontro laterale fra veicoli in marcia,Rettilineo,Una carreggiata a doppio senso,Asciutto,Asfaltata,Orizzontale,Sereno,Scarso,Buona,0,0,0,2,12.617789999999999,41.866430000000001,True,,,
,5800262,9,2022-01-30T09:50:00,Strada Urbana,in corrispondenza,878,VIA APPIA NUOVA,264,Scontro frontale/laterale DX fra veicoli in marcia,Rettilineo,Due carreggiate,Asciutto,Asfaltata,Verticale ed orizzontale,Sereno,Scarso,Buona,0,0,0,2,12.51671,41.879399999999997,True,,,
,5800896,19,2022-01-30T10:05:00,Strada Urbana,in prossimità,11110,VIA VARZI,9,Scontro laterale fra veicoli in marcia,Rettilineo,Una carreggiata a doppio senso,Bagnato (pioggia),Asfaltata,Assente,Nuvoloso,Scarso,Buona,0,0,0,2,12.388389999999999,41.943269999999998,True,,,
,5800578,10,2022-01-30T10:20:00,Strada Urbana,in corrispondenza,10827,VIA TUSCOLANA,953,Veicolo in marcia contro veicoli in sosta,Rettilineo,Due carreggiate,Asciutto,Asfaltata,Verticale ed orizzontale,Sereno,Normale,Buona,0,0,0,3,12.564679999999999,41.855600000000003,True,,,
,5801083,7,2022-01-30T11:00:00,Strada Urbana,in corrispondenza,3647,PIAZZA ENRICO COLEMAN,5,Tamponamento,Rotatoria,Una carreggiata a senso unico di marcia,Asciutto,Asfaltata,Verticale ed orizzontale,Sereno,Scarso,Buona,0,0,0,3,12.59089,41.905200000000001,True,,,
,5800564,11,2022-01-30T11:03:00,Strada Urbana,in corrispondenza,10595,VIALE DI TOR MARANCIA,52,Scontro laterale fra veicoli in marcia,Rettilineo,Due carreggiate,Asciutto,Asfaltata,Verticale ed orizzontale,Nuvoloso,Normale,Buona,0,0,0,3,12.4976,41.853290000000001,True,,,
,5801388,2,2022-01-30T12:00:00,Strada Urbana,all'intersezione con,1018,LUNGOTEVERE ARNALDO DA BRESCIA,,Tamponamento,Intersezione semaforizzata,Due carreggiate,Asciutto,Asfaltata,Verticale ed orizzontale,Sereno,Normale,Buona,0,0,0,5,12.472630000000001,41.912280000000003,True,9830,VIA DEGLI SCIALOJA,
,5801161,18,2022-01-30T12:15:00,Strada Urbana,all'intersezione con,10643,VIA DI TORRE ROSSA,,Scontro frontale/laterale DX fra veicoli in marcia,Intersezione stradale segnalata,Una carreggiata a doppio senso,Asciutto,Asfaltata,Verticale ed orizzontale,Nuvoloso,Normale,Buona,0,0,0,4,12.42797,41.893079999999998,True,1195,VIA AURELIA ANTICA,
,5800983,4,2022-01-30T12:15:00,Strada Urbana,in corrispondenza,6067,PIAZZALE JONIO,50,Scontro laterale fra veicoli in marcia,Rettilineo,Due carreggiate,Asciutto,Asfaltata,Orizzontale,Sereno,Normale,Buona,1,0,0,3,12.52614,41.946390000000001,True,,,
,5800429,12,2022-01-30T12:40:00,Statale,in prossimità,3216,VIA CRISTOFORO COLOMBO,14.8,Tamponamento,Rettilineo,Più di due carreggiate,Asciutto,Asfaltata,Verticale ed orizzontale,Sereno,Normale,Buona,0,1,0,1,12.41151,41.785829999999997,True,,,
,5804769,3,2022-01-30T13:10:00,Strada Urbana,da specificare,3226,PIAZZA DELLE CROCIATE,,Scontro laterale fra veicoli in marcia,Rettilineo,Una carreggiata a senso unico di marcia,Asciutto,Asfaltata,Verticale ed orizzontale,Sereno,Normale,Buona,0,0,0,4,12.52638,41.908610000000003,True,,,fronte pietro  l'eremita
,5800495,12,2022-01-30T13:40:00,Strada Urbana,in prossimità,9367,VIA DEL RISARO,259,Veicolo in marcia contro ostacolo accidentale,Rettilineo,Una carreggiata a doppio senso,Asciutto,Asfaltata,Verticale,Sereno,Scarso,Buona,0,0,0,1,12.429539999999999,41.775260000000003,True,,,
,5801385,2,2022-01-30T14:10:00,Strada Urbana,all'intersezione con,7605,VIA MORICONE,,Scontro frontale/laterale SX fra veicoli in marcia,Incrocio,Due carreggiate,Asciutto,Asfaltata,Verticale ed orizzontale,Sereno,Scarso,Buona,0,0,0,5,12.51385,41.93318,True,11300,VIA DI VILLA CHIGI,
,5800569,11,2022-01-30T14:15:00,Strada Urbana,all'intersezione semaforizzata con,3216,VIA CRISTOFORO COLOMBO,,Scontro laterale fra veicoli in marcia,Intersezione semaforizzata,Più di due carreggiate,Asciutto,Asfaltata,Verticale ed orizzontale,Nuvoloso,Normale,Buona,0,0,0,2,12.49616,41.867289999999997,True,12303,LARGO ANGELO FOCHETTI,
,5800885,11,2022-01-30T14:30:00,Strada Urbana,in corrispondenza,8957,VIA DEL PORTO FLUVIALE,67 b,Scontro laterale fra veicoli in marcia,Rettilineo,Una carreggiata a doppio senso,Asciutto,Asfaltata,Verticale ed orizzontale,Sereno,Normale,Buona,0,0,0,4,12.47589,41.872230000000002,True,,,
,5800965,1,2022-01-30T14:30:00,Strada Urbana,in prossimità,8176,VIA PANISPERNA,31,Scontro laterale fra veicoli in marcia,Pendenza,Una carreggiata a senso unico di marcia,Asciutto,In cubetti di porfido,Verticale ed orizzontale,Sereno,Scarso,Buona,0,0,0,2,12.489850000000001,41.896239999999999,False,,,
,5800963,6,2022-01-30T15:00:00,Strada Urbana,all'intersezione con,7880,VIA OLEVANO ROMANO,,Scontro frontale/laterale SX fra veicoli in marcia,Incrocio,Due carreggiate,Asciutto,Asfaltata,Verticale ed orizzontale,Sereno,Scarso,Buona,0,0,0,3,12.55531,41.89273,True,226,VIA ALATRI,
,5801003,1,2022-01-30T15:15:00,Strada Urbana,da specificare,8925,PIAZZA DI PORTA MAGGIORE,,Tamponamento,Rettilineo,Una carreggiata a senso unico di marcia,Asciutto,Asfaltata,Orizzontale,Sereno,Normale,Buona,0,0,0,2,12.51451,41.891249999999999,True,,,altezza VIA GIOLITTI
,5800521,9,2022-01-30T15:55:00,,all'intersezione con,2684,PIAZZA CESARE CANTU',,Scontro frontale/laterale DX fra veicoli in marcia,,,,,,,,,0,0,0,5,,,False,878,VIA APPIA NUOVA,
,5801225,1,2022-01-30T16:00:00,Strada Urbana,da specificare,10714,VIALE DI TRASTEVERE,,Scontro laterale fra veicoli in marcia,Rettilineo,Più di due carreggiate,Asciutto,Asfaltata,Verticale ed orizzontale,Sereno,Normale,Buona,0,0,0,3,12.473509999999999,41.888100000000001,True,,,altezza PIAZZA S. SONNINO
,5801043,18,2022-01-30T16:15:00,Strada Urbana,in corrispondenza,1547,VIA DI BOCCEA,243,Scontro frontale/laterale SX fra veicoli in marcia,Rettilineo,Una carreggiata a doppio senso,Asciutto,Asfaltata,Verticale ed orizzontale,Sereno,Normale,Buona,1,0,0,3,12.419700000000001,41.903390000000002,True,,,
,5800882,12,2022-01-30T17:15:00,Regionale,da specificare,2000515,VIA PONTINA NUOVA,,Tamponamento Multiplo,Rettilineo,Più di due carreggiate,Asciutto,Asfaltata,Verticale ed orizzontale,Sereno,Intenso,Buona,2,0,0,7,12.451230000000001,41.792369999999998,True,,,km 23.550 direzione Roma
,5800601,12,2022-01-30T17:20:00,Statale,in corrispondenza,8887,VIA PONTINA,21.7,Tamponamento Multiplo,Rettilineo,Una carreggiata a doppio senso,Asciutto,Asfaltata,Verticale ed orizzontale,Sereno,Intenso,Buona,0,0,0,7,12.43253,41.731969999999997,True,,,
,5801046,1,2022-01-30T17:30:00,Strada Urbana,da specificare,11149,PIAZZA VENEZIA,,Veicolo in marcia contro veicolo in sosta,Rotatoria,Una carreggiata a senso unico di marcia,Asciutto,In cubetti di porfido,Orizzontale,Sereno,Normale,Sufficiente,0,0,0,1,12.482559999999999,41.895600000000002,True,,,altezza ALTARE DELLA PATRIA
,5801123,7,2022-01-30T17:45:00,Strada Urbana,in corrispondenza,318,VIALE ALESSANDRINO,284,Scontro frontale/laterale DX fra veicoli in marcia,Rettilineo,Una carreggiata a doppio senso,Asciutto,Asfaltata,Verticale ed orizzontale,Sereno,Normale,Buona,0,0,0,7,12.57948,41.875360000000001,True,,,
,5801002,6,2022-01-30T17:50:00,Strada Urbana,da specificare,2403,VIA CASILINA,,Scontro frontale/laterale SX fra veicoli in marcia,Rettilineo,Due carreggiate,Asciutto,Asfaltata,Verticale ed orizzontale,Sereno,Normale,Buona,0,0,0,3,12.55111,41.877369999999999,True,,,fronte VIA ORAZIO PIEROZZI
,5801525,4,2022-01-30T18:00:00,Provinciale,da specificare,7816,VIA NOMENTANA,,Ribaltamento senza urto contro ostacolo fisso,Rettilineo,Una carreggiata a doppio senso,Asciutto,Asfaltata,Verticale ed orizzontale,Sereno,Normale,Buona,0,0,0,1,12.57368,41.959049999999998,True,,,"prossimità ingresso ""Parco Azzurro"""
,5800917,9,2022-01-30T18:10:00,Strada Urbana,in corrispondenza,878,VIA APPIA NUOVA,585a,Scontro laterale fra veicoli in marcia,Rettilineo,Due carreggiate,Asciutto,Asfaltata,Verticale ed orizzontale,Sereno,Normale,Sufficiente,0,0,0,5,12.530110000000001,41.868850000000002,True,,,
,5801098,1,2022-01-30T18:30:00,Strada Urbana,all'intersezione con,11490,PIAZZA VITTORIO EMANUELE II,,Tamponamento,Intersezione stradale segnalata,Una carreggiata a senso unico di marcia,Asciutto,Asfaltata,Verticale ed orizzontale,Sereno,Scarso,Buona,1,0,0,3,12.50436,41.895479999999999,True,6740,VIA MAMIANI,
,5802472,6,2022-01-30T19:20:00,Strada Urbana,da specificare,730,VIA ANTONIO BECCADELLI,,Investimento di pedone,Rettilineo,Una carreggiata a senso unico di marcia,Asciutto,Asfaltata,Assente,Sereno,Scarso,Insufficiente,1,0,0,1,12.546010000000001,41.873359999999998,True,,,prossimità intersezione Via G. Manfroni
,5801163,1,2022-01-30T19:40:00,Strada Urbana,all'intersezione con,10463,LUNGOTEVERE TESTACCIO,,Scontro frontale/laterale SX fra veicoli in marcia,Intersezione stradale segnalata,Una carreggiata a senso unico alternato,Asciutto,Asfaltata,Verticale ed orizzontale,Sereno,Scarso,Sufficiente,1,0,0,1,12.474460000000001,41.88194,True,9499,VIA ROMOLO GESSI,
,5801030,18,2022-01-30T20:50:00,Strada Urbana,all'intersezione con,4304,VIA DEL FORTE BRASCHI,,Scontro laterale fra veicoli in marcia,Intersezione non regolata/non segnalata,Una carreggiata a doppio senso,Asciutto,Asfaltata,Orizzontale,Sereno,Scarso,Sufficiente,0,0,0,2,12.41987,41.91339,True,2061,VIA CARDINALE GARAMPI,
,5800892,10,2022-01-30T20:50:00,Strada Urbana,in prossimità,10827,VIA TUSCOLANA,979,Scontro frontale/laterale SX fra veicoli in marcia,Rettilineo,Due carreggiate,Asciutto,Asfaltata,Verticale ed orizzontale,Sereno,Normale,Buona,0,0,0,2,12.56592,41.855060000000002,True,,,
,5801346,16,2022-01-30T21:20:00,Strada Urbana,all'intersezione con,10714,VIALE DI TRASTEVERE,,Scontro frontale/laterale SX fra veicoli in marcia,Intersezione semaforizzata,Più di due carreggiate,Asciutto,Asfaltata,Verticale ed orizzontale,Sereno,Normale,Buona,2,0,0,2,12.467930000000001,41.881709999999998,True,1477,LARGO BERNARDINO DA FELTRE,
,5801172,7,2022-01-30T21:20:00,Strada Urbana,in corrispondenza,11904,VIALE PALMIRO TOGLIATTI,724,Tamponamento,Curva a visuale libera,Una carreggiata a senso unico di marcia,Asciutto,Asfaltata,Verticale ed orizzontale,Sereno,Scarso,Buona,1,0,0,1,12.57335,41.882040000000003,True,,,
,5801382,2,2022-01-30T21:30:00,Strada Urbana,all'intersezione con,7370,VIA MONTEBUONO,,Scontro frontale/laterale SX fra veicoli in marcia,Incrocio,Una carreggiata a senso unico di marcia,Asciutto,Asfaltata,Verticale ed orizzontale,Sereno,Scarso,Sufficiente,0,0,0,3,12.51309,41.934010000000001,True,10282,VIA STIMIGLIANO,
,5801028,6,2022-01-30T22:00:00,Strada Urbana,all'intersezione semaforizzata con,2403,VIA CASILINA,,Scontro frontale/laterale SX fra veicoli in marcia,Intersezione semaforizzata,Una carreggiata a senso unico di marcia,Asciutto,Asfaltata,Verticale ed orizzontale,Sereno,Scarso,Sufficiente,1,0,0,2,12.542540000000001,41.880299999999998,True,7005,PIAZZA DELLA MARRANELLA,
,5801417,4,2022-01-30T22:00:00,Strada Urbana,da specificare,2000691,VIA FORNACE VIGNOLO,,Scontro frontale/laterale SX fra veicoli in marcia,Curva senza visuale libera,Una carreggiata a doppio senso,Bagnato (umidità in atto),Asfaltata,Verticale,Pioggia in atto,Scarso,Insufficiente,0,0,0,1,12.4991,41.989220000000003,False,,,direzione Labaro
,5800934,12,2022-01-30T22:10:00,Strada Urbana,all'intersezione con,3309,VIA DI DECIMA,,Tamponamento Multiplo,Intersezione stradale segnalata,Due carreggiate,Asciutto,Asfaltata,Verticale,Sereno,Scarso,Buona,0,0,0,4,12.454000000000001,41.807760000000002,True,75,VIA DI ACQUA ACETOSA OSTIENSE,
,5801375,2,2022-01-30T23:23:00,Strada Urbana,all'intersezione con,1037,VIALE ARRIGO BOITO,,Scontro frontale/laterale SX fra veicoli in marcia,Incrocio,Una carreggiata a senso unico alternato,Asciutto,Asfaltata,Verticale ed orizzontale,Sereno,Scarso,Buona,0,0,0,2,12.51604,41.936929999999997,True,4123,VIA FILIPPO MARCHETTI,
,5801596,4,2022-01-31T00:40:00,Strada Urbana,all'intersezione con,13698,VIALE LINA CAVALIERI,,Scontro frontale/laterale SX fra veicoli in marcia,Incrocio,Una carreggiata a doppio senso,Bagnato (umidità in atto),Asfaltata,Verticale ed orizzontale,Sereno,Scarso,Buona,2,0,0,2,12.515790000000001,41.965130000000002,True,8446,VIA PIAN DI SCO,
,5801293,7,2022-01-31T01:30:00,Strada Urbana,all'intersezione semaforizzata con,9040,VIA PRENESTINA,,Scontro frontale/laterale DX fra veicoli in marcia,Incrocio,Due carreggiate,Asciutto,Asfaltata,Verticale ed orizzontale,Sereno,Scarso,Sufficiente,4,0,0,0,12.559189999999999,41.894889999999997,True,10680,VIA TOR DE' SCHIAVI,
,5800957,2,2022-01-31T03:25:00,Strada Urbana,da specificare,4186,LUNGOTEVERE FLAMINIO,,Veicolo in marcia contro veicoli in sosta,Curva a visuale libera,Una carreggiata a doppio senso,Asciutto,Asfaltata,Verticale ed orizzontale,Sereno,Scarso,Buona,0,0,0,2,12.46607,41.923760000000001,True,,,in prossimità di Via Vespignani
,5801257,1,2022-01-31T05:00:00,Strada Urbana,all'intersezione semaforizzata con,647,LUNGOTEVERE DEGLI ANGUILLARA,,Veicolo in marcia contro veicolo in sosta,Intersezione semaforizzata,Una carreggiata a senso unico di marcia,Asciutto,Asfaltata,Verticale ed orizzontale,Sereno,Scarso,Buona,0,0,0,1,12.474489999999999,41.890320000000003,True,5548,PIAZZA GIUSEPPE GIOACHINO BELLI,
,5801209,1,2022-01-31T05:20:00,Strada Urbana,in prossimità,480,VIA DELL'AMBA ARADAM,8,Scontro laterale fra veicoli in marcia,Rettilineo,Una carreggiata a doppio senso,Asciutto,Asfaltata,Verticale ed orizzontale,Sereno,Scarso,Buona,0,0,0,2,12.502879999999999,41.885539999999999,True,,,
,5802402,19,2022-01-31T05:30:00,Strada Urbana,in corrispondenza,4580,CORSO DI FRANCIA,129,Tamponamento,Curva a visuale libera,Una carreggiata a senso unico di marcia,Asciutto,Asfaltata,Verticale ed orizzontale,Sereno,Scarso,Buona,1,0,0,1,12.470420000000001,41.941969999999998,True,,,
,5802425,19,2022-01-31T06:00:00,Strada Urbana,in prossimità,3348,VIA DIANO MARINA,46,Veicolo in marcia contro veicoli in sosta,Rettilineo,Una carreggiata a senso unico di marcia,Asciutto,Asfaltata,Assente,Sereno,Normale,Sufficiente,0,0,0,0,12.419129999999999,41.92906,True,,,
,5802537,5,2022-01-31T06:55:00,Strada Urbana,in corrispondenza,10478,VIA TIBURTINA,633,Tamponamento,Rettilineo,Due carreggiate,Asciutto,Asfaltata,Verticale ed orizzontale,Sereno,Normale,Buona,1,0,0,1,12.54673,41.909469999999999,True,,,
,5800979,11,2022-01-31T06:55:00,Strada Urbana,in prossimità,10236,VIA DELLA STAZIONE DI TORRICOLA,19,Veicolo in marcia contro ostacolo accidentale,Rettilineo,Una carreggiata a doppio senso,Asciutto,Asfaltata,Assente,Nuvoloso,Normale,Insufficiente,0,0,0,1,12.553599999999999,41.811680000000003,True,,,
,5800951,6,2022-01-31T07:15:00,Strada Urbana,all'intersezione semaforizzata con,585,VIA DEGLI ANGELI,,Scontro frontale/laterale DX fra veicoli in marcia,Intersezione semaforizzata,Una carreggiata a doppio senso,Asciutto,Asfaltata,Verticale ed orizzontale,Nuvoloso,Intenso,Buona,0,0,0,3,12.54608,41.872549999999997,True,9152,VIA DEI QUINTILI,
,5802485,7,2022-01-31T07:40:00,Strada Urbana,all'intersezione con,8141,VIA DELLE PALME,,Scontro frontale/laterale SX fra veicoli in marcia,Intersezione stradale segnalata,Una carreggiata a doppio senso,Asciutto,Asfaltata,Verticale ed orizzontale,Sereno,Normale,Buona,0,0,0,2,12.566929999999999,41.889690000000002,True,2784,VIA DEI CICLAMINI,
,5802097,8,2022-01-31T07:55:00,Strada Urbana,all'intersezione con,2403,VIA CASILINA,,Scontro frontale/laterale DX fra veicoli in marcia,Intersezione stradale segnalata,Due carreggiate,Bagnato (umidità in atto),Asfaltata,Verticale ed orizzontale,Nuvoloso,Normale,Buona,0,0,0,2,12.607849999999999,41.863970000000002,True,2200,VIA CARLO SANTARELLI,
,5802407,4,2022-01-31T08:15:00,Strada Urbana,all'intersezione con,14233,PIAZZALE ENNIO FLAIANO,,Scontro laterale fra veicoli in marcia,Incrocio,Una carreggiata a senso unico di marcia,Asciutto,Asfaltata,Assente,Nuvoloso,Scarso,Buona,1,0,0,3,12.53891,41.961559999999999,True,14254,VIA MARIO CASERINI,
,5802417,20,2022-01-31T08:20:00,Strada Urbana,in prossimità,4580,CORSO DI FRANCIA,211,Scontro laterale fra veicoli in marcia,Rettilineo,Più di due carreggiate,Asciutto,Asfaltata,Verticale ed orizzontale,Sereno,Normale,Buona,0,0,0,2,12.46899,41.94455,True,,,
,5801162,11,2022-01-31T08:35:00,Strada Urbana,all'intersezione con,8416,VIA DI S. PETRONILLA,,Scontro frontale/laterale DX fra veicoli in marcia,Intersezione stradale segnalata,Una carreggiata a doppio senso,Asciutto,Asfaltata,Verticale ed orizzontale,Nuvoloso,Scarso,Buona,2,0,0,0,12.499879999999999,41.857700000000001,True,4193,VIA FLAVIA TIZIANA,
,5802300,11,2022-01-31T08:45:00,Strada Urbana,all'intersezione con,4901,VIA GIACOMO BOVE,,Scontro laterale fra veicoli in marcia,Intersezione stradale segnalata,Una carreggiata a senso unico di marcia,Asciutto,Asfaltata,Verticale ed orizzontale,Sereno,Normale,Buona,0,0,0,2,12.4815,41.871209999999998,True,8357,VIA PELLEGRINO MATTEUCCI,
,5802100,8,2022-01-31T08:50:00,Strada Urbana,da specificare,13705,VIALE PIETRO ANDERLONI,,Tamponamento Multiplo,Rettilineo,Una carreggiata a senso unico di marcia,Asciutto,Asfaltata,Verticale ed orizzontale,Nuvoloso,Normale,Buona,1,0,0,1,12.629799999999999,41.874679999999998,True,,,pross. Via di Tor Bella Monaca direz. G.R.A.
,5801448,1,2022-01-31T09:30:00,Strada Urbana,all'intersezione con,6355,VIA LOMBARDIA,,Scontro frontale/laterale SX fra veicoli in marcia,Incrocio,Una carreggiata a senso unico di marcia,Asciutto,Asfaltata,Assente,Nuvoloso,Scarso,Buona,0,0,0,2,,,False,1209,VIA AURORA,
,5803136,17,2022-01-31T09:30:00,Strada Urbana,in prossimità,2915,CIRCONVALLAZIONE CLODIA,74C,Scontro frontale/laterale DX fra veicoli in marcia,Rettilineo,Due carreggiate,Asciutto,Asfaltata,Verticale ed orizzontale,Nuvoloso,Scarso,Buona,0,0,0,2,12.4572,41.919490000000003,False,,,
,5801406,12,2022-01-31T09:30:00,Strada Urbana,in corrispondenza,7858,VIALE DELL'OCEANO ATLANTICO,263,Tamponamento,Rettilineo,Due carreggiate,Asciutto,Asfaltata,Verticale ed orizzontale,Nuvoloso,Normale,Buona,1,0,0,2,12.46481,41.818539999999999,True,,,
,5801457,18,2022-01-31T09:40:00,Strada Urbana,all'intersezione con,529,VIA ANASTASIO II,,Scontro frontale/laterale DX fra veicoli in marcia,Intersezione non regolata/non segnalata,Più di due carreggiate,Asciutto,Asfaltata,Orizzontale,Nuvoloso,Normale,Buona,0,0,0,2,12.442489999999999,41.899889999999999,True,198,VIA AGOSTINO RICHELMY,
,5802423,10,2022-01-31T09:50:00,Strada Urbana,in corrispondenza,6239,VIA LEOPOLDO MICUCCI,19,Veicolo in marcia contro veicoli in sosta,Rettilineo,Una carreggiata a doppio senso,Asciutto,Asfaltata,Assente,Nuvoloso,Normale,Buona,0,0,0,2,12.5943,41.839300000000001,True,,,
,5802576,5,2022-01-31T10:20:00,Strada Urbana,da specificare,7585,VIA DEI MONTI TIBURTINI,,Scontro laterale fra veicoli in marcia,Rettilineo,Più di due carreggiate,Asciutto,Asfaltata,Orizzontale,Sereno,Normale,Buona,0,0,0,2,12.53124,41.920610000000003,True,,,DIR. VIA TIBURTINA ALT. VIA MONTI DI PIETRALATA
,5802555,5,2022-01-31T10:25:00,Strada Urbana,da specificare,2000847,NUOVA CIRCONVALLAZIONE INTERNA,,Tamponamento Multiplo,Galleria illuminata,Due carreggiate,Asciutto,Asfaltata,Orizzontale,Sereno,Normale,Buona,1,0,0,2,12.527620000000001,41.925719999999998,True,,,dir. S.Giovanni prossimità Batteria Nomentana
,5801679,18,2022-01-31T10:50:00,Strada Urbana,da specificare,16022,VIA PIEDICAVALLO,,Scontro laterale fra veicoli in marcia,Rettilineo,Una carreggiata a doppio senso,Bagnato (umidità in atto),Asfaltata,Verticale ed orizzontale,Nuvoloso,Scarso,Buona,0,0,0,2,12.359870000000001,41.92445,True,,,FRONTE CIVICO 22
,5801428,9,2022-01-31T10:50:00,Strada Urbana,in prossimità,2240,VIA CARROCETO,94,Veicolo in marcia contro veicolo in sosta,Rettilineo,Una carreggiata a senso unico di marcia,Asciutto,Asfaltata,Assente,Nuvoloso,Scarso,Buona,0,0,0,1,12.537229999999999,41.866639999999997,True,,,
,5804707,3,2022-01-31T10:55:00,Strada Urbana,in prossimità,9806,VIALE DELLO SCALO S. LORENZO,43,Veicolo in marcia contro ostacolo fisso,Rettilineo,Una carreggiata a doppio senso,Asciutto,Asfaltata,Verticale ed orizzontale,Nuvoloso,Normale,Buona,0,0,0,1,12.517250000000001,41.894860000000001,True,,,
,5802764,17,2022-01-31T11:00:00,Strada Urbana,da specificare,6273,PIAZZA DELLA LIBERTA',,Scontro frontale/laterale SX fra veicoli in marcia,Rettilineo,Una carreggiata a doppio senso,Asciutto,Asfaltata,Verticale ed orizzontale,Nuvoloso,Normale,Buona,1,0,0,1,12.471579999999999,41.909520000000001,True,,,in prossimità di PONTE REGINA MARGHERITA
,5802103,8,2022-01-31T11:05:00,Strada Urbana,da specificare,9040,VIA PRENESTINA,,Scontro frontale/laterale DX fra veicoli in marcia,Rettilineo,Più di due carreggiate,Asciutto,Asfaltata,Verticale ed orizzontale,Nuvoloso,Normale,Buona,0,0,0,2,12.53603,41.892299999999999,True,,,prossimità Via E. Gattamelata
,5802915,17,2022-01-31T11:15:00,Strada Urbana,all'intersezione con,6789,VIA MARCANTONIO COLONNA,,Scontro frontale/laterale DX fra veicoli in marcia,Intersezione stradale segnalata,Una carreggiata a doppio senso,Asciutto,Asfaltata,Verticale ed orizzontale,Nuvoloso,Normale,Buona,0,0,0,3,12.468109999999999,41.910269999999997,True,8829,VIA POMPEO MAGNO,
,5802104,8,2022-01-31T11:30:00,Strada Urbana,all'intersezione con,13690,VIA GIOVAN BATTISTA GALESTRUZZI,,Scontro laterale fra veicoli in marcia,Intersezione stradale segnalata,Una carreggiata a senso unico di marcia,Asciutto,Asfaltata,Verticale ed orizzontale,Nuvoloso,Scarso,Buona,1,0,0,1,12.62663,41.880330000000001,True,13664,VIA DELL'ARCHEOLOGIA,
,5801415,6,2022-01-31T11:35:00,Provinciale entro l'abitato,da specificare,9040,VIA PRENESTINA,,Scontro laterale fra veicoli in marcia,Rettilineo,Più di due carreggiate,Bagnato (pioggia),Asfaltata,Orizzontale,Nuvoloso,Normale,Buona,1,0,0,1,12.556699999999999,41.894590000000001,True,,,alt. V. ROVIGNO D'ISTRIA
,5801604,9,2022-01-31T11:50:00,Strada Urbana,in prossimità,860,VIA AOSTA,24,Infortunio per sola frenata improvvisa,Rettilineo,Una carreggiata a doppio senso,Asciutto,Asfaltata,Verticale ed orizzontale,Nuvoloso,Normale,Buona,1,0,0,0,12.514609999999999,41.882779999999997,True,,,
,5802127,9,2022-01-31T12:30:00,Strada Urbana,all'intersezione con,11546,PIAZZA ZAMA,,Scontro frontale/laterale DX fra veicoli in marcia,Intersezione stradale segnalata,Una carreggiata a senso unico di marcia,Asciutto,Asfaltata,Verticale ed orizzontale,Nuvoloso,Normale,Buona,0,0,0,2,12.509819999999999,41.876440000000002,True,3039,VIA CONCORDIA,
,5802133,9,2022-01-31T13:15:00,Strada Urbana,da specificare,878,VIA APPIA NUOVA,,Veicolo in marcia contro veicolo arresto,Rettilineo,Due carreggiate,Asciutto,Asfaltata,Verticale ed orizzontale,Nuvoloso,Normale,Buona,0,0,0,1,12.56047,41.82573,True,,,fronte via dell'Arco di Travertino
,5806139,18,2022-01-31T13:35:00,Strada Urbana,all'intersezione semaforizzata con,8296,VIA PASQUALE II,,Scontro laterale fra veicoli in marcia,Incrocio,Una carreggiata a doppio senso,Asciutto,Asfaltata,Verticale ed orizzontale,Sereno,Normale,Buona,0,0,0,2,12.40977,41.910440000000001,True,1547,VIA DI BOCCEA,
,5801719,1,2022-01-31T13:40:00,Strada Urbana,in prossimità,5756,VIA DELLA GRECA,1,Infortunio per sola frenata improvvisa,Rettilineo,Due carreggiate,Bagnato (pioggia),Asfaltata,Verticale ed orizzontale,Pioggia in atto,Normale,Buona,1,0,0,0,,,False,,,
,5802351,15,2022-01-31T14:05:00,Strada Urbana,all'intersezione con,3798,VIA ETTORE PALADINI,,Scontro frontale/laterale SX fra veicoli in marcia,Intersezione stradale segnalata,Una carreggiata a senso unico di marcia,Bagnato (pioggia),Asfaltata,Verticale ed orizzontale,Pioggia in atto,Scarso,Buona,2,0,0,3,12.459709999999999,41.863930000000003,True,7756,VIA NICOLA PELLATI,
,5802107,8,2022-01-31T14:10:00,Statale entro l'abitato,in corrispondenza,2403,VIA CASILINA,1385,Tamponamento,Rettilineo,Una carreggiata a doppio senso,Bagnato (pioggia),Asfaltata,Verticale ed orizzontale,Pioggia in atto,Normale,Buona,0,0,0,5,12.61721,41.863219999999998,True,,,
,5802349,12,2022-01-31T14:10:00,Strada Urbana,da specificare,8862,VIADOTTO DELLA MAGLIANA,,Veicolo in marcia contro ostacolo fisso,Curva a visuale libera,Due carreggiate,Bagnato (pioggia),Asfaltata,Verticale ed orizzontale,Pioggia in atto,Intenso,Buona,1,0,0,0,12.46336,41.841999999999999,True,,,direzione Eur 70 mt dopo Via del Cappellaccio
,5802366,13,2022-01-31T14:25:00,Strada Urbana,all'intersezione con,7008,VIA MAR ROSSO,,Scontro frontale/laterale DX fra veicoli in marcia,Incrocio,Una carreggiata a senso unico di marcia,Bagnato (pioggia),Asfaltata,Orizzontale,Pioggia in atto,Normale,Buona,1,0,0,1,12.299630000000001,41.733260000000001,True,6781,VIA MAR ARABICO,
,5802685,2,2022-01-31T14:25:00,Strada Urbana,in corrispondenza,10872,VIA ULISSE ALDROVANDI,25,Infortunio per caduta del veicolo,Rettilineo,Una carreggiata a doppio senso,Bagnato (pioggia),Asfaltata,Orizzontale,Pioggia in atto,Intenso,Buona,1,0,0,0,12.48706,41.919730000000001,True,,,
,5802143,9,2022-01-31T14:40:00,Strada Urbana,da specificare,9302,PIAZZA DEI RE DI ROMA,,Scontro laterale fra veicoli in marcia,Rotatoria,Una carreggiata a senso unico di marcia,Bagnato (pioggia),Asfaltata,Verticale ed orizzontale,Pioggia in atto,Normale,Buona,0,0,0,2,12.514810000000001,41.881509999999999,True,,,prossimità largo Vercelli
,5802108,8,2022-01-31T15:00:00,Strada Urbana,in corrispondenza,3882,VIA FABRIZIO CHIARI,45,Veicolo in marcia contro veicoli in sosta,Rettilineo,Una carreggiata a senso unico di marcia,Bagnato (pioggia),Asfaltata,Verticale,Nuvoloso,Scarso,Buona,0,0,0,0,12.623430000000001,41.873249999999999,True,,,
,5802602,5,2022-01-31T15:00:00,Strada Urbana,da specificare,2000847,NUOVA CIRCONVALLAZIONE INTERNA,,Tamponamento Multiplo,Rettilineo,Una carreggiata a senso unico di marcia,Asciutto,Asfaltata,Verticale ed orizzontale,Sereno,Intenso,Buona,1,0,0,2,12.52685,41.922379999999997,True,,,dir. S.Giovanni pross. Batteria Nomentana
,5801998,6,2022-01-31T15:00:00,Strada Urbana,all'intersezione semaforizzata con,2403,VIA CASILINA,,Tamponamento Multiplo,Intersezione semaforizzata,Più di due carreggiate,Bagnato (pioggia),Asfaltata,Verticale ed orizzontale,Pioggia in atto,Normale,Buona,1,0,0,3,12.538639999999999,41.881360000000001,True,4082,VIALE FILARETE,
,5802618,5,2022-01-31T15:05:00,Strada Urbana,all'intersezione con,9546,VIA RUBELLIA,,Scontro frontale/laterale SX fra veicoli in marcia,Incrocio,Una carreggiata a doppio senso,Bagnato (pioggia),Asfaltata,Verticale ed orizzontale,Pioggia in atto,Intenso,Buona,0,0,0,2,12.623559999999999,41.938949999999998,True,2258,VIA DI CASAL BIANCO,
,5802527,7,2022-01-31T15:15:00,Strada Urbana,all'intersezione con,2936,VIA COLLATINA,,Scontro frontale/laterale SX fra veicoli in marcia,Intersezione stradale segnalata,Una carreggiata a doppio senso,Bagnato (pioggia),Asfaltata,Verticale ed orizzontale,Pioggia in atto,Normale,Buona,0,0,0,2,12.57469,41.902900000000002,True,11904,VIALE PALMIRO TOGLIATTI,
,5802504,1,2022-01-31T15:20:00,Strada Urbana,all'intersezione con,9861,VIA DELLA SCROFA,,Scontro frontale/laterale SX fra veicoli in marcia,Incrocio,Una carreggiata a senso unico di marcia,Bagnato (pioggia),In cubetti di porfido,Verticale ed orizzontale,Pioggia in atto,Normale,Buona,1,0,0,2,,,False,10273,VIA DELLA STELLETTA,
,5802455,20,2022-01-31T15:30:00,Strada Urbana,da specificare,5789,VIA DI GROTTAROSSA,,Scontro laterale fra veicoli in marcia,Curva a visuale libera,Una carreggiata a doppio senso,Bagnato (pioggia),Asfaltata,Verticale ed orizzontale,Pioggia in atto,Normale,Buona,0,0,0,3,12.462899999999999,41.97439,True,,,A 60 METRI DAL CIV. 996
,5802428,12,2022-01-31T15:40:00,Strada Urbana,in corrispondenza,3216,VIA CRISTOFORO COLOMBO,363,Veicolo in marcia contro ostacolo fisso,Rettilineo,Più di due carreggiate,Bagnato (pioggia),Asfaltata,Verticale ed orizzontale,Nuvoloso,Normale,Buona,0,0,0,4,12.41151,41.785829999999997,True,,,
,5802274,1,2022-01-31T16:00:00,Strada Urbana,all'intersezione semaforizzata con,6845,VIALE MARCO POLO,,Scontro frontale/laterale DX fra veicoli in marcia,Intersezione semaforizzata,Una carreggiata a senso unico di marcia,Bagnato (pioggia),Asfaltata,Verticale ed orizzontale,Pioggia in atto,Normale,Buona,2,0,0,1,12.489319999999999,41.872810000000001,True,6596,VIA LUIGI ROBECCHI BRICHETTI,
,5804230,3,2022-01-31T16:05:00,Strada Urbana,da specificare,16277,Tangenziale Est direzione S. Giovanni,,Veicolo in marcia contro ostacolo fisso,Curva senza visuale libera,Una carreggiata a senso unico di marcia,Bagnato (pioggia),Asfaltata,Verticale ed orizzontale,Pioggia in atto,Normale,Buona,0,0,0,1,12.509130000000001,41.886679999999998,True,,,tratto sopraelevato tra passamonti e prenestina
,5802518,7,2022-01-31T16:10:00,Strada Urbana,in corrispondenza,11834,VIA ROBERTO LEPETIT,30,Veicolo in marcia contro veicolo fermo,Rettilineo,Una carreggiata a senso unico di marcia,Bagnato (pioggia),Asfaltata,Verticale ed orizzontale,Pioggia in atto,Normale,Buona,0,0,0,4,12.585599999999999,41.890160000000002,True,,,
,5802422,11,2022-01-31T16:10:00,Strada Urbana,all'intersezione con,3525,VIA EFESO,,Scontro frontale/laterale DX fra veicoli in marcia,Intersezione stradale segnalata,Una carreggiata a doppio senso,Bagnato (pioggia),Asfaltata,Verticale ed orizzontale,Pioggia in atto,Normale,Buona,0,0,0,2,12.4758,41.854300000000002,True,3091,VIA CORINTO,
,5804210,3,2022-01-31T16:10:00,Strada Urbana,in prossimità,6343,VIA LIVORNO,47,Scontro frontale/laterale DX fra veicoli in marcia,Rettilineo,Una carreggiata a doppio senso,Bagnato (pioggia),Asfaltata,Verticale ed orizzontale,Pioggia in atto,Intenso,Buona,0,0,0,2,12.52121,41.914020000000001,True,,,
,5806026,2,2022-01-31T16:19:00,Strada Urbana,in prossimità,7370,VIA MONTEBUONO,11,Infortunio per sola frenata improvvisa,Rettilineo,Una carreggiata a senso unico di marcia,Asciutto,Asfaltata,Verticale ed orizzontale,Sereno,Intenso,Buona,0,0,0,1,12.51285,41.933770000000003,True,,,
,5802084,15,2022-01-31T16:20:00,Strada Urbana,all'intersezione con,1710,VIA DEI BUONVISI,,Scontro frontale/laterale SX fra veicoli in marcia,Intersezione non regolata/non segnalata,Una carreggiata a doppio senso,Bagnato (pioggia),Asfaltata,Verticale ed orizzontale,Sereno,Normale,Buona,0,0,0,3,12.42741,41.853439999999999,True,3913,VIA DELLA FANELLA,
,5802155,9,2022-01-31T16:20:00,Strada Urbana,da specificare,11172,LARGO VERCELLI,,Investimento di pedone,Rettilineo,Una carreggiata a senso unico di marcia,Bagnato (pioggia),Asfaltata,Verticale ed orizzontale,Pioggia in atto,Normale,Buona,1,0,0,1,12.51524,41.882109999999997,True,,,fronte civico 6
,5802702,2,2022-01-31T16:25:00,Strada Urbana,da specificare,5044,VIALE GIOACCHINO ROSSINI,,Infortunio per caduta del veicolo,Rettilineo,Una carreggiata a senso unico di marcia,Bagnato (pioggia),Asfaltata,Verticale ed orizzontale,Pioggia in atto,Normale,Buona,1,0,0,0,12.49231,41.921590000000002,True,,,altezza Via Guido D'Arezzo
,5804245,16,2022-01-31T16:50:00,Strada Urbana,da specificare,11418,VIA VINCENZO TIZZANI,,Veicolo in marcia contro veicolo in sosta,Rettilineo,Una carreggiata a senso unico di marcia,Bagnato (pioggia),Asfaltata,Verticale ed orizzontale,Nuvoloso,Scarso,Buona,0,0,0,1,12.44178,41.872219999999999,True,,,fronte civico 19
,5802357,15,2022-01-31T17:05:00,Strada Urbana,all'intersezione con,5943,VIA DELL'IMPRUNETA,,Scontro frontale/laterale DX fra veicoli in marcia,Incrocio,Una carreggiata a doppio senso,Bagnato (pioggia),Asfaltata,Verticale ed orizzontale,Pioggia in atto,Intenso,Sufficiente,0,0,0,2,12.45998,41.846409999999999,True,11228,VIALE VICOPISANO,
,5802362,13,2022-01-31T17:20:00,,in corrispondenza,3216,VIA CRISTOFORO COLOMBO,26.4,Veicolo in marcia contro ostacolo fisso,,,,,,,,,0,0,0,1,12.41151,41.785829999999997,False,,,
,5802335,11,2022-01-31T17:25:00,Strada Urbana,all'intersezione semaforizzata con,3216,VIA CRISTOFORO COLOMBO,,Investimento di pedone,Intersezione semaforizzata,Più di due carreggiate,Bagnato (pioggia),Asfaltata,Verticale ed orizzontale,Pioggia in atto,Normale,Sufficiente,1,0,0,2,12.496560000000001,41.85839,True,3561,PIAZZA ELIO RUFINO,
,5802730,7,2022-01-31T17:25:00,Strada Urbana,all'intersezione con,4139,VIA FILIPPO SMALDONE,,Scontro frontale/laterale DX fra veicoli in marcia,Incrocio,Una carreggiata a senso unico di marcia,Bagnato (pioggia),Asfaltata,Verticale ed orizzontale,Nuvoloso,Normale,Sufficiente,0,0,0,3,12.56108,41.893799999999999,True,4904,VIA GIACOMO BRESADOLA,
,5802482,12,2022-01-31T17:30:00,Strada Urbana,in prossimità,3216,VIA CRISTOFORO COLOMBO,578,Tamponamento Multiplo,Rettilineo,Due carreggiate,Bagnato (umidità in atto),Asfaltata,Verticale ed orizzontale,Nuvoloso,Intenso,Buona,1,0,0,4,12.41151,41.785829999999997,True,,,
,5802376,20,2022-01-31T17:30:00,Provinciale entro l'abitato,da specificare,4184,VIA FLAMINIA,,Tamponamento,Rettilineo,Due carreggiate,Bagnato (pioggia),Asfaltata,Orizzontale,Pioggia in atto,Normale,Buona,0,0,0,2,12.471830000000001,41.941920000000003,True,,,dir. G.R.A. prossimità Km. 9
,5802834,1,2022-01-31T17:30:00,Strada Urbana,da specificare,4035,VIA FERDINANDO DI SAVOIA,,Tamponamento,Rettilineo,Una carreggiata a senso unico di marcia,Bagnato (pioggia),Asfaltata,Verticale ed orizzontale,Pioggia in atto,Normale,Buona,1,0,0,2,12.474629999999999,41.910299999999999,True,,,alt. rampa pedonale di passeggiata di ripetta
,5802614,7,2022-01-31T17:40:00,Strada Urbana,all'intersezione con,61,VIA ACHILLE VERTUNNI,,Scontro frontale/laterale SX fra veicoli in marcia,Intersezione stradale segnalata,Una carreggiata a doppio senso,Bagnato (pioggia),Asfaltata,Verticale ed orizzontale,Pioggia in atto,Normale,Buona,0,0,0,2,12.61298,41.909559999999999,True,10972,VIA VALERICO LACCETTI,
,5802649,1,2022-01-31T17:45:00,Strada Urbana,da specificare,2000873,LARGO MAGNANAPOLI,,Scontro laterale fra veicoli in marcia,Rettilineo,Una carreggiata a senso unico di marcia,Bagnato (pioggia),In cubetti di porfido,Verticale ed orizzontale,Nuvoloso,Intenso,Sufficiente,0,0,0,3,,,False,,,alt. fermata bus n. 82195
,5802292,8,2022-01-31T17:50:00,Strada Urbana,all'intersezione con,4363,VIA DEL FOSSO DI S. MAURA,,Scontro laterale fra veicoli in marcia,Rotatoria,Una carreggiata a senso unico di marcia,Bagnato (pioggia),Asfaltata,Orizzontale,Pioggia in atto,Normale,Sufficiente,0,0,0,2,12612,41.854599999999998,True,16144,VIALE DELLA SORBONA,
,5802444,19,2022-01-31T18:00:00,Strada Urbana,in prossimità,2365,VIA DI CASAL DEL MARMO,67,Investimento di pedone,Curva a visuale libera,Una carreggiata a doppio senso,Bagnato (pioggia),Asfaltata,Verticale ed orizzontale,Pioggia in atto,Normale,Sufficiente,1,0,0,1,12.40986,41.960129999999999,True,,,
,5802464,4,2022-01-31T18:00:00,Strada Urbana,in prossimità,6522,VIA LUIGI CAPUANA,30,Scontro frontale/laterale SX fra veicoli in marcia,Rettilineo,Due carreggiate,Bagnato (pioggia),Asfaltata,Verticale ed orizzontale,Nuvoloso,Normale,Sufficiente,0,0,0,6,12.54754,41.945459999999997,True,,,
,5802752,4,2022-01-31T18:10:00,Strada Urbana,all'intersezione con,7816,VIA NOMENTANA,,Scontro frontale/laterale DX fra veicoli in marcia,Incrocio,Una carreggiata a doppio senso,Bagnato (umidità in atto),Asfaltata,Verticale ed orizzontale,Pioggia in atto,Normale,Sufficiente,0,0,0,2,12.57368,41.959049999999998,True,2163,VIA CARLO LORENZINI,
,5802042,10,2022-01-31T18:15:00,Strada Urbana,all'intersezione con,15120,VIA WALTER PROCACCINI,,Scontro laterale fra veicoli in marcia,Rotatoria,Una carreggiata a senso unico di marcia,Bagnato (pioggia),Asfaltata,Verticale ed orizzontale,Pioggia in atto,Normale,Sufficiente,0,0,0,4,12.58348,41.84796,True,2000897,VIA VITTORIO OCCORSIO,
,5802694,1,2022-01-31T18:15:00,Strada Urbana,in corrispondenza,9224,LUNGOTEVERE RAFFAELLO SANZIO,11,Veicolo in marcia contro veicoli in sosta,Curva a visuale libera,Una carreggiata a senso unico di marcia,Bagnato (pioggia),Asfaltata,Verticale ed orizzontale,Pioggia in atto,Normale,Buona,0,0,0,3,12.472110000000001,41.890819999999998,True,,,
,5804308,16,2022-01-31T18:20:00,Strada Urbana,in corrispondenza,4979,CIRCONVALLAZIONE GIANICOLENSE,68a,Scontro laterale fra veicoli in marcia,Rettilineo,Più di due carreggiate,Bagnato (pioggia),Asfaltata,Verticale,Nuvoloso,Normale,Sufficiente,0,0,0,2,12.460190000000001,41.872610000000002,True,,,
,5802565,4,2022-01-31T18:40:00,Strada Urbana,in prossimità,2300,VIA DEL CASALE GIULIANI,45,Veicolo in marcia contro veicolo fermo,Curva a visuale libera,Una carreggiata a senso unico di marcia,Bagnato (umidità in atto),Asfaltata,Verticale ed orizzontale,Sereno,Normale,Sufficiente,0,0,0,2,12.52575,41.94408,True,,,
,5804200,3,2022-01-31T18:45:00,Strada Urbana,all'intersezione semaforizzata con,7816,VIA NOMENTANA,,Scontro frontale/laterale SX fra veicoli in marcia,Intersezione semaforizzata,Più di due carreggiate,Bagnato (umidità in atto),Asfaltata,Verticale ed orizzontale,Nuvoloso,Normale,Sufficiente,0,0,0,2,12.5136,41.914900000000003,True,377,VIA ALESSANDRO TORLONIA,
,5802342,11,2022-01-31T19:00:00,Regionale entro l'abitato,in prossimità,4481,VIA FRANCESCO GIANGIACOMO,20,Scontro frontale/laterale SX fra veicoli in marcia,Rettilineo,Una carreggiata a doppio senso,Bagnato (pioggia),Asfaltata,Verticale,Nuvoloso,Normale,Sufficiente,0,0,0,2,12.50112,41.853940000000001,True,,,
,5804379,16,2022-01-31T19:05:00,,all'intersezione semaforizzata con,3802,VIA ETTORE ROLLI,,Infortunio per caduta del veicolo,,,,,,,,,1,0,0,0,12.46762,41.87433,False,7998,VIA DEGLI ORTI DI CESARE,
,5803267,17,2022-01-31T19:20:00,Strada Urbana,all'intersezione semaforizzata con,7236,VIALE DELLE MILIZIE,,Tamponamento,Incrocio,Più di due carreggiate,Bagnato (pioggia),Asfaltata,Verticale ed orizzontale,Pioggia in atto,Normale,Buona,0,0,0,2,12.4619,41.912199999999999,True,587,VIALE ANGELICO,
,5803268,12,2022-01-31T19:40:00,Strada Urbana,all'intersezione con,6610,PIAZZALE LUIGI STURZO,,Scontro frontale/laterale SX fra veicoli in marcia,Incrocio,Una carreggiata a doppio senso,Bagnato (pioggia),Asfaltata,Verticale ed orizzontale,Nuvoloso,Normale,Buona,0,0,0,2,12.46734,41.834130000000002,True,1104,VIALE DELL'ASTRONOMIA,
,5802626,5,2022-01-31T19:40:00,Strada Urbana,da specificare,10478,VIA TIBURTINA,,Veicolo in marcia contro veicolo in sosta,Rettilineo,Una carreggiata a doppio senso,Asciutto,Asfaltata,Verticale ed orizzontale,Sereno,Scarso,Buona,0,0,0,1,12.5541,41.91301,True,,,757 PARCHEGGIO SUPERMERCATO PANORAMA
,5806622,17,2022-01-31T19:50:00,Strada Urbana,in prossimità,556,VIA ANDREA DORIA,50,Scontro laterale fra veicoli in marcia,Rettilineo,Una carreggiata a doppio senso,Bagnato (pioggia),Asfaltata,Verticale ed orizzontale,Nuvoloso,Normale,Sufficiente,0,0,0,3,12.45102,41.909649999999999,True,,,
,5802508,6,2022-01-31T19:50:00,Strada Urbana,all'intersezione con,8917,VIA DI PORTA FURBA,,Tamponamento Multiplo,Incrocio,Una carreggiata a doppio senso,Bagnato (pioggia),Asfaltata,Orizzontale,Pioggia in atto,Normale,Sufficiente,1,0,0,2,12.5411,41.873240000000003,True,7925,VIA DEGLI OPPII,
,5802637,23,2022-01-31T20:00:00,Autostrada,da specificare,16220,RAMPA GRA CARREGGIATA ESTERNA,,Tamponamento Multiplo,Rettilineo,Una carreggiata a senso unico di marcia,Bagnato (pioggia),Asfaltata,Verticale ed orizzontale,Pioggia in atto,Intenso,Buona,0,0,0,4,12.483370000000001,41.905619999999999,True,,,VIA APPIA NUOVA DIREZIONE VIA TUSCOLANA
,5802651,4,2022-01-31T20:00:00,Strada Urbana,da specificare,2259,VIA DI CASAL BOCCONE,,Veicolo in marcia contro ostacolo fisso,Curva senza visuale libera,Due carreggiate,Bagnato (pioggia),Asfaltata,Orizzontale,Pioggia in atto,Normale,Sufficiente,1,0,0,0,12.5572,41.957749999999997,True,,,prossimità VIA UGO OJETTI
,5802302,8,2022-01-31T20:10:00,Strada Urbana,in prossimità,6630,VIA DI LUNGHEZZINA,141,Ribaltamento senza urto contro ostacolo fisso,Rettilineo,Una carreggiata a doppio senso,Asciutto,Asfaltata,Orizzontale,Nuvoloso,Scarso,Buona,0,0,0,1,12.687469999999999,41.930540000000001,True,,,
,5802625,7,2022-01-31T20:10:00,Strada Urbana,all'intersezione con,2030,VIA DEL CAPRIFOGLIO,,Scontro frontale/laterale SX fra veicoli in marcia,Incrocio,Una carreggiata a senso unico di marcia,Bagnato (pioggia),Asfaltata,Verticale ed orizzontale,Pioggia in atto,Scarso,Buona,0,0,0,3,12.57146,41.875219999999999,True,442,VIA DELL'ALLORO,
,5802450,20,2022-01-31T20:40:00,Strada Urbana,da specificare,10200,VIA DELLA STAZIONE DI CESANO,,Tamponamento Multiplo,Rettilineo,Una carreggiata a doppio senso,Bagnato (pioggia),Asfaltata,Orizzontale,Pioggia in atto,Scarso,Buona,0,0,0,3,12.3241,42.059750000000001,True,,,fronte Stazione di Cesano
,5802403,11,2022-01-31T21:10:00,Strada Urbana,all'intersezione con,10576,VIA DI TOR CARBONE,,Veicolo in marcia contro ostacolo fisso,Incrocio,Due carreggiate,Bagnato (pioggia),Asfaltata,Verticale ed orizzontale,Sereno,Normale,Buona,0,0,0,1,12.532550000000001,41.830629999999999,True,958,VIA ARDEATINA,
,5804445,16,2022-01-31T21:40:00,Strada Urbana,all'intersezione con,11422,VIA VINCENZO USSANI,,Scontro frontale/laterale DX fra veicoli in marcia,Intersezione stradale segnalata,Una carreggiata a doppio senso,Bagnato (umidità in atto),Asfaltata,Verticale ed orizzontale,Sereno,Normale,Sufficiente,0,0,0,2,12.44136,41.859360000000002,True,2344,VIA DEL CASALETTO,
,5804411,3,2022-01-31T21:45:00,Strada Urbana,in corrispondenza,11922,VIALE FERNANDO SANTI,64,Scontro frontale/laterale DX fra veicoli in marcia,Rettilineo,Due carreggiate,Bagnato (pioggia),Asfaltata,Verticale ed orizzontale,Nuvoloso,Scarso,Sufficiente,3,0,0,1,12.567019999999999,41.912190000000002,True,,,
,5802782,7,2022-01-31T21:50:00,Strada Urbana,in prossimità,11904,VIALE PALMIRO TOGLIATTI,836,Scontro frontale/laterale SX fra veicoli in marcia,Rettilineo,Due carreggiate,Bagnato (pioggia),Asfaltata,Verticale ed orizzontale,Nuvoloso,Normale,Buona,0,0,0,2,12.57385,41.886940000000003,True,,,
,5802462,10,2022-01-31T22:15:00,Strada Urbana,all'intersezione con,9982,VIA DEI SETTE METRI,,Scontro frontale/laterale DX fra veicoli in marcia,Incrocio,Una carreggiata a doppio senso,Bagnato (pioggia),Asfaltata,Verticale ed orizzontale,Nuvoloso,Scarso,Sufficiente,3,0,0,0,12.608169999999999,41.816600000000001,True,4330,VIA DEL FOSSO DELL'ACQUA MARIANA,
,5803431,17,2022-01-31T22:30:00,Strada Urbana,all'intersezione con,3493,VIA DUILIO,,Scontro frontale/laterale SX fra veicoli in marcia,Intersezione stradale segnalata,Una carreggiata a senso unico di marcia,Asciutto,Asfaltata,Verticale ed orizzontale,Nuvoloso,Scarso,Sufficiente,0,0,0,3,12.46419,41.910060000000001,True,9848,VIA DEGLI SCIPIONI,
