_id,id,tipologia,denominazione,via,civico,latitude,longitude,stelle,categoria,totalePostiLetto,totaleNumeroCamere,numeroSingole,numeroDoppie,numeroTriple,numeroQuadruple,numeroBagni,contattoCellulare,contattoEmail,contattoFacebook,contattoInstagram,contattoTelefono,contattoWebSite,contattoFax,contattoTwitter,accessibileDisabili,accettazioneGruppi,accettaAnimaliPiccolaTaglia,attivitaSportive,depositoValori,lavanderia,ristorante,tennis,parco,pistaBallo,servizioTelefono,televisione,tennisTavolo,ariaCondizionata,coperturaWifi,piscina,parcheggioCustodito,venditaAlimentiPropriaProduzione,trasportoClienti,bar,cassettaSicurezza,presaTelefonicaModem,spaccio,campiBocce,campoBeachVolley,campoCalcetto,campoPallavolo,attraccoNatanti,numeroBungalow,numeroDocce,numeroLavadini,numeroPiazzole
1,395872,Guest House o Affittacamere,00146 ROMA HOLIDAY AND JUBILEE HOUSE,Via Efeso,19,41.8542663,12.4749789,"",3,3,2,1,1,,,"",,"","","",,"",,"","","","","","","","","","","","","","","","","","","","","","","","","","","","","","","","",""
2,397443,Guest House o Affittacamere,126 GRACCHI SUITES GUEST HOUSE O AFFITTACAMERE,Via dei Gracchi,126,41.908495,12.4638762,"",2,10,5,,5,,,"",3292629815,gracchi126suites@gmail.com,126 gracchi suites,126_gracchisuites,3273653923,"",,"","","","","","","","","","","","","","","","","","","","","","","","","","","","","","","","",""
3,396711,Guest House o Affittacamere,149 GUEST HOUSE,Via Marmorata,149,41.8814585,12.4769805,"",2,7,4,1,3,,,"",,"","","",,"",,"","","","","","","","","","","","","","","","","","","","","","","","","","","","","","","","",""
4,396262,Guest House o Affittacamere,19 steps trevi,Via dei Crociferi,26,41.9008078,12.4818117,"",3,5,3,1,2,,,"",,emma2005.srl@legalmail.it,"","",8118856294,"",,"","","","","","","","","","","","","","","","","","","","","","","","","","","","","","","","",""
5,396732,Guest House o Affittacamere,1971 Guest House o Affittacamere,Via Marghera,10,41.9032904,12.5047501,"",3,15,5,,2,2,,"",3297004444,jewelit2008@hotmail.com,"","",64465188,https://1971.it/,,"","","","","","","","","","","","","","","","","","","","","","","","","","","","","","","","",""
6,395716,Guest House o Affittacamere,207 EQUATORE,Viale Giulio Cesare,207,41.9088116,12.4564335,"",3,4,3,2,1,,,"",,"","","",,"",,"","","","","","","","","","","","","","","","","","","","","","","","","","","","","","","","",""
7,396348,Guest House o Affittacamere,247 LUXURY GUEST HOUSE O AFFITTACAMERE,Viale di Trastevere,247,41.876458,12.4659524,"",2,11,5,,4,1,,"",339846717,info@247luxury.it,"","",669373451,www.247luxury.it,,"","","","","","","","","","","","","","","","","","","","","","","","","","","","","","","","",""
8,394946,Guest House o Affittacamere,2BE APARTMENT ROME - EMO - Guest House o Affittacamere/Guest House,Via Angelo Emo,56,41.9051716,12.4472965,"",3,4,2,,2,,,"",3402968554,carogioiello@libero.it,"","",3402968554,"",,"","","","","","","","","","","","","","","","","","","","","","","","","","","","","","","","",""
9,399682,Guest House o Affittacamere,3 STORIE GUEST HOUSE o AFFITTACAMERE,Via della Cava Aurelia,96,41.894697,12.4503039,"",2,7,3,,2,1,,"",,info@3storie.it,"","",3514161001,http://www.3storie.it,,"","","","","","","","","","","","","","","","","","","","","","","","","","","","","","","","",""
10,396882,Guest House o Affittacamere,37 GUEST HOUSE O AFFITTACAMERE,Piazza Giovanni Da Verrazzano,37,41.8683372,12.4904824,"",3,8,4,,4,,,"",3391378291,"cristina@villageta,it","","",651435383,"",66780586,"","","","","","","","","","","","","","","","","","","","","","","","","","","","","","","","",""
11,397941,Guest House o Affittacamere,39 STEPS TREVI,Via dei Crociferi,26,41.9008078,12.4818117,"",3,5,3,1,2,,,"",,reve1@legalmail.it,"","",692919434,"",,"","","","","","","","","","","","","","","","","","","","","","","","","","","","","","","","",""
12,394892,Guest House o Affittacamere,4 VATICAN ROOMS 'GUEST HOUSE O AFFITTACAMERE',Circonvallazione Trionfale,1,41.9098677,12.4489377,"",2,4,3,2,1,,,"",3331841294,4vaticanrooms@libero.it,"","",3331841294,www.4vaticanrooms.com,,"","","","","","","","","","","","","","","","","","","","","","","","","","","","","","","","",""
13,397836,Guest House o Affittacamere,5 STAR GUEST HOUSE O AFFITTACAMERE,Via Enrico Cialdini,13,41.8985244,12.5031185,"",2,13,5,,2,3,,"",3286426236,monicachoi0228@gmail.com,"","",3286426236,"",,"","","","","","","","","","","","","","","","","","","","","","","","","","","","","","","","",""
14,396194,Guest House o Affittacamere,5 VATICAN ROOMS 'GUEST HOUSE O AFFITTACAMERE',Via Pietro Giannone,28,41.9107979,12.4504217,"",2,7,4,1,3,,,"",3386542434,4vaticanrooms@libero.it,"",@4_vaticanrooms,3331841294,www.4vaticanrooms.com,,"","","","","","","","","","","","","","","","","","","","","","","","","","","","","","","","",""
15,395937,Guest House o Affittacamere,504 CORSO SUITES ROMA,Via del Corso,504,41.9083236,12.4772484,"",3,25,6,,,2,1,"",,info@504corsosuites.com,"","",63213905,www.504corsosuites.com,,"","","","","","","","","","","","","","","","","","","","","","","","","","","","","","","","",""
16,407466,Guest House o Affittacamere,56 ORANGE STREET GUEST HOUSE O AFFITTACAMERE,Via dell'Arancio,56,41.9043991,12.4773122,"",2,8,5,2,3,,,"",,info@56orangestreet.com,"","",3403468440,"",,"","","","","","","","","","","","","","","","","","","","","","","","","","","","","","","","",""
17,398071,Guest House o Affittacamere,59 steps trevi,Via dei Crociferi,26,41.9008078,12.4818117,"",3,6,3,2,,,1,"",,reve1@legalmail.it,"","",692919434,"",,"","","","","","","","","","","","","","","","","","","","","","","","","","","","","","","","",""
18,397216,Guest House o Affittacamere,633 APPIA DESIGN ROOM GUEST HOUSE O AFFITTACAMERE,Via Appia Nuova,633,41.8673673,12.5307203,"",2,5,3,1,2,,,"",,633appiadesignroom@gmail.com,"","",3204463760,"",,"","","","","","","","","","","","","","","","","","","","","","","","","","","","","","","","",""
19,396352,Guest House o Affittacamere,7 ROOMS GUEST HOUSE O AFFITTACAMERE,Via Silvio Pellico,16,41.9125097,12.4604356,"",3,17,6,,2,3,1,"",,sevenroomsroma@gmail.com,"","",3889258765,"",,"","","","","","","","","","","","","","","","","","","","","","","","","","","","","","","","",""
20,397683,Guest House o Affittacamere,74 CRESCENZIO HOUSE DI EMANUELE DI TROIA,Via Crescenzio,74,41.9060452,12.4620175,"",3,6,4,2,2,,,"",,emanuele.ditroia@pec.it,"","",3382535833,"",,"","","","","","","","","","","","","","","","","","","","","","","","","","","","","","","","",""
21,397768,Guest House o Affittacamere,900 Liberty Guest House,Corso Vittorio Emanuele II,294,41.8990497,12.4668889,"",2,12,5,1,2,1,1,"",,letto.rome@gmail.com,"","",668809880,"",,"","","","","","","","","","","","","","","","","","","","","","","","","","","","","","","","",""
22,396201,Guest House o Affittacamere,900 PIAZZA DEL POPOLO GUEST HOUSE O AFFITTACAMERE,Piazzale Flaminio,9,41.9119827,12.4755378,"",1,12,5,,3,2,,"",335482923,mtmsrl9@gmail.com,"","",335482923,"",,"","","","","","","","","","","","","","","","","","","","","","","","","","","","","","","","",""
23,397433,Guest House o Affittacamere,A&C MUCH MORE guest house o affittacamere,Via Palestro,49,41.9047618,12.5042162,"",3,12,6,,6,,,"",,hoquealamin@pec.it,"","",3892553377,"",,"","","","","","","","","","","","","","","","","","","","","","","","","","","","","","","","",""
24,395159,Guest House o Affittacamere,A CASA BOSCHI Guest House o Affittacamere,Via Premuda,3,41.9138033,12.4521728,"",2,7,3,,2,1,,"",,"","","",,"",,"","","","","","","","","","","","","","","","","","","","","","","","","","","","","","","","",""
25,395912,Guest House o Affittacamere,A CASA DI BENNY Guest House o Affittacamere,Piazza Augusto Albini,20,41.8644284,12.4845166,"",1,5,3,1,2,,,"",,benedettadesant1988@libero.it,"","",3335920597,"",,"","","","","","","","","","","","","","","","","","","","","","","","","","","","","","","","",""
26,397374,Guest House o Affittacamere,A CASA DI GETTA,Via Reggio Emilia,29,41.9117045,12.5033259,"",2,8,4,1,2,1,,"",,"","","",,"",,"","","","","","","","","","","","","","","","","","","","","","","","","","","","","","","","",""
27,396170,Guest House o Affittacamere,A CASA DI GIALLO GUEST HOUSE O AFFITTACAMERE,Via Gela,67,41.8789089,12.5205636,"",3,6,3,,3,,,"",,acasadigiallo@gmail.com,"","",3409334577,"",,"","","","","","","","","","","","","","","","","","","","","","","","","","","","","","","","",""
28,395020,Guest House o Affittacamere,A CASA DI GIO AFFITTACAMERE,Via Lorenzo Il Magnifico,86,41.9121789,12.5242011,"",3,8,4,,4,,,"",,"","","",,"",,"","","","","","","","","","","","","","","","","","","","","","","","","","","","","","","","",""
29,395514,Guest House o Affittacamere,A CASA DI SONIA,Via del Viminale,58,41.8999905,12.49558,"",2,6,4,2,2,,,"",,"","","",,"",,"","","","","","","","","","","","","","","","","","","","","","","","","","","","","","","","",""
30,396579,Guest House o Affittacamere,A CASA DI STEFANO guest house o affittacamere,Via Firenze,43,41.9030557,12.4934292,"",3,8,5,2,3,,,"",,rriton@yahoo.it,"","",3925039700,"",,"","","","","","","","","","","","","","","","","","","","","","","","","","","","","","","","",""
31,395746,Guest House o Affittacamere,A CASA ROSY,Via Arezzo,30,41.911714,12.5187353,"",3,4,2,,2,,,"",,"","","",,"",,"","","","","","","","","","","","","","","","","","","","","","","","","","","","","","","","",""
32,406921,Guest House o Affittacamere,A Casina Guest House o Affittacamere,Via Pomezia,11,41.8802502,12.5114408,"",3,6,3,,3,,,"",,acasina.guesthouse@gmail.com,"","",3476220440,www.acasinaguesthouse.it,,"","","","","","","","","","","","","","","","","","","","","","","","","","","","","","","","",""
33,395618,Guest House o Affittacamere,A OTTAVIANO VATICAN,Via Ottaviano,73,41.908171,12.4577694,"",2,6,5,4,1,,,"",,"","","",,"",,"","","","","","","","","","","","","","","","","","","","","","","","","","","","","","","","",""
34,395627,Guest House o Affittacamere,A PEACE OF ROME,Via Fabio Massimo,60,41.9091932,12.4623179,"",2,13,6,,5,1,,"",,"","","",,"",,"","","","","","","","","","","","","","","","","","","","","","","","","","","","","","","","",""
35,396858,Guest House o Affittacamere,A PICTURE OF ROME,Piazza Del Risorgimento,14,41.906691,12.4571351,"",2,18,6,,3,,3,"",,dampsrls@gmail.com,bbapictureofrome,bb_apictureofrome,390639737845,www.bbapictureofrome.com,,"","","","","","","","","","","","","","","","","","","","","","","","","","","","","","","","",""
36,395213,Guest House o Affittacamere,A ROMA SAN PIETRO BEST BED,Via Crescenzio,85,41.905734,12.4615472,"",2,15,6,1,2,2,1,"",,"","","",,"",,"","","","","","","","","","","","","","","","","","","","","","","","","","","","","","","","",""
37,396234,Guest House o Affittacamere,A-ROME GUEST HOUSE O AFFITTACAMERE,Via Merulana,259,41.8955195,12.4997934,"",2,4,2,,2,,,"",,strazzellac@gmail.com,"","",3358130801,"",,"","","","","","","","","","","","","","","","","","","","","","","","","","","","","","","","",""
38,396356,Guest House o Affittacamere,A-ROME SUITE GUEST HOUSE O AFFITTACAMERE,Via Merulana,259,41.8955195,12.4997934,"",2,4,2,,2,,,"",,strazzellac@gmail.com,"","",3358130801,"",,"","","","","","","","","","","","","","","","","","","","","","","","","","","","","","","","",""
39,395820,Guest House o Affittacamere,A STAR INN,Via delle Quattro Fontane,15,41.9024226,12.4901624,"",3,12,6,1,4,1,,"",,"","","",,"",,"","","","","","","","","","","","","","","","","","","","","","","","","","","","","","","","",""
40,395220,Guest House o Affittacamere,A TRASTEVERE DA ME,Piazza Sidney Sonnino,25,41.8889502,12.4743798,"",3,8,4,,4,,,"",,"","","",,"",,"","","","","","","","","","","","","","","","","","","","","","","","","","","","","","","","",""
41,397618,Guest House o Affittacamere,A WORLD APARTS   68 BARBERINI Guest House o Affittacamere,Via Barberini,68,41.9046097,12.4923976,"",2,11,5,,4,1,,"",3926147039,sassonbernard@gmail.com,"","",3926147039,"",,"","","","","","","","","","","","","","","","","","","","","","","","","","","","","","","","",""
42,395595,Guest House o Affittacamere,AB HOUSE,Via Solferino,9,41.903514,12.5015055,"",2,13,3,,,,2,"",,"","","",,"",,"","","","","","","","","","","","","","","","","","","","","","","","","","","","","","","","",""
43,394851,Guest House o Affittacamere,Abagnale Home Montecitorio Guest House o Affittacamere,Via In Lucina,10,41.9026984,12.4782941,"",2,5,3,1,2,,,"",,agoabagnale92@gmail.com,"","",3479992784,"",,"","","","","","","","","","","","","","","","","","","","","","","","","","","","","","","","",""
44,397020,Guest House o Affittacamere,ABID'S PALACE IN TERMINI Guest House o Affittacamere/Guest House o Affittacamere  ABID'S PALACE IN TERMINI,Via Napoleone III,29,41.8968915,12.5015913,"",3,12,4,,1,2,1,"",,affittacamere.ff@gmail.com,"","",3425757369,"",,"","","","","","","","","","","","","","","","","","","","","","","","","","","","","","","","",""
45,396411,Guest House o Affittacamere,Acanto Room Deluxe guest house o affittacamere,Via Marco Valerio Corvo,137,41.8562586,12.5608035,"",3,12,6,,6,,,"",3493710146,acanto.roma@hotmail.it,"","",687789330,"",,"","","","","","","","","","","","","","","","","","","","","","","","","","","","","","","","",""
46,395040,Guest House o Affittacamere,ACCOMODATION ROOMS GUEST HOUSE O AFFITTACAMERE,Via degli Scipioni,239,41.9105512,12.4656678,"",2,8,5,2,3,,,"",3332327762,x3332327762@gmail.com,"","",3332327762,"",,"","","","","","","","","","","","","","","","","","","","","","","","","","","","","","","","",""
47,396493,Guest House o Affittacamere,AD HOC DOMUS,Via Emanuele Filiberto,233,41.8889572,12.5071675,"",3,10,5,1,3,1,,"",,alfred.bonette@gmail.com,"","",3291832663,"",,"","","","","","","","","","","","","","","","","","","","","","","","","","","","","","","","",""
48,397571,Guest House o Affittacamere,AD Trastevere Guest House o Affittacamere,Viale di Trastevere,118,41.8824807,12.4682546,"",3,6,3,,3,,,"",,ad.tastevereguest@gmail.com,"","",659877335,"",,"","","","","","","","","","","","","","","","","","","","","","","","","","","","","","","","",""
49,395971,Guest House o Affittacamere,ADELAIDE SUITE DREAMS GUEST HOUSE O AFFITTACAMERE,Via Maria Adelaide,12,41.9107396,12.4742006,"",2,15,6,,4,1,1,"",,"","","",,"",,"","","","","","","","","","","","","","","","","","","","","","","","","","","","","","","","",""
50,396388,Guest House o Affittacamere,ADORA SUITE 2 guest house o affittacamere,Via Filippo Turati,28,41.8988937,12.5014903,"",3,11,5,1,2,2,,"",,oledibemadu@gmail.com,"","",3804660192,"",,"","","","","","","","","","","","","","","","","","","","","","","","","","","","","","","","",""
51,397280,Guest House o Affittacamere,ADORA SUITES guest house o affittacamere,Via Filippo Turati,28,41.8988937,12.5014903,"",3,9,5,1,4,,,"",,adolfold@libero.it,"","",3804660192,"",,"","","","","","","","","","","","","","","","","","","","","","","","","","","","","","","","",""
52,404098,Guest House o Affittacamere, ADRIANA5 LUXURY ROOMS -GUEST HOUSE O AFFITTACAMERE,Piazza Adriana,5,41.9048344,12.4679969,"",3,4,2,,2,,,"",32923244657,caviglia.giorgio@gmail.com,"","",696840548,"",,"","","","","","","","","","","","","","","","","","","","","","","","","","","","","","","","",""
53,395041,Guest House o Affittacamere,ADVENTOR ECO SUITES GUEST HOUSE O AFFITTACAMERE,Via Castelfidardo,51,41.9054311,12.5019912,"",2,11,5,,4,1,,"",,adventorecosuites@gmail.com,"","",692949071,"",,"","","","","","","","","","","","","","","","","","","","","","","","","","","","","","","","",""
54,397264,Guest House o Affittacamere,AELIUS,Via Volturno,7,41.9049742,12.4989712,"",3,11,6,1,5,,,"",,"","","",,"",,"","","","","","","","","","","","","","","","","","","","","","","","","","","","","","","","",""
55,397143,Guest House o Affittacamere,AENEA INN,Via Urbana,156,41.8980036,12.4953675,"",3,12,6,2,2,2,,"",,"","","",,"",,"","","","","","","","","","","","","","","","","","","","","","","","","","","","","","","","",""
56,396879,Guest House o Affittacamere,AETERNO,Via Appia Nuova,165,41.8810374,12.5154153,"",3,7,4,1,3,,,"",,"","","",,"",,"","","","","","","","","","","","","","","","","","","","","","","","","","","","","","","","",""
57,395347,Guest House o Affittacamere,AFFITTA CAMERE LES ARTES,Via Milazzo,23,41.9024118,12.5052691,"",3,5,4,3,1,,,"",,"","","",,"",,"","","","","","","","","","","","","","","","","","","","","","","","","","","","","","","","",""
58,397428,Guest House o Affittacamere,AFFITTACAMERE A.D.,Viale Opita Oppio,76,41.8608598,12.5499391,"",2,11,6,1,5,,,"",,ale.danese@gmail.,"","",65121146,"",,"","","","","","","","","","","","","","","","","","","","","","","","","","","","","","","","",""
59,397271,Guest House o Affittacamere,AFFITTACAMERE A HOME IN ROME DI BAGHERPOUR ABDOLSAID,Via Carlo Alberto,53,41.8956633,12.5021051,"",2,8,4,,4,,,"",,sergio_baghera@yahoo.it,"","",3471234529,"",,"","","","","","","","","","","","","","","","","","","","","","","","","","","","","","","","",""
60,396624,Guest House o Affittacamere,AFFITTACAMERE AD 2015,Viale dei Bastioni di Michelangelo,5 A,41.9064023,12.4563646,"",2,11,4,,2,1,1,"",3880712838,claudiocastellani52@gmail.com,"","",3880712838,"",,"","","","","","","","","","","","","","","","","","","","","","","","","","","","","","","","",""
61,396925,Guest House o Affittacamere,AFFITTACAMERE ANTICA DIMORA CONTESSA ARRIVABENE,Viale Tito Livio,28,41.9155901,12.4446408,"",3,24,6,,1,1,1,"",,smeraldareception@gmail.com,"","",687805572,"",,"","","","","","","","","","","","","","","","","","","","","","","","","","","","","","","","",""
62,395324,Guest House o Affittacamere,AFFITTACAMERE BELLI 36ROOMS,Via Giuseppe Gioachino Belli,36,41.9074044,12.4717146,"",1,12,5,,4,,1,"",,"","","",,"",,"","","","","","","","","","","","","","","","","","","","","","","","","","","","","","","","",""
63,395792,Guest House o Affittacamere,AFFITTACAMERE CAMPUS TRIGORIA S.R.L.,Via Italo Torsiello,18,41.7690539,12.4774034,"",2,8,6,4,2,,,"",,"","","",,"",,"","","","","","","","","","","","","","","","","","","","","","","","","","","","","","","","",""
64,396659,Guest House o Affittacamere,AFFITTACAMERE CASTRO PRETORIO,Via San Martino della Battaglia,15,41.9055161,12.5048211,"",2,8,5,2,3,,,"",,strazzellac@gmail.com,"","",3358130801,"",,"","","","","","","","","","","","","","","","","","","","","","","","","","","","","","","","",""
65,396767,Guest House o Affittacamere,AFFITTACAMERE CENTRO CAVOUR,Via Cavour,233,41.8943718,12.4915565,"",3,13,6,1,3,2,,"",,"","","",,"",,"","","","","","","","","","","","","","","","","","","","","","","","","","","","","","","","",""
66,397284,Guest House o Affittacamere,AFFITTACAMERE COLLATINA SUITES,Via Collatina,439 A,41.9053065,12.6092822,"",3,16,5,,1,2,2,"",,collatinasuites@gmail.com,"","",3313811237,"",,"","","","","","","","","","","","","","","","","","","","","","","","","","","","","","","","",""
67,396782,Guest House o Affittacamere,AFFITTACAMERE D'ARTAGNAN,Vicolo Sciarra,61,41.8994451,12.481393,"",2,10,4,,3,,1,"",,ag@sunflowershotels.it,"","",3476412146,"",,"","","","","","","","","","","","","","","","","","","","","","","","","","","","","","","","",""
68,397651,Guest House o Affittacamere,AFFITTACAMERE DA VINCI RELAIS,Via Gregorio VII,224,41.896662,12.4417827,"",3,12,6,1,4,1,,"",,imode6@gmail.com,"","",3467277956,"",,"","","","","","","","","","","","","","","","","","","","","","","","","","","","","","","","",""
69,397939,Guest House o Affittacamere,affittacamere DEFALCO FRANCESCO,Via di Tor Millina,35,41.8991399,12.4713339,"",2,7,3,,2,1,,"",,mdefal@tiscali.it,"","",3346034288,"",,"","","","","","","","","","","","","","","","","","","","","","","","","","","","","","","","",""
70,395628,Guest House o Affittacamere,AFFITTACAMERE FLAVIA,Via Salvatore Gasbarra,32,41.7759476,12.3356411,"",3,11,5,1,2,2,,"",,"","","",,"",,"","","","","","","","","","","","","","","","","","","","","","","","","","","","","","","","",""
71,395584,Guest House o Affittacamere,AFFITTACAMERE FRIEND SHIP PALACE,Via Milazzo,14,41.9019355,12.5041727,"",3,18,6,,,6,,"",3805217201,beautiful2hotels@gmail.com,"","",644703927,"",,"","","","","","","","","","","","","","","","","","","","","","","","","","","","","","","","",""
72,396213,Guest House o Affittacamere,AFFITTACAMERE/GUEST HOSUE ECCE ROMA,Via Daniele Manin,69,41.898967,12.498988,"",3,15,6,,4,1,1,"",,ecceromasrl@pec.it,"","",3393862364,"",,"","","","","","","","","","","","","","","","","","","","","","","","","","","","","","","","",""
73,395935,Guest House o Affittacamere,AFFITTACAMERE/GUEST HOSUE ITALY,Via Palestro,49,41.9047618,12.5042162,"",3,6,3,,3,,,"",,staroccia@yahoo.com,"","",3486256065,"",,"","","","","","","","","","","","","","","","","","","","","","","","","","","","","","","","",""
74,394893,Guest House o Affittacamere,AFFITTACAMERE/GUEST HOSUE LA PICCOLA MAISON,Via dei Cappuccini,30,41.9045447,12.4879727,"",3,8,5,2,3,,,"",,robertadepetris80@gmail.com,"","",3403569403,"",,"","","","","","","","","","","","","","","","","","","","","","","","","","","","","","","","",""
75,396344,Guest House o Affittacamere,affittacamere guest house Borgo Pio Suites Inn,Vicolo del Farinone,30,41.9033769,12.4594148,"",2,11,5,,4,1,,"",,amministrazione@borgopiosuitesinn.com,"","",3891093852,http://borgo pio suites inn,,"","","","","","","","","","","","","","","","","","","","","","","","","","","","","","","","",""
76,394886,Guest House o Affittacamere,AFFITTACAMERE/GUEST HOUSE DOMUS BOCCA DI LEONE,Via Bocca di Leone,36,41.9060357,12.4799672,"",2,8,4,1,2,1,,"",,tridente.amministrazione@gmail.com,"","",3355271616,"",,"","","","","","","","","","","","","","","","","","","","","","","","","","","","","","","","",""
77,394941,Guest House o Affittacamere,AFFITTACAMERE/GUEST HOUSE GANDINI MARIA,Piazza Manfredo Fanti,5,41.8983321,12.5028608,"",3,13,6,,5,1,,"",,hmorgana@tin.it,"","",64467230,"",,"","","","","","","","","","","","","","","","","","","","","","","","","","","","","","","","",""
78,397649,Guest House o Affittacamere,AFFITTACAMERE/GUEST HOUSE LANDLORD IN TRASTEVERE,Via Emilio Morosini,10,41.885867,12.4688927,"",3,8,4,,4,,,"",,bianco.and76@gmail.com,"","",3486786519,"",,"","","","","","","","","","","","","","","","","","","","","","","","","","","","","","","","",""
79,397298,Guest House o Affittacamere,AFFITTACAMERE/GUEST HOUSE O AFFITTACAMERE BARCACCIA LUXURY SUITES,Via delle Carrozze,12,41.9057403,12.4795536,"",3,7,4,1,3,,,"",3392914491,michela@sermonetagloves.com,"","",669202066,"",,"","","","","","","","","","","","","","","","","","","","","","","","","","","","","","","","",""
80,396831,Guest House o Affittacamere,Affittacamere/Guest House o affittacamere Cineroma,Via Nomentana,316,41.9310002,12.5278086,"",3,11,6,1,5,,,"",,info@cineroma.it,"","",3296315327,"",,"","","","","","","","","","","","","","","","","","","","","","","","","","","","","","","","",""
81,395447,Guest House o Affittacamere,AFFITTACAMERE/GUEST HOUSE RELAIS BOCCA DI LEONE,Via Bocca di Leone,36,41.9060357,12.4799672,"",2,9,4,,3,1,,"",,tridente.amministrazione@gmail.com,"","",3355271616,"",,"","","","","","","","","","","","","","","","","","","","","","","","","","","","","","","","",""
82,395873,Guest House o Affittacamere,AFFITTACAMERE/GUEST HOUSE SUITE CONDOTTI,Via dei Condotti,48,41.904802,12.4793832,"",3,9,4,,3,1,,"",,robertodirienzo7@gmail.com,"","",3464993399,"",,"","","","","","","","","","","","","","","","","","","","","","","","","","","","","","","","",""
83,394936,Guest House o Affittacamere,AFFITTACAMERE/GUEST HOUSE THE JEWEL,Via dei Condotti,85,41.9056089,12.4815173,"",3,12,6,,6,,,"",,theinnatthespanishsteps@gmail.com,"","",669925657,"",,"","","","","","","","","","","","","","","","","","","","","","","","","","","","","","","","",""
84,395106,Guest House o Affittacamere,AFFITTACAMERE GUEST HOUSE TORRE COLONNA,Via delle Tre Cannelle,18,41.8964737,12.4852773,"",1,12,5,,3,2,,"",,residenza@torrecolonna.it,"","",683600192,www.torrecolonna.it,,"","","","","","","","","","","","","","","","","","","","","","","","","","","","","","","","",""
85,397569,Guest House o Affittacamere,affittacamere guest house via del corso home roma,Via del Corso,277,41.8973662,12.4821105,"",2,19,6,,2,2,1,"",,info@viadelcorsohome.com,"","",66991427,"",,"","","","","","","","","","","","","","","","","","","","","","","","","","","","","","","","",""
86,394885,Guest House o Affittacamere,AFFITTACAMERE/GUESTHOUSE VICOLO DEL LUPO ROOMS,Vicolo del Lupo,11,41.9064709,12.4794263,"",3,14,6,,4,2,,"",,montesani.chiara@gmail.com,"","",3383622157,"",,"","","","","","","","","","","","","","","","","","","","","","","","","","","","","","","","",""
87,396461,Guest House o Affittacamere,affittacamere il corso ac,Via della Fontanella,4,41.9092194,12.477616,"",3,13,5,,3,1,1,"",3926977320,ilcorsoac@gmail.com,"","",63225932,"",,"","","","","","","","","","","","","","","","","","","","","","","","","","","","","","","","",""
88,397879,Guest House o Affittacamere,AFFITTACAMERE JIA & HOME,Via delle Cave di Pietralata,36,41.908948,12.5371804,"",3,9,3,,,3,,"",,jia.home2018@gmail.com,"","",631050005,"",,"","","","","","","","","","","","","","","","","","","","","","","","","","","","","","","","",""
89,395597,Guest House o Affittacamere,AFFITTACAMERE MARCELLA HOUSE,Via Flavia,104,41.9078317,12.4980911,"",3,13,6,,5,1,,"",,alessandrodilario@yahoo.it,"","",3403312679,"",,"","","","","","","","","","","","","","","","","","","","","","","","","","","","","","","","",""
90,397146,Guest House o Affittacamere,AFFITTACAMERE MARCELLA LUXURY SUITE,Via Flavia,104,41.9078317,12.4980911,"",2,15,5,,1,3,1,"",,angelinifranco01@gmail.com,"","",3492682390,"",,"","","","","","","","","","","","","","","","","","","","","","","","","","","","","","","","",""
91,397982,Guest House o Affittacamere,Affittacamere MERULANA13,Via Merulana,13,41.8963237,12.4996618,"",3,10,5,1,3,1,,"",,infobqhouse@gmail.com,"","",3669398168,"",,"","","","","","","","","","","","","","","","","","","","","","","","","","","","","","","","",""
92,397503,Guest House o Affittacamere,AFFITTACAMERE NANSEN,Via Federico Nansen,122,41.8712712,12.4832767,"",3,4,4,4,,,,"",,info@bbnansen.it,"","",3426216764,"",,"","","","","","","","","","","","","","","","","","","","","","","","","","","","","","","","",""
93,397872,Guest House o Affittacamere,AFFITTACAMERE NAVONA CENTRAL SUITES,Via della Scrofa,22,41.902181,12.4751255,"",2,11,5,1,2,2,,"",,rocchettisrls@legalmail.it,"","",3495477709,"",,"","","","","","","","","","","","","","","","","","","","","","","","","","","","","","","","",""
94,397852,Guest House o Affittacamere,AFFITTACAMERE NEXT STOP ROMA CASILINO,Via Francesco Laparelli,73,41.8791706,12.5396542,"",3,6,3,1,1,1,,"",,alan.fantetti@intotherevenue.com,"","",3288058515,"",,"","","","","","","","","","","","","","","","","","","","","","","","","","","","","","","","",""
95,397778,Guest House o Affittacamere,AFFITTACAMERE O GUEST HOUSE EVERGREEN,Via Milazzo,23,41.9024118,12.5052691,"",3,12,6,2,2,2,,"",,fabrizio.petruccioli@tin.it,"","",3332111274,"",,"","","","","","","","","","","","","","","","","","","","","","","","","","","","","","","","",""
96,397047,Guest House o Affittacamere,AFFITTACAMERE O GUEST HOUSE MERAVIGLIE A ROMA,Vicolo Del Bologna,33,41.891298,12.4687472,"",2,9,5,1,4,,,"",3345743063,info@trasteverino.it,b&b 26 scalini a trastevere,"",3345743063,www.trasteverino.it,,"","","","","","","","","","","","","","","","","","","","","","","","","","","","","","","","",""
97,397922,Guest House o Affittacamere,AFFITTACAMERE O GUEST HOUSE RIPETTA HARBOUR SUITES,Via di Ripetta,12,41.9092889,12.4765411,"",2,5,3,1,2,,,"",,info@ripettaharborsuites.com,"","",3475909254,www.ripettaharborsuite.com,,"","","","","","","","","","","","","","","","","","","","","","","","","","","","","","","","",""
98,396353,Guest House o Affittacamere,AFFITTACAMERE O GUEST HOUSE SOLE E LUNA,Via Merulana,117,41.8904539,12.5030513,"",2,8,3,,2,,1,"",3286026918,simone.fares71@gmail.com,"","",3286026918,"",,"","","","","","","","","","","","","","","","","","","","","","","","","","","","","","","","",""
99,397221,Guest House o Affittacamere,affittacamere o guesthouse  GLANCE IN ROME,Via Genova,24,41.8992897,12.4922611,"",3,15,6,,4,1,1,"",,info@glanceinrome.com,"","",648913074,"",,"","","","","","","","","","","","","","","","","","","","","","","","","","","","","","","","",""
100,396269,Guest House o Affittacamere,affittacamere o guesthouse  NAVONA CHIC,Via dei Sediari,8,41.8977498,12.4747551,"",3,12,6,,6,,,"",,navonachic@gmail.com,"","",3398251180,"",,"","","","","","","","","","","","","","","","","","","","","","","","","","","","","","","","",""
101,395819,Guest House o Affittacamere,AFFITTACAMERE ONDINA,Via Flaminia,29,41.9132092,12.4751886,"",3,10,5,,5,,,"",,"","","",,"",,"","","","","","","","","","","","","","","","","","","","","","","","","","","","","","","","",""
102,396617,Guest House o Affittacamere,Affittacamere PASCI,Via Prenestina,170,41.8872259,12.5394048,"",3,10,5,,5,,,"",3930518373,amministrazionerooms@pasciaroma.com,"","",3930518373,"",,"","","","","","","","","","","","","","","","","","","","","","","","","","","","","","","","",""
103,397721,Guest House o Affittacamere,affittacamere piazza di spagna just for us ,Via del Babuino,104,41.9067518,12.481071,"",2,4,2,,2,,,"",,cristel.faliero@yahoo.it,"","",3249865921,"",,"","","","","","","","","","","","","","","","","","","","","","","","","","","","","","","","",""
104,395056,Guest House o Affittacamere,AFFITTACAMERE RESIDENZA EDOARDO I,Via Giovanni Bettolo,36,41.911805,12.4569543,"",2,8,4,,4,,,"",,"","","",,"",,"","","","","","","","","","","","","","","","","","","","","","","","","","","","","","","","",""
105,396460,Guest House o Affittacamere,AFFITTACAMERE RESIDENZA SCIARRA,Vicolo Sciarra,61,41.8994451,12.481393,"",3,8,4,,4,,,"",,residenzasciarra@gmail.com,"","",645439953,https://residenza-sciarra.business.site,,"","","","","","","","","","","","","","","","","","","","","","","","","","","","","","","","",""
106,394810,Guest House o Affittacamere,AFFITTACAMERE ROOMS MONTEVERDE,Piazza Carlo Alberto Scotti,20,41.8695721,12.4457416,"",3,6,4,2,2,,,"",,"","","",,"",,"","","","","","","","","","","","","","","","","","","","","","","","","","","","","","","","",""
107,397678,Guest House o Affittacamere,AFFITTACAMERE SAN PIETRO RESORT,Via Tommaso Campanella,41,41.9101127,12.4501614,"",3,9,4,,3,1,,"",,riccialfonso97@gmail.com,"","",3499248068,"",,"","","","","","","","","","","","","","","","","","","","","","","","","","","","","","","","",""
108,396196,Guest House o Affittacamere,AFFITTACAMERE SETTE A,Via Antonio Salandra,1 A,41.9057695,12.4955605,"",3,13,6,1,3,2,,"",,settea.hotel@gmail.com,"","",3335474132,"",,"","","","","","","","","","","","","","","","","","","","","","","","","","","","","","","","",""
109,395648,Guest House o Affittacamere,AFFITTACAMERE SOGGIORNO FENICIA,Via Milazzo,20,41.9021999,12.5045539,"",3,8,4,,4,,,"",,shikdargroup@pec.it,"","",6490342,"",,"","","","","","","","","","","","","","","","","","","","","","","","","","","","","","","","",""
110,397603,Guest House o Affittacamere,Affittacamere ST PETER'S VIEW,Via di Porta Cavalleggeri,107,41.8995512,12.4535112,"",3,11,4,,2,1,1,"",,luca.ruggeri_87@libero.it,"","",3382431417,"",,"","","","","","","","","","","","","","","","","","","","","","","","","","","","","","","","",""
111,395700,Guest House o Affittacamere,AFFITTACAMERE TERRAZZA MUNIRA,Via Emilio Morosini,14,41.8859683,12.4686635,"",2,8,4,2,,2,,"",,host.trastevere14@gmail.com,"","",3514992022,"",,"","","","","","","","","","","","","","","","","","","","","","","","","","","","","","","","",""
112,397619,Guest House o Affittacamere,Affittacamere THEWESLEY ROME SRL,Via del Banco di Santo Spirito,3,41.9010385,12.4667428,"",2,16,5,1,1,,2,"",668139561,info@thewesleyrome.com,"","",668807953,"",,"","","","","","","","","","","","","","","","","","","","","","","","","","","","","","","","",""
113,397479,Guest House o Affittacamere,Affittacamere tiburstation 2,Via Tiburtina,548,41.9084288,12.5429344,"",3,7,3,,2,1,,"",,ri.orlandi@libero.it,"","",3336552123,"",,"","","","","","","","","","","","","","","","","","","","","","","","","","","","","","","","",""
114,395870,Guest House o Affittacamere,AFFRESCHI SU ROMA,Via Giuseppe Zanardelli,7,41.901237,12.4723514,"",3,16,6,,3,2,1,"",,"","","",,"",,"","","","","","","","","","","","","","","","","","","","","","","","","","","","","","","","",""
115,397520,Guest House o Affittacamere,AFIYA GUEST HOUSE O AFFITTACAMERE,Via Castelfidardo,48,41.9066177,12.5008876,"",3,6,2,,1,,1,"",,afiyarahman48@gmail.com,"","",3491119593,"",,"","","","","","","","","","","","","","","","","","","","","","","","","","","","","","","","",""
116,395807,Guest House o Affittacamere,AGER VATICANUS,Piazza Santa Maria delle Grazie,3,41.9070172,12.4498648,"",2,6,3,,3,,,"",,"","","",,"",,"","","","","","","","","","","","","","","","","","","","","","","","","","","","","","","","",""
117,396229,Guest House o Affittacamere,AGLI HORTI SALLUSTIANI DI FABIO MARIO SALVATORE,Via Quintino Sella,3,41.9067848,12.4969576,"",2,10,5,,5,,,"",,info@aglihortisallustiani.com,"","",3385649977,www.aglihortisallustiani.com,,"","","","","","","","","","","","","","","","","","","","","","","","","","","","","","","","",""
118,396518,Guest House o Affittacamere,AI SENATORI,Via Caio Mario,8,41.9083144,12.461068,"",3,7,3,,2,1,,"",3701375445,info@cardinalinnroma.it,"","",66943519,www.cardinalinnroma.it,,"","","","","","","","","","","","","","","","","","","","","","","","","","","","","","","","",""
119,397161,Guest House o Affittacamere,AIDA CHARMING ROOMS,Viale dei Colli Portuensi,226,41.8692289,12.4431182,"",3,10,5,,5,,,"",3278823608,aida.casa226@gmail.com,"","",683903507,"",,"","","","","","","","","","","","","","","","","","","","","","","","","","","","","","","","",""
120,406502,Guest House o Affittacamere,AKINITA GUEST HOUSE O AFFITTACAMERE,Via Caianello,53,41.8881668,12.5433334,"",2,3,1,,,1,,"",,homa.vacation@yahoo.com,"","",3282554494,"",,"","","","","","","","","","","","","","","","","","","","","","","","","","","","","","","","",""
121,395361,Guest House o Affittacamere,AL BORGO 64,Borgo Pio,64,41.9037079,12.4602405,"",2,8,3,,2,,1,"",,"","","",,"",,"","","","","","","","","","","","","","","","","","","","","","","","","","","","","","","","",""
122,395443,Guest House o Affittacamere,AL CASALE DEL VEIO,Via Pomponesco,1,42.0374898,12.4682318,"",3,8,6,4,2,,,"",,"","","",,"",,"","","","","","","","","","","","","","","","","","","","","","","","","","","","","","","","",""
123,396163,Guest House o Affittacamere,AL CENTOUNDICI guest house o affittacamere,Via Cola di Rienzo,111,41.9083778,12.4661182,"",3,8,4,1,2,1,,"",3494974476,noemipallino73@gmail.com,"","",3494974476,"",,"","","","","","","","","","","","","","","","","","","","","","","","","","","","","","","","",""
124,395445,Guest House o Affittacamere,AL GIARDINO DELLE TARTARUGHE,Via Dante De Blasi,31,41.8601384,12.4450501,"",2,8,4,,4,,,"",,"","","",,"",,"","","","","","","","","","","","","","","","","","","","","","","","","","","","","","","","",""
125,397807,Guest House o Affittacamere,AL IRAM NAPOLEONE III GUEST HOUSE O AFFITTACAMERE,Via Napoleone III,22,41.8971463,12.5016404,"",3,11,5,1,2,2,,"",3342672828,dipoitaly@yahoo.com,"","",64455508,"",,"","","","","","","","","","","","","","","","","","","","","","","","","","","","","","","","",""
126,397500,Guest House o Affittacamere,AL PANTHEON CON THOMAS MANN guest house o affittacamere,Via del Pantheon,57,41.8997045,12.4768801,"",3,8,4,1,2,1,,"",,pantheonbb@msn.com,"","",3334391560,"",,"","","","","","","","","","","","","","","","","","","","","","","","","","","","","","","","",""
127,397452,Guest House o Affittacamere,AL RELAIS,Via Palermo,36,41.899602,12.492923,"",3,12,6,,6,,,"",,masroma2013@gmail.com,"","",694534185,"",,"","","","","","","","","","","","","","","","","","","","","","","","","","","","","","","","",""
128,397882,Guest House o Affittacamere,Alba Guest House o Affittacamere,Via Candia,111,41.9077837,12.4519091,"",3,6,3,,3,,,"",3477490771,albabedandbreakfast@gmail.com,"","",3477490771,"",,"","","","","","","","","","","","","","","","","","","","","","","","","","","","","","","","",""
129,397904,Guest House o Affittacamere,ALBACHIARA GUEST HOUSE DI SCALI SUSANNA,Via Albalonga,60,41.8795505,12.5129654,"",3,8,4,,4,,,"",3272903861,susanna.scali@pec.libero.it,"","",3272903861,"",,"","","","","","","","","","","","","","","","","","","","","","","","","","","","","","","","",""
130,396965,Guest House o Affittacamere,ALBADOMUS,Circonvallazione Nomentana,488,41.9122799,12.5278753,"",2,12,6,1,4,1,,"",3895076120,albadomusromeinn@gmail.com,"","",3895076120,www.albadomusroma.com,,"","","","","","","","","","","","","","","","","","","","","","","","","","","","","","","","",""
131,397886,Guest House o Affittacamere,ALEA HOME ROMA,Via Francesco Caracciolo,6,41.9081527,12.4501826,"",3,5,3,1,2,,,"",3924795382,info@alearoma.com,"","",3924795382,www.alearoma.com,,"","","","","","","","","","","","","","","","","","","","","","","","","","","","","","","","",""
132,395366,Guest House o Affittacamere,ALESSANDRO A SAN PIETRO BEST BED,Via Silvio Pellico,44,41.9134678,12.4591722,"",3,7,5,3,2,,,"",,"","","",,"",,"","","","","","","","","","","","","","","","","","","","","","","","","","","","","","","","",""
133,397246,Guest House o Affittacamere,Alessandro guest house o affittacamere,Via Conte Verde,16,41.8936808,12.5062532,"",3,6,2,,,2,,"",,"","","",,"",,"","","","","","","","","","","","","","","","","","","","","","","","","","","","","","","","",""
134,395352,Guest House o Affittacamere,ALESSIA E CALLIOPE,Via Pelagio I,12,41.8981579,12.4570561,"",2,9,5,1,4,,,"",,"","","",,"",,"","","","","","","","","","","","","","","","","","","","","","","","","","","","","","","","",""
135,395620,Guest House o Affittacamere,ALEX E SERGIO HOUSE,Via Milazzo,23,41.9024118,12.5052691,"",2,6,4,2,2,,,"",,"","","",,"",,"","","","","","","","","","","","","","","","","","","","","","","","","","","","","","","","",""
136,395851,Guest House o Affittacamere,ALEX INN,Via Emilia,47,41.907582,12.4888202,"",1,8,4,,4,,,"",,"","","",,"",,"","","","","","","","","","","","","","","","","","","","","","","","","","","","","","","","",""
137,397158,Guest House o Affittacamere,Alex place guest house o affittacamere,Viale Castro Pretorio,25,41.9034995,12.5073526,"",3,16,5,,1,2,2,"",,fplaceinrome@gmail.com,"","",637500662,"",,"","","","","","","","","","","","","","","","","","","","","","","","","","","","","","","","",""
138,394809,Guest House o Affittacamere,ALEX'S GUEST HOUSE,Via Cesare Pascarella,46,41.8766197,12.4671079,"",2,6,3,,3,,,"",,"","","",,"",,"","","","","","","","","","","","","","","","","","","","","","","","","","","","","","","","",""
139,395197,Guest House o Affittacamere,ALIBERT SUITE,Via Margutta,61,41.907338,12.4808414,"",2,14,6,,5,,1,"",,"","","",,"",,"","","","","","","","","","","","","","","","","","","","","","","","","","","","","","","","",""
140,394757,Guest House o Affittacamere,ALISSA SUITE DREAM GUEST HOUSE O AFFITTACAMERE,Via Graziano,15,41.8990679,12.4302459,"",2,6,3,,3,,,"",,t.cerban1982@gmail.com,"","",38047982599,"",,"","","","","","","","","","","","","","","","","","","","","","","","","","","","","","","","",""
141,400159,Guest House o Affittacamere,ALL IN ROME ETRURIA GUEST HOUSE O AFFITTACAMERE,Via Etruria,12,41.8789139,12.5136807,"",2,4,2,,2,,,"",3490551837,amministrazione@allsrls.com,"","",3490551837,www.allinrome.it,,"","","","","","","","","","","","","","","","","","","","","","","","","","","","","","","","",""
142,400457,Guest House o Affittacamere,ALL IN ROME RE DI ROMA GUEST HOUSE O AFFITTACAMERE,Via Pomezia,8,41.879879,12.5116541,"",2,6,3,,3,,,"",3286749347,amministrazione@allsrls.com,"","",3286749347,www.allinrome.it,,"","","","","","","","","","","","","","","","","","","","","","","","","","","","","","","","",""
143,396582,Guest House o Affittacamere,ALL INN ROME UMBERTO Guest House o Affittacamere,Via Principe Umberto,37,41.8948175,12.5088033,"",2,6,3,,3,,,"",,p.umberto@allinrome.it,"","",3333452199,"",,"","","","","","","","","","","","","","","","","","","","","","","","","","","","","","","","",""
144,397581,Guest House o Affittacamere,All'obelisco Guest House o Affittacamere,Via Gregoriana,25,41.9055916,12.4837353,"",2,5,3,1,2,,,"",,obelisk.beb@libero.it,"","",3292189713,"",,"","","","","","","","","","","","","","","","","","","","","","","","","","","","","","","","",""
145,395206,Guest House o Affittacamere,ALL'OMBRA DEL CUPOLONE DI WALTER FIORUCCI GUEST HOUSE,Viale delle Mura Aurelie,19,41.8996649,12.4568221,"",3,6,3,,3,,,"",,"","","",,"",,"","","","","","","","","","","","","","","","","","","","","","","","","","","","","","","","",""
146,395717,Guest House o Affittacamere,ALL'OROLOGIO GUEST HOUSE,Via dei Banchi Nuovi,47,41.8993944,12.4676487,"",3,8,4,,4,,,"",,"","","",,"",,"","","","","","","","","","","","","","","","","","","","","","","","","","","","","","","","",""
147,397445,Guest House o Affittacamere,ALL SEASONS,Viale Manzoni,81,41.8935159,12.5103049,"",2,8,4,,4,,,"",,"","","",,"",,"","","","","","","","","","","","","","","","","","","","","","","","","","","","","","","","",""
148,396542,Guest House o Affittacamere,ALLA BASILICA ROOMS guest house o affittacamere,Viale Carlo Felice,77,41.8874602,12.5113968,"",3,4,2,,2,,,"",,q.casavacanza@gmail.com,"","",3888623776,"",,"","","","","","","","","","","","","","","","","","","","","","","","","","","","","","","","",""
149,395563,Guest House o Affittacamere,ALLA ROMA DEI PAPI,Piazza Adriana,5,41.9048344,12.4679969,"",1,10,6,2,4,,,"",,info@romadeipapi.com,"","",668192719,www.romadeipapi.com,,"","","","","","","","","","","","","","","","","","","","","","","","","","","","","","","","",""
150,398047,Guest House o Affittacamere,ALLEGRA'S HOUSE ,Via Vespasiano,12,41.9068775,12.4565746,"",3,8,3,,2,,1,"",,"","","",,"",,"","","","","","","","","","","","","","","","","","","","","","","","","","","","","","","","",""
151,397849,Guest House o Affittacamere,ALLEGRA'S HOUSE CARACCIOLO,Via Francesco Caracciolo,4,41.9082,12.4501052,"",3,8,4,,4,,,"",,info@allegrashouse.com,"","",3394101419,"",,"","","","","","","","","","","","","","","","","","","","","","","","","","","","","","","","",""
152,396433,Guest House o Affittacamere,ALLEGRA'S SUITES ROME GUEST HOUSE O AFFITTACAMERE,Via degli Scipioni,147,41.9092166,12.4601452,"",3,7,3,,2,1,,"",,nausica.suriano@gmail.com,"","",3389929922,"",,"","","","","","","","","","","","","","","","","","","","","","","","","","","","","","","","",""
153,397362,Guest House o Affittacamere,almat guest house o affittacamere,Via del Portico d'Ottavia,7 A,41.8929946,12.4775669,"",2,11,4,,1,3,,"",,info.almait@gmail.com / residenzasiciliasrl@pec.it,"","",3482410361,"",,"","","","","","","","","","","","","","","","","","","","","","","","","","","","","","","","",""
154,395574,Guest House o Affittacamere,ALMI ROOMS,Via dell'Assunzione,11,41.9133742,12.4152006,"",2,6,3,,3,,,"",,"","","",,"",,"","","","","","","","","","","","","","","","","","","","","","","","","","","","","","","","",""
155,395242,Guest House o Affittacamere,ALTADOMUS ROMA guest house o affittacamere,Via Principe Amedeo,9,41.9000259,12.4981659,"",3,20,6,,1,3,1,"",,maxcolan@gmail.com,"","",3275444972,"",,"","","","","","","","","","","","","","","","","","","","","","","","","","","","","","","","",""
156,397900,Guest House o Affittacamere,Altair Guest House o Affittacamere,Via Taranto,90,41.8840779,12.5163365,"",2,7,4,1,3,,,"",,lucaconfortini4@gmail.com,"","",3393201121,"",,"","","","","","","","","","","","","","","","","","","","","","","","","","","","","","","","",""
157,396153,Guest House o Affittacamere,ALTHEA INN ROOF TERRACE GUEST HOUSE O AFFITTACAMERE,Via Dei Conciatori,9,41.8744555,12.4788516,"",1,12,6,,6,,,"",3394353717,info@altheainn.com,"","",698932666,"",,"","","","","","","","","","","","","","","","","","","","","","","","","","","","","","","","",""
158,397783,Guest House o Affittacamere,AMARANTO ROMANO,Via Nazionale,243,41.901484,12.4940831,"",3,13,6,1,3,2,,"",,11334711006@pec.it,"","",648906830,"",,"","","","","","","","","","","","","","","","","","","","","","","","","","","","","","","","",""
159,395891,Guest House o Affittacamere,ambra bed guest house o affittacamere,Via Collatina,960,41.9209653,12.663497,"",3,4,3,2,1,,,"",3274794721,goodservices@outlook.it,"","",3274794721,"",,"","","","","","","","","","","","","","","","","","","","","","","","","","","","","","","","",""
160,397587,Guest House o Affittacamere,AMOR,Piazza di Pasquino,69 A,41.8976044,12.4722063,"",2,8,4,,4,,,"",,"","","",,"",,"","","","","","","","","","","","","","","","","","","","","","","","","","","","","","","","",""
161,396986,Guest House o Affittacamere,AMOR DI AB ENTERPRISE,Viale Giulio Cesare,183,41.9089982,12.4573173,"",3,10,5,,5,,,"",,amor.beb2012@gmail.com,"","",3331171735,"",,"","","","","","","","","","","","","","","","","","","","","","","","","","","","","","","","",""
162,397327,Guest House o Affittacamere,AMOROMA SUITE guest house o affittacamere,Via Volturno,2 C,41.9051593,12.4990167,"",3,8,4,1,2,1,,"",,dcasicci@gmail.com,"","",3202261991,"",,"","","","","","","","","","","","","","","","","","","","","","","","","","","","","","","","",""
163,396070,Guest House o Affittacamere,ANAS PRIME PLACE guest house o affittacamere di al amin Hoque,Via Palestro,56,41.9046592,12.5047791,"",3,13,5,,2,3,,"",,acmuchmore49@legalmail.it,"","",3892553377,"",,"","","","","","","","","","","","","","","","","","","","","","","","","","","","","","","","",""
164,408810,Guest House o Affittacamere,ANASTASIO SUITES 'Guest House o Affittacamere',Via Anastasio II,130,41.8971996,12.4420542,"",3,5,2,,1,1,,"",3284476744,tesorolosrl@gmail.com,"","",3406181672,"",,"","","","","","","","","","","","","","","","","","","","","","","","","","","","","","","","",""
165,397059,Guest House o Affittacamere,Anastasio Vatican Rooms Guest House o Affittacamere,Via Anastasio II,139,41.8975722,12.4417381,"",2,7,3,,2,1,,"",,claudio.pascucci19@gmail.com,"","",3357199797,"",,"","","","","","","","","","","","","","","","","","","","","","","","","","","","","","","","",""
166,396949,Guest House o Affittacamere,ANCIENT ROME,Via Nazionale,230,41.9010294,12.4932468,"",2,12,6,1,4,1,,"",,"","","",,"",,"","","","","","","","","","","","","","","","","","","","","","","","","","","","","","","","",""
167,395053,Guest House o Affittacamere,Andromeda GUEST HOUSE O AFFITTACAMERE,Via Collina,48,41.9087084,12.4974257,"",3,8,4,,4,,,"",,gialelroma@gmail.com,"","",3934080937,"",,"","","","","","","","","","","","","","","","","","","","","","","","","","","","","","","","",""
168,402920,Guest House o Affittacamere,ANDY & LU 2 guest house o affittacamere,Via Castelfidardo,31,41.9064508,12.5007535,"",3,5,4,3,1,,,"",,lulupiacentini@gmail.com,"","",3339279062,"",,"","","","","","","","","","","","","","","","","","","","","","","","","","","","","","","","",""
169,396877,Guest House o Affittacamere,ANDY & LU guest house o affittacamere,Via Castelfidardo,31,41.9064508,12.5007535,"",3,3,3,3,,,,"",,perret@live.it,"","",3333138602,"",,"","","","","","","","","","","","","","","","","","","","","","","","","","","","","","","","",""
170,395334,Guest House o Affittacamere,ANFITEATRO SUITE,Via Ostilia,59,41.8879059,12.4947447,"",2,8,4,1,2,1,,"",,"","","",,"",,"","","","","","","","","","","","","","","","","","","","","","","","","","","","","","","","",""
171,395515,Guest House o Affittacamere,ANGEL HOUSE,Via Genova,24,41.8992897,12.4922611,"",2,5,3,1,2,,,"",,"","","",,"",,"","","","","","","","","","","","","","","","","","","","","","","","","","","","","","","","",""
172,394762,Guest House o Affittacamere,ANGEL ROOMS,Viale Castro Pretorio,25,41.9034995,12.5073526,"",3,14,5,,1,4,,"",,angel_srls@legalmail.it,"","",3472642437,"",,"","","","","","","","","","","","","","","","","","","","","","","","","","","","","","","","",""
173,397829,Guest House o Affittacamere,ANGELICA guest house o affittacamere,Via dei Mille,41 A,41.9018673,12.5053587,"",3,10,4,,2,2,,"",,angel_srls@legalmail.it,"","",3472642437,"",,"","","","","","","","","","","","","","","","","","","","","","","","","","","","","","","","",""
174,396742,Guest House o Affittacamere,ANGELINA DIMORA MODERNA,Via Cicerone,28,41.9063075,12.4689188,"",2,14,5,,2,2,1,"",3929431637,angelinabb13@gmail.com,"","",3299431637,www.bed-boat.it,,"","","","","","","","","","","","","","","","","","","","","","","","","","","","","","","","",""
175,398032,Guest House o Affittacamere,ANGELO GUESTHOUSE Guest House o Affittacamere,Piazza della Rovere,115,41.8994224,12.4619832,"",3,7,4,1,3,,,"",3406181672,tesorolo@legalmail.it,"","",3284476744,"",,"","","","","","","","","","","","","","","","","","","","","","","","","","","","","","","","",""
176,395714,Guest House o Affittacamere,ANGELS IN ROME,Via Po  -       ,39,41.9169309,12.498171,"",3,8,4,,4,,,"",,"","","",,"",,"","","","","","","","","","","","","","","","","","","","","","","","","","","","","","","","",""
177,397375,Guest House o Affittacamere,ANGIHOME guest house o affittacamere,Via dei Mille,6,41.9041924,12.5030551,"",3,24,6,,1,1,1,"",,rafroma08@gmail.com,"","",3488028841,"",,"","","","","","","","","","","","","","","","","","","","","","","","","","","","","","","","",""
178,396198,Guest House o Affittacamere,angolo di roma s.r.l.s.,Via Cairoli,31,41.892399,12.5061092,"",3,6,3,,3,,,"",,info.angolodiroma@gmail.com,"","",3920542399,"",,"","","","","","","","","","","","","","","","","","","","","","","","","","","","","","","","",""
179,397674,Guest House o Affittacamere,ANGOLO DI ROMA SRLS,Via Cairoli,31,41.892399,12.5061092,"",3,6,3,,3,,,"",,info.angolodiroma@gmail.com,"","",3920542399,"",,"","","","","","","","","","","","","","","","","","","","","","","","","","","","","","","","",""
180,397529,Guest House o Affittacamere,ANICE Guest House o Affittacamere,Via Prenestina,370,41.8940789,12.5567746,"",2,8,4,1,2,1,,"",,rosemalo4@gmail.com,"","",3920544974,"",,"","","","","","","","","","","","","","","","","","","","","","","","","","","","","","","","",""
181,396362,Guest House o Affittacamere,ANN INN GUEST HOUSE O AFFITTACAMERE,Via Machiavelli,59,41.8933312,12.504149,"",3,9,6,3,3,,,"",,anninn@email.it,"","",3495738643,"",,"","","","","","","","","","","","","","","","","","","","","","","","","","","","","","","","",""
182,397981,Guest House o Affittacamere,ANNA GUEST HOUSE,Via Giuseppe De Camillis,4,41.8998727,12.4289972,"",3,10,5,,5,,,"",,annaguesthouse21@gmail.com,"",annaguesthouse,3270386139,www.annaguesthouse.it,,"","","","","","","","","","","","","","","","","","","","","","","","","","","","","","","","",""
183,395521,Guest House o Affittacamere,AnnaB,Via Cernaia,15,41.9057075,12.4991941,"",2,4,3,2,1,,,"",,"","","",,"",,"","","","","","","","","","","","","","","","","","","","","","","","","","","","","","","","",""
184,395473,Guest House o Affittacamere,ANNO DOMINI,Via Anastasio II,5,41.895589,12.4381087,"",3,7,3,,2,1,,"",,radrooms@legalmail.it,"","",3883549859,"",,"","","","","","","","","","","","","","","","","","","","","","","","","","","","","","","","",""
185,396047,Guest House o Affittacamere,Anthony Guesthouse,Via Palestro,30,41.9061122,12.5030513,"",3,14,5,,2,2,1,"",,info@anthonybb.it,"","",683087543,"",,"","","","","","","","","","","","","","","","","","","","","","","","","","","","","","","","",""
186,397669,Guest House o Affittacamere,ANTICA DIMORA DEL CORSO GUEST HOUSE O AFFITTACAMERE,Via delle Convertite,5,41.9026128,12.4800186,"",1,11,6,1,5,,,"",,telierhotellerie@gmail.com,"","",639737247,"",,"","","","","","","","","","","","","","","","","","","","","","","","","","","","","","","","",""
187,398019,Guest House o Affittacamere,ANTICA LOCANDA DELL'ORSO GUST HOUSE O AFFITTACAMERE,Via dell'Orso,14,41.901946,12.4727255,"",2,9,6,4,1,1,,"",,mattoni.d.a.group@gmail.com,"","",3397665947,"",,"","","","","","","","","","","","","","","","","","","","","","","","","","","","","","","","",""
188,397611,Guest House o Affittacamere,ANTICA LOCANDA DI PIAZZA DEL POPOLO GUEST HOUSE O AFFITTACAMERE,Via Gian Domenico Romagnosi,3,41.9116191,12.4738423,"",2,7,3,,2,1,,"",,amministrazione@dapuzzo.it,"","",3349176522,"",,"","","","","","","","","","","","","","","","","","","","","","","","","","","","","","","","",""
189,398044,Guest House o Affittacamere,ANTICA LOCANDA DI PIAZZA NAVONA GUEST HOUSE O AFFITTACAMERE,Via dell'Orso,14,41.901946,12.4727255,"",2,9,6,4,1,1,,"",,mattoni.d.a.group@gmail.com,"","",3397665947,"",,"","","","","","","","","","","","","","","","","","","","","","","","","","","","","","","","",""
190,396543,Guest House o Affittacamere,ANTICA RESIDENZA C,Via dell'Arco della Ciambella,19,41.8968455,12.4769666,"",3,11,6,1,5,,,"",,"","","",,"",,"","","","","","","","","","","","","","","","","","","","","","","","","","","","","","","","",""
191,397745,Guest House o Affittacamere,ANTICA RESIDENZA DEL CORSO GUEST HOUSE O AFFITTACAMERE,Via delle Convertite,5,41.9026128,12.4800186,"",2,13,6,,5,1,,"",,telierhotellerie@gmail.com,"","",639737247,"",,"","","","","","","","","","","","","","","","","","","","","","","","","","","","","","","","",""
192,395553,Guest House o Affittacamere,ANTICO RELAIS A TRASTEVERE,Via delle Fratte di Trastevere,44 A,41.8878213,12.4721402,"",2,10,5,,5,,,"",,"","","",,"",,"","","","","","","","","","","","","","","","","","","","","","","","","","","","","","","","",""
193,395221,Guest House o Affittacamere,Antiqua Domus Guest House o Affittacamere,Via Nazionale,243,41.901484,12.4940831,"",2,7,3,1,1,,1,"",,giuliocosi@gmail.com,"","",3401923356,"",,"","","","","","","","","","","","","","","","","","","","","","","","","","","","","","","","",""
194,408568,Guest House o Affittacamere,ANTONELLA GUEST HOUSE O AFFITTACAMERE,Vicolo del Puttarello,31,41.9003582,12.4841519,"",2,4,2,,2,,,"",3387127502,mariantonellamaccarone@gmail.com,"","",3387127502,"",,"","","","","","","","","","","","","","","","","","","","","","","","","","","","","","","","",""
195,408522,Guest House o Affittacamere,AP ROYAL GUEST HOUSE O AFFITTACAMERE,Via Appia Nuova,225,41.8793739,12.5174482,"",2,12,4,,2,1,,"",,p.iannone@tesiasrl.com,"","",3356269055,www.aproyalroma.com,,"","","","","","","","","","","","","","","","","","","","","","","","","","","","","","","","",""
196,396954,Guest House o Affittacamere,APARTMENT BABUINO & SUITES guest house o affittacamere,Via del Babuino,51,41.9085114,12.4790055,"",3,7,3,,2,1,,"",,antonio.licausi@gmail.com,"","",3939977799,"",,"","","","","","","","","","","","","","","","","","","","","","","","","","","","","","","","",""
197,396669,Guest House o Affittacamere,APARTOP,Via Caio Mario,8,41.9083144,12.461068,"",3,5,3,1,2,,,"",,info@areainvest.it,"","",3487776904,"",,"","","","","","","","","","","","","","","","","","","","","","","","","","","","","","","","",""
198,395422,Guest House o Affittacamere,APIA SUITE,Via Bocca di Leone,25,41.9054804,12.4801807,"",3,4,1,,,,1,"",,"","","",,"",,"","","","","","","","","","","","","","","","","","","","","","","","","","","","","","","","",""
199,395326,Guest House o Affittacamere,APOLLO SUITE,Via Dei Serpenti,111,41.8966659,12.4901065,"",2,5,2,1,,,1,"",,"","","",,"",,"","","","","","","","","","","","","","","","","","","","","","","","","","","","","","","","",""
200,396168,Guest House o Affittacamere,APPIA AVENUE 639,Via Appia Nuova,639,41.8670641,12.5308336,"",3,14,6,,4,2,,"",3291832663,bonettesole@gmail.com,"","",645470918,http://appia639.it,645470918,"","","","","","","","","","","","","","","","","","","","","","","","","","","","","","","","",""
201,395544,Guest House o Affittacamere,APPIA NUOVA,Via Appia Nuova,555,41.8704568,12.5285572,"",2,6,3,,3,,,"",,"","","",,"",,"","","","","","","","","","","","","","","","","","","","","","","","","","","","","","","","",""
202,403571,Guest House o Affittacamere,Appian Private Suites Guest House o Affittacamere di Parjol Alexandru,Via Magnagrecia,95,41.8814178,12.5083556,"",3,12,6,,6,,,"",,ale76ro@yahoo.com,"","",3394353717,"",,"","","","","","","","","","","","","","","","","","","","","","","","","","","","","","","","",""
203,395808,Guest House o Affittacamere,APR GUESTHOUSE,Via di Santa Costanza,2,41.9226342,12.5131776,"",2,11,5,,4,1,,"",,"","","",,"",,"","","","","","","","","","","","","","","","","","","","","","","","","","","","","","","","",""
204,395026,Guest House o Affittacamere,AQUARIUS INN,Via Castelfidardo,34,41.9071489,12.5003355,"",3,6,3,,3,,,"",,"","","",,"",,"","","","","","","","","","","","","","","","","","","","","","","","","","","","","","","","",""
205,396462,Guest House o Affittacamere,AR ROOMS ROME GUEST HOUSE O AFFITTACAMERE,Circonvallazione Nomentana,180,41.9229736,12.5259219,"",2,10,4,,2,2,,"",,argroupsrl@pecaruba.it,"","",3275746056,"",,"","","","","","","","","","","","","","","","","","","","","","","","","","","","","","","","",""
206,408499,Guest House o Affittacamere,ARA DI MARTE HOME Guest House o Affittacamere,Via Frattina,57,41.9039085,12.4805839,"",2,5,2,,1,1,,"",,carola.sinisi@gmail.it,"","",3453023213,"",,"","","","","","","","","","","","","","","","","","","","","","","","","","","","","","","","",""
207,397751,Guest House o Affittacamere,ARA DI MARTE SUITES GUEST HOUSE O AFFITTACAMERE,Via di Campo Marzio,46,41.9029734,12.4778897,"",2,14,6,,4,2,,"",3453023213,info@aradimarte.com,"",aradimarte,668807445,www.aradimarte.comwww.aradimarte.com,,"","","","","","","","","","","","","","","","","","","","","","","","","","","","","","","","",""
208,395753,Guest House o Affittacamere,ARA PACIS HOLIDAYS INN,Via Muzio Clementi,9,41.9056022,12.4724761,"",3,9,4,1,1,2,,"",,"","","",,"",,"","","","","","","","","","","","","","","","","","","","","","","","","","","","","","","","",""
209,395794,Guest House o Affittacamere,ARA ROMAE,Via Generale Roberto Bencivenga,12,41.9314782,12.5288504,"",3,7,3,,2,1,,"",,"","","",,"",,"","","","","","","","","","","","","","","","","","","","","","","","","","","","","","","","",""
210,396218,Guest House o Affittacamere,ARA SUITE Guest House o Affittacamere,Lungotevere dei Mellini,10,41.9059776,12.4733764,"",3,12,6,,6,,,"",,francy.78b@gmail.com,"","",3474281988,"",,"","","","","","","","","","","","","","","","","","","","","","","","","","","","","","","","",""
211,396216,Guest House o Affittacamere,Arches Guest house o Affittacamere,Via Giovanni Bettolo,6,41.911465,12.4558898,"",2,16,6,,2,4,,"",,info@archesbb.com,"","",698856156,"",,"","","","","","","","","","","","","","","","","","","","","","","","","","","","","","","","",""
212,397738,Guest House o Affittacamere,ARCO DELLA CIAMBELLA,Via dell'Arco della Ciambella,19,41.8968455,12.4769666,"",3,9,4,,3,1,,"",,"","","",,"",,"","","","","","","","","","","","","","","","","","","","","","","","","","","","","","","","",""
213,396009,Guest House o Affittacamere,Arco di Gallieno Guest House o Affittacamere,Via Pellegrino Rossi,14,41.8951381,12.5016109,"",2,9,4,,3,1,,"",3479531949,androsca@gmail.com,"","",694840372,"",,"","","","","","","","","","","","","","","","","","","","","","","","","","","","","","","","",""
214,396011,Guest House o Affittacamere,Arena House,Via Marco Aurelio,37,41.8880798,12.4955615,"",3,9,6,3,3,,,"",,arenahouse2015@gmail.com,"","",697615384,"",,"","","","","","","","","","","","","","","","","","","","","","","","","","","","","","","","",""
215,397692,Guest House o Affittacamere,ARENA SUITE FONTANA DI TREVI Guest House o Affittacamere,Via In Arcione,92,41.9016576,12.4854219,"",3,10,4,,2,2,,"",3423189701,info@suitefontanaditrevi.it,suite fontana di trevi,"",66786762,www.suitefontanaditrevi.it,,"","","","","","","","","","","","","","","","","","","","","","","","","","","","","","","","",""
216,398024,Guest House o Affittacamere,Aria Rome Rooms,Via Domenico Fontana,12,41.8877768,12.5065461,"",2,9,3,,1,1,1,"",,giulianovangeli@gmail.com,"","",3897855266,"",,"","","","","","","","","","","","","","","","","","","","","","","","","","","","","","","","",""
217,408559,Guest House o Affittacamere,ARIOSTO'S LUXURY ROOMS GUEST HOUSE O AFFITTACAMERE,Via Ariosto,24,41.8903525,12.5046642,"",3,9,3,,,3,,"",,barbaramandozzi@gmail.com,"","",3493256925,"",,"","","","","","","","","","","","","","","","","","","","","","","","","","","","","","","","",""
218,406354,Guest House o Affittacamere,ARIS SQUARE ROME guest house o affittacamere,Via Palestro,87,41.903402,12.505986,"",3,7,6,5,1,,,"",,romecityin@gmail.com,"","",3920699191,"",,"","","","","","","","","","","","","","","","","","","","","","","","","","","","","","","","",""
219,394923,Guest House o Affittacamere,ARMONIA ALL'OPERA GUEST HOUSE O AFFITTACAMERE,Via del Viminale,38,41.9002489,12.4959438,"",2,11,5,,4,1,,"",,armoniaop@gmail.com,"","",3452152250,"",,"","","","","","","","","","","","","","","","","","","","","","","","","","","","","","","","",""
220,395024,Guest House o Affittacamere,ARMONIE ROMANE SRL,Via di Porta Fabbrica,33,41.8991053,12.453396,"",3,8,5,2,3,,,"",,"","","",,"",,"","","","","","","","","","","","","","","","","","","","","","","","","","","","","","","","",""
221,404563,Guest House o Affittacamere,ARNEIL ROOMS ROME GUEST HOUSE O AFFITTACAMERE,Via Giovanni Giolitti,213,41.897675,12.5048521,"",3,7,3,,2,1,,"",3886314021,arneil132000@yahoo.com,"","",3886314021,"",,"","","","","","","","","","","","","","","","","","","","","","","","","","","","","","","","",""
222,395889,Guest House o Affittacamere,AROMA guest house o affittacamere,Via Palestro,49,41.9047618,12.5042162,"",3,5,2,,1,1,,"",,mukta@italbangla.net,"","",3881797074,"",,"","","","","","","","","","","","","","","","","","","","","","","","","","","","","","","","",""
223,396455,Guest House o Affittacamere,ARON VACANZE AFFITTACAMERE,Via Vittorio Veneto,146,41.9090489,12.4882683,"",2,11,6,1,5,,,"",,aronvacanze@gmail.com,"","",3386945902,"",,"","","","","","","","","","","","","","","","","","","","","","","","","","","","","","","","",""
224,395957,Guest House o Affittacamere,ARPINELLI RELAIS,Via della Panetteria,1 C,41.9025938,12.4852427,"",2,10,5,,5,,,"",,"","","",,"",,"","","","","","","","","","","","","","","","","","","","","","","","","","","","","","","","",""
225,396970,Guest House o Affittacamere,ARRE,Via di Torre Argentina,47,41.8954633,12.4761558,"",1,12,6,,6,,,"",,"","","",,"",,"","","","","","","","","","","","","","","","","","","","","","","","","","","","","","","","",""
226,395209,Guest House o Affittacamere,ART. ATELIER ACCOMODATION BORGO GUEST HOUSE o AFFITTACAMERE,Via dei Tre Pupazzi,4,41.9044344,12.4620422,"",2,11,4,,1,3,,"",,borgo@artatelierroma.com,"","",3911018213,"",,"","","","","","","","","","","","","","","","","","","","","","","","","","","","","","","","",""
227,394825,Guest House o Affittacamere,ART ATELIER RISORGIMENTO GUEST HOUSE AFFITTACAMERE,Piazza Del Risorgimento,55,41.9057164,12.4585587,"",2,6,2,,1,,1,"",3423422074,info@artatelierroma.com,"","",3423422074,"",,"","","","","","","","","","","","","","","","","","","","","","","","","","","","","","","","",""
228,396971,Guest House o Affittacamere,ART ATELIER ROMA ACCOMODATION guest house o affittacamere,Via Crescenzio,82,41.9062858,12.4606962,"",2,9,4,,3,1,,"",3423422074,info@artatelierroma.com,"","",668300582,www.artatelierroma.com,668300582,"","","","","","","","","","","","","","","","","","","","","","","","","","","","","","","","",""
229,394797,Guest House o Affittacamere,ART ATELIER VATICANO  GUEST HOUSE O AFFITTACAMERE,Piazza Americo Capponi,9,41.9047347,12.4605619,"",2,4,2,,2,,,"",3423422074,info@artatelierroma.com,"","",3423422074,"",,"","","","","","","","","","","","","","","","","","","","","","","","","","","","","","","","",""
230,396694,Guest House o Affittacamere,ART IN ACCOMMODATION,Via Ferruccio,46,41.8927829,12.5042415,"",2,8,5,2,3,,,"",,"","","",,"",,"","","","","","","","","","","","","","","","","","","","","","","","","","","","","","","","",""
231,397662,Guest House o Affittacamere,ART MARY,Via Milazzo,3,41.9016206,12.5043058,"",3,12,6,1,4,1,,"",,elisabettasiani78@gmail.com,"","",3394365383,"",,"","","","","","","","","","","","","","","","","","","","","","","","","","","","","","","","",""
232,396117,Guest House o Affittacamere,ART SUITE TORRE ARGENTINA - GUEST HOUSE O AFFITTACAMERE,Via di Torre Argentina,44,41.8953349,12.4762388,"",2,10,4,,2,2,,"",,amministrazione@pantheoncollection.com,"","",3299654280,"",,"","","","","","","","","","","","","","","","","","","","","","","","","","","","","","","","",""
233,395325,Guest House o Affittacamere,ART SUITES,Vicolo del Babuccio,37,41.900332,12.4845014,"",2,9,4,1,2,,1,"",,"","","",,"",,"","","","","","","","","","","","","","","","","","","","","","","","","","","","","","","","",""
234,395338,Guest House o Affittacamere,ARTEMIS,Via Nazionale,243,41.901484,12.4940831,"",3,7,5,3,2,,,"",,"","","",,"",,"","","","","","","","","","","","","","","","","","","","","","","","","","","","","","","","",""
235,396738,Guest House o Affittacamere,ARTEMISIA GUEST HOUSE,Via dei Lucchesi,29,41.899683,12.4839806,"",3,8,5,2,3,,,"",,"","","",,"",,"","","","","","","","","","","","","","","","","","","","","","","","","","","","","","","","",""
236,395756,Guest House o Affittacamere,ARTHOUSE,Via Carlo Alberto,8,41.8965088,12.5012883,"",3,5,2,,1,1,,"",,"","","",,"",,"","","","","","","","","","","","","","","","","","","","","","","","","","","","","","","","",""
237,396995,Guest House o Affittacamere,Arts & Rooms Rdt Guest House o Affittacamere,Via Germanico,54,41.9077694,12.4573377,"",2,5,3,1,2,,,"",,rentinrhome@gmail.com,"","",3938693887,"",,"","","","","","","","","","","","","","","","","","","","","","","","","","","","","","","","",""
238,397899,Guest House o Affittacamere,as boutique Piazza di Spagna  Guest House o Affittacamere,Vicolo delle Orsoline,31,41.9069273,12.4788851,"",3,5,3,1,2,,,"",,rhomesrl@legalmail.it,"","",3929791626,"",,"","","","","","","","","","","","","","","","","","","","","","","","","","","","","","","","",""
239,396816,Guest House o Affittacamere,AS RELAIS GUEST HOUSE O AFFITTACAMERE,Piazza Benedetto Cairoli,9 A,41.8940657,12.4745814,"",3,14,6,,5,,1,"",,"","","",,"",,"","","","","","","","","","","","","","","","","","","","","","","","","","","","","","","","",""
240,398460,Guest House o Affittacamere,Astom Suites GUEST HOUSE O AFFITTACAMERE,Via Boezio,31,41.9064897,12.4633825,"",2,11,6,1,5,,,"",,info.astomsrl@gmail.com.,"","",3889206843,"",,"","","","","","","","","","","","","","","","","","","","","","","","","","","","","","","","",""
241,395482,Guest House o Affittacamere,ASTRO,Via Napoleone III,58,41.8966438,12.5025427,"",2,12,6,,6,,,"",,"","","",,"",,"","","","","","","","","","","","","","","","","","","","","","","","","","","","","","","","",""
242,396376,Guest House o Affittacamere,AT 41 Guest House o Affittacamere,Via Torino,41,41.90313,12.494248,"",2,15,6,,4,1,1,"",,amministrazione@pragmanet.net,"","",65923321,"",,"","","","","","","","","","","","","","","","","","","","","","","","","","","","","","","","",""
243,397993,Guest House o Affittacamere,AT FORTY-ONE Guest House o Affittacamere,Via Torino,41,41.90313,12.494248,"",2,12,5,,4,,1,"",,amministrazione@pragmanet.net,"","",65923321,"",,"","","","","","","","","","","","","","","","","","","","","","","","","","","","","","","","",""
244,397875,Guest House o Affittacamere,AT HOME TWONHOUSE FILIBERTO,Via Emanuele Filiberto,109,41.8916638,12.505762,"",2,14,6,,4,2,,"",,francib.72@hotmail.it,"","",3356782457,"",,"","","","","","","","","","","","","","","","","","","","","","","","","","","","","","","","",""
245,395038,Guest House o Affittacamere,ATHENA GUEST HOUSE,Via Sabotino,2,41.9170033,12.4589573,"",2,12,4,,1,2,1,"",,rdintermediari@libero.it,"","",3405209548,"",,"","","","","","","","","","","","","","","","","","","","","","","","","","","","","","","","",""
246,395806,Guest House o Affittacamere,ATLANTIS INN ROMA,Via Muzio Clementi,9,41.9056022,12.4724761,"",3,12,5,,4,,1,"",,"","","",,"",,"","","","","","","","","","","","","","","","","","","","","","","","","","","","","","","","",""
247,395575,Guest House o Affittacamere,ATTICO DEI PINI,Via Novacella,18,41.8494518,12.4764465,"",3,18,6,1,1,1,3,"",,"","","",,"",,"","","","","","","","","","","","","","","","","","","","","","","","","","","","","","","","",""
248,395876,Guest House o Affittacamere,ATTICO ROMANTICA,Via Capitan Bavastro,136,41.8690211,12.4936993,"",2,6,3,,3,,,"",,"","","",,"",,"","","","","","","","","","","","","","","","","","","","","","","","","","","","","","","","",""
249,396103,Guest House o Affittacamere,ATYPICAL ROOMS guest house o affittacamere,Via Nazionale,66,41.899339,12.491388,"",3,13,6,,5,1,,"",,info@hotelgiolli.it,"","",64882393,"",,"","","","","","","","","","","","","","","","","","","","","","","","","","","","","","","","",""
250,397785,Guest House o Affittacamere,"Audrey's Roman Holidays - Rome Suite & Rooms, Guest House o Affittacamere",Via Cavour,44,41.8995747,12.4986641,"",2,8,3,,2,,1,"",3420015693,info@vaticangarden.com,vatican garden apartments,"",688656428,www.vaticangarden.com,,"","","","","","","","","","","","","","","","","","","","","","","","","","","","","","","","",""
251,395693,Guest House o Affittacamere,AUGUSTANA HOUSE,Lungotevere Marzio,3,41.9041383,12.4747968,"",2,12,6,,6,,,"",,"","","",,"",,"","","","","","","","","","","","","","","","","","","","","","","","","","","","","","","","",""
252,395930,Guest House o Affittacamere,AUGUSTANA SUITES GUEST HOUSE OA FFITTACAMERE,Lungotevere Marzio,9,41.9039087,12.4746867,"",2,9,4,,3,1,,"",,"","","",,"",,"","","","","","","","","","","","","","","","","","","","","","","","","","","","","","","","",""
253,394836,Guest House o Affittacamere,Aurelia 429 Fine Town House Guest House o Affittacamere,Via Aurelia,429,41.8979484,12.4303958,"",3,13,6,2,2,1,1,"",3883247721,aureliaroma429@gmail.com,"","",688922527,www.aurelia429.com,,"","","","","","","","","","","","","","","","","","","","","","","","","","","","","","","","",""
254,395072,Guest House o Affittacamere,AURELIA HOME GUEST HOUSE O AFFITTACAMERE,Via Aurelia,429,41.8979484,12.4303958,"",3,10,6,2,4,,,"",,aureliahomeroma@gmail.com,aurelia home guest house,"",3664909053,www.aureliahome.it,,"","","","","","","","","","","","","","","","","","","","","","","","","","","","","","","","",""
255,395386,Guest House o Affittacamere,AURELIA PALACE,Via Giovanni Pacchioni,31,41.8816867,12.3830379,"",2,6,3,,3,,,"",,"","","",,"",,"","","","","","","","","","","","","","","","","","","","","","","","","","","","","","","","",""
256,395576,Guest House o Affittacamere,AURELIA VATICAN APARTMENTS,Via dei Laterizi,20,41.9090361,12.4352725,"",3,21,7,,,3,4,"",,"","","",,"",,"","","","","","","","","","","","","","","","","","","","","","","","","","","","","","","","",""
257,396630,Guest House o Affittacamere,AURELIAN SUITES / Guest House o Affittacamere,Via Sant'Agatone Papa,50,41.8974525,12.4432271,"",3,10,5,1,3,1,,"",3284476744,tesorolosrls@gmail.com,"","",3406181672,"",,"","","","","","","","","","","","","","","","","","","","","","","","","","","","","","","","",""
258,396615,Guest House o Affittacamere,Aurelio Deluxe Rooms Guest House o Affittacamere,Via Gregorio VII,58,41.8969453,12.4497607,"",2,9,5,1,4,,,"",,ginoferretti@aureliodeluxe.it,"","",3515299520,www.aureliodeluxe.it,,"","","","","","","","","","","","","","","","","","","","","","","","","","","","","","","","",""
259,396422,Guest House o Affittacamere,AURORA BOREALE,Via di Portonaccio,21 A,41.9060989,12.5355169,"",3,10,5,,5,,,"",3270158176,auroraboreale.21a@gmail.com,"","",643253724,www.bebtiburtina.roma.it,643253724,"","","","","","","","","","","","","","","","","","","","","","","","","","","","","","","","",""
260,396359,Guest House o Affittacamere,AVA GUESTHOUSE O AFFITTACAMERE,Via Carlo Cattaneo,15,41.8971429,12.5011639,"",3,7,3,,2,1,,"",,geom.mastrobuono@gmail.com,"","",34527723964,"",,"","","","","","","","","","","","","","","","","","","","","","","","","","","","","","","","",""
261,397543,Guest House o Affittacamere,AVA II GUESTHOUSE O AFFITTACAMERE,Via Carlo Cattaneo,15,41.8971429,12.5011639,"",3,5,2,,1,1,,"",,rashidhemelsabbi@virgilio.it,"","",3886529958,"",,"","","","","","","","","","","","","","","","","","","","","","","","","","","","","","","","",""
262,395410,Guest House o Affittacamere,AVE DI MUHAMMAD SAJID,Via Lorenzo Il Magnifico,61,41.9121682,12.5254495,"",3,11,5,1,3,,1,"",,"","","",,"",,"","","","","","","","","","","","","","","","","","","","","","","","","","","","","","","","",""
263,397080,Guest House o Affittacamere,AVENA GUEST HOUSE O AFFITTACAMERE,Via di Santa Prassede,8,41.8960693,12.4990692,"",1,9,6,3,3,,,"",,santaprassedesrl@legalmail.,"","",669673277,"",,"","","","","","","","","","","","","","","","","","","","","","","","","","","","","","","","",""
264,397197,Guest House o Affittacamere,AVENTINO guest house - affittacamere,Viale Aventino,98,41.8816151,12.484974,"",3,8,4,,4,,,"",3355237950,guidorossi73@gmail.com,https://www.facebook.com/aventinoguesthouse/?ref=bookmarks,"",3314675450,www.aventinoguesthouse.com,,"","","","","","","","","","","","","","","","","","","","","","","","","","","","","","","","",""
265,396860,Guest House o Affittacamere,AVENTINO INN guest house - affittacamere,Viale Aventino,98,41.8816151,12.484974,"",3,11,6,1,5,,,"",,aventinosas@pec.it,https://www.facebook.com/aventinoguesthouse/?ref=bookmarks,"",393314675450,www.aventinoguesthouse.com,,"","","","","","","","","","","","","","","","","","","","","","","","","","","","","","","","",""
266,396393,Guest House o Affittacamere,AVIGNONESI SUITES,Via degli Avignonesi,"",41.903057,12.4874974,"",3,10,5,,5,,,"",,avignonesisuites@gmail.com,"","",3806417500,"",,"","","","","","","","","","","","","","","","","","","","","","","","","","","","","","","","",""
267,395342,Guest House o Affittacamere,AZZURRA GUEST HOUSE,Via Genova,30,41.8991116,12.4925898,"",3,12,5,,3,2,,"",,"","","",,"",,"","","","","","","","","","","","","","","","","","","","","","","","","","","","","","","","",""
268,397388,Guest House o Affittacamere,Azzurra Rooms Guest House o Affittacamere,Via Genova,30,41.8991116,12.4925898,"",3,10,4,,2,2,,"",,aghgsn@gmail.com,"","",6485420,"",,"","","","","","","","","","","","","","","","","","","","","","","","","","","","","","","","",""
269,394888,Guest House o Affittacamere,B&G NAVONA GUEST HOUSE O AFFITTACAMERE,Vicolo della Cancelleria,35,41.8978274,12.4715467,"",3,8,4,,4,,,"",,barbarafortuna@libero.it,"","",337751842,"",,"","","","","","","","","","","","","","","","","","","","","","","","","","","","","","","","",""
270,395578,Guest House o Affittacamere,B&T ROOMS,Via dei Mille,9,41.9035456,12.5032977,"",3,7,3,,2,1,,"",,"","","",,"",,"","","","","","","","","","","","","","","","","","","","","","","","","","","","","","","","",""
271,401300,Guest House o Affittacamere,Babbo Guest House o Affittacamere,Via Castelfidardo,34,41.9071489,12.5003355,"",3,9,5,2,2,1,,"",3332844135,bbromababbo@gmail.com,"",babbo_guest_house_roma,3334889305,"",,"","","","","","","","","","","","","","","","","","","","","","","","","","","","","","","","",""
272,395405,Guest House o Affittacamere,BABNJAM,Via Bixio,41,41.8940314,12.5089235,"",3,14,5,,1,4,,"",,"","","",,"",,"","","","","","","","","","","","","","","","","","","","","","","","","","","","","","","","",""
273,397099,Guest House o Affittacamere,BABOON ROOM GUEST HOUSE O AFFITTACAMERE,Via del Babuino,151,41.9081141,12.4791504,"",3,9,4,,3,1,,"",,mazal26internationalsrl@pec.it,"","",3355233273,"",,"","","","","","","","","","","","","","","","","","","","","","","","","","","","","","","","",""
274,396796,Guest House o Affittacamere,Babuino Palace & Suites Guest House o Affittacamere,Via del Babuino,29,41.9093177,12.4781203,"",3,14,6,,5,,1,"",3281274088,bbh176srl@gmail.com,babuino palace & suites,babuino palace suites,680072590,www.babuinopalacesuites.com,,"","","","","","","","","","","","","","","","","","","","","","","","","","","","","","","","",""
275,395692,Guest House o Affittacamere,BAGHIROVA IN ROME,Via del Teatro Valle,53,41.8972881,12.475157,"",3,11,5,,4,1,,"",,"","","",,"",,"","","","","","","","","","","","","","","","","","","","","","","","","","","","","","","","",""
276,397286,Guest House o Affittacamere,BAKIROOMS GUEST HOUSE O AFFITTACAMERE,Via Cairoli,101,41.8942648,12.5078775,"",3,7,5,3,2,,,"",,ohiaccommodationrome@gmail.com,"","",3481046718,"",,"","","","","","","","","","","","","","","","","","","","","","","","","","","","","","","","",""
277,395758,Guest House o Affittacamere,BALESTRARI 5,Via dei Balestrari,5,41.8950125,12.4724603,"",3,1,1,1,,,,"",,"","","",,"",,"","","","","","","","","","","","","","","","","","","","","","","","","","","","","","","","",""
278,396172,Guest House o Affittacamere,BANCHI VECCHI STAY 1,Via dei Banchi Vecchi,117,41.8985522,12.4668903,"",3,6,3,,3,,,"",,alessandrasantarelli@hotmail.com,"","",3335892031,"",,"","","","","","","","","","","","","","","","","","","","","","","","","","","","","","","","",""
279,397346,Guest House o Affittacamere,BANCHI VECCHI STAY 2,Via dei Banchi Vecchi,117,41.8985522,12.4668903,"",3,6,2,,1,,1,"",,alessandrasantarelli@hotmail.com,"","",3335892031,"",,"","","","","","","","","","","","","","","","","","","","","","","","","","","","","","","","",""
280,397488,Guest House o Affittacamere,BARAKA 24 GUEST HOUSE o AFFITTACAMERE,Via Magenta,24,41.9023493,12.5041042,"",3,5,2,,1,1,,"",,tanmay2914@gmail.com,"","",3444500392,"",,"","","","","","","","","","","","","","","","","","","","","","","","","","","","","","","","",""
281,406677,Guest House o Affittacamere,BARBERINI DREAM GUEST HOUSE O AFFITTACAMERE,Via di San Nicola da Tolentino,57,41.904582,12.4901948,"",2,6,3,,3,,,"",3400044842,veruskasolinas@gmail.com,"","",3400044842,"",,"","","","","","","","","","","","","","","","","","","","","","","","","","","","","","","","",""
282,408496,Guest House o Affittacamere,BARCACCIA guest house o affittacamere,Via di Capo Le Case,56,41.9040643,12.4850698,"",3,9,3,,,3,,"",,federicofunari73@gmail.com,"","",3395903836,"",,"","","","","","","","","","","","","","","","","","","","","","","","","","","","","","","","",""
283,402490,Guest House o Affittacamere,BARIGELLI APARTMENT GUEST HOUSE O AFFITTACAMERE,Circonvallazione Gianicolense,110,41.8710338,12.4567228,"",2,2,1,,1,,,"",,emanuelebarigelli@gmail.com,"","",3291581576,"",,"","","","","","","","","","","","","","","","","","","","","","","","","","","","","","","","",""
284,394979,Guest House o Affittacamere,BAROCCO APARTMENTS,Via della Purificazione,8,41.9039733,12.4879754,"",2,8,4,,4,,,"",,"","","",,"",,"","","","","","","","","","","","","","","","","","","","","","","","","","","","","","","","",""
285,397913,Guest House o Affittacamere,BAROCCO GUEST HOUSE,Via della Purificazione,8,41.9039733,12.4879754,"",3,4,2,,2,,,"",,info@baroccoguesthouse.com,"","",64872001,"",,"","","","","","","","","","","","","","","","","","","","","","","","","","","","","","","","",""
286,395478,Guest House o Affittacamere,BASILICA SQUARE,Piazza di San Giovanni in Laterano,26,41.8876585,12.5059646,"",3,7,4,1,3,,,"",,"","","",,"",,"","","","","","","","","","","","","","","","","","","","","","","","","","","","","","","","",""
287,395174,Guest House o Affittacamere,BAYLON SUITES,Via Luciano Manara,4,41.8878537,12.4711527,"",3,11,6,1,5,,,"",,"","","",,"",,"","","","","","","","","","","","","","","","","","","","","","","","","","","","","","","","",""
288,395066,Guest House o Affittacamere,BD DOLCEVITA - GUEST HOUSE O AFFITTACAMERE,Via Goffredo Mameli,51,41.8867029,12.4683795,"",2,6,4,2,2,,,"",3407930747,resevationbnb2022@gmail.com,"",bddolcevita51,3407930747,"",,"","","","","","","","","","","","","","","","","","","","","","","","","","","","","","","","",""
289,396242,Guest House o Affittacamere,BDB LUXURY ROOMS MARGUTTA,Via Margutta,39,41.9087891,12.4794151,"",2,11,6,3,1,2,,"",,efes.rome@gmail.com,"","",3463744658,"",,"","","","","","","","","","","","","","","","","","","","","","","","","","","","","","","","",""
290,396307,Guest House o Affittacamere,BDB LUXURY ROOMS NAVONA ANGELI,Via dei Gigli D'Oro,6,41.9015717,12.4732712,"",2,12,5,1,1,3,,"",,efes.rome@gmail.com,"","",3463744658,"",,"","","","","","","","","","","","","","","","","","","","","","","","","","","","","","","","",""
291,398058,Guest House o Affittacamere,BDB LUXURY ROOMS SAN PIETRO,Circonvallazione Clodia,169,41.9214954,12.4576283,"",3,6,4,2,2,,,"",,info@bdbluxuryrooms.com,"","",668210020,"",,"","","","","","","","","","","","","","","","","","","","","","","","","","","","","","","","",""
292,398069,Guest House o Affittacamere,BDB LUXURY ROOMS TRASTEVERE TORRE,Via Benedetta,16,41.8916116,12.4691951,"",2,13,6,,5,1,,"",,efes.rome@gmail.com,"","",3463744658,"",,"","","","","","","","","","","","","","","","","","","","","","","","","","","","","","","","",""
293,399866,Guest House o Affittacamere,BEA GUEST HOUSE o AFFITTACAMERE,Piazza di Porta Maggiore,6,41.892321,12.5145218,"",3,6,3,,3,,,"",3290781990,messinasara300@gmail.com,"","",3290781990,"",,"","","","","","","","","","","","","","","","","","","","","","","","","","","","","","","","",""
294,395399,Guest House o Affittacamere,BEAR 87,Vicolo dell'Orso,88,41.9018726,12.4742477,"",3,12,6,,6,,,"",,"","","",,"",,"","","","","","","","","","","","","","","","","","","","","","","","","","","","","","","","",""
295,394767,Guest House o Affittacamere,BEAS'S GUEST HOUSE O AFFITTACAMERE,Via Giovanni Severano,33,41.914632,12.5192719,"",2,11,5,,4,1,,"",,infoleonardosrls@gmail.com,"","",3755876461,"",,"","","","","","","","","","","","","","","","","","","","","","","","","","","","","","","","",""
296,395903,Guest House o Affittacamere,Beatus Viator Guest House o Affittacamere,Via Giovanni Giolitti,101,41.8994774,12.5018786,"",3,5,3,1,2,,,"",,info@beatusviator.com,"","",3891475993,"",,"","","","","","","","","","","","","","","","","","","","","","","","","","","","","","","","",""
297,395535,Guest House o Affittacamere,BEAU-SITE,Via Ludovisi,45,41.9069745,12.4880515,"",1,12,6,,6,,,"",,"","","",,"",,"","","","","","","","","","","","","","","","","","","","","","","","","","","","","","","","",""
298,395569,Guest House o Affittacamere,BEAUTYROOMS guest house o affittacamere,Via Napoleone III,35,41.8968393,12.5017118,"",3,10,6,2,4,,,"",,yordaogbay@gmail.com,"","",3467007103,"",,"","","","","","","","","","","","","","","","","","","","","","","","","","","","","","","","",""
299,397679,Guest House o Affittacamere,BED AND BEST,Via Cola di Rienzo,190,41.9073053,12.4633473,"",2,9,5,2,2,1,,"",,fabio-bianchi-@hotmail.it,"","",3480052364,"",,"","","","","","","","","","","","","","","","","","","","","","","","","","","","","","","","",""
300,396320,Guest House o Affittacamere,BED & BIKEROME ROOM GUEST HOUSE O AFFITTACAMERE,Via Muggia,8,41.9188209,12.4574715,"",3,6,4,2,2,,,"",,info@bedandbikerome.com,https://www.facebook.com/bedandbikerome/,"",3478352574,http://www.bedandbikerome.com/,,https://twitter.com/jjcooper1977,"","","","","","","","","","","","","","","","","","","","","","","","","","","","","","","",""
301,397389,Guest House o Affittacamere,Bed in Bormida Guest House o affittacamere,Via Bormida,1,41.9161131,12.5037681,"",3,4,2,,2,,,"",,alessandrapalmieri27@gmail.com,"","",3334117117,"",,"","","","","","","","","","","","","","","","","","","","","","","","","","","","","","","","",""
302,395733,Guest House o Affittacamere,BEDROOMS IN ROME DI FRANCESCO CHIOFALO,Via Giovanni Stefano Roccatagliata,4,41.8747253,12.4515374,"",3,7,4,1,3,,,"",,"","","",,"",,"","","","","","","","","","","","","","","","","","","","","","","","","","","","","","","","",""
303,395954,Guest House o Affittacamere,Beige Et Ble' Guest House o Affittacamere/Guest House,Via Degli Uffici Del Vicario,33,41.9010842,12.4774678,"",3,8,4,1,2,1,,"",,beigeetble@outlook.com,"","",3335276953,www.beigeetbleguesthouse.com,,"","","","","","","","","","","","","","","","","","","","","","","","","","","","","","","","",""
304,397444,Guest House o Affittacamere,BELLAVENTURA GUEST HOUSE O AFFITTACAMERE,Piazzale dei Partigiani,7,41.8742874,12.4851157,"",3,8,5,2,3,,,"",,ilovepiramide@libero.it,"","",3913772381,"",,"","","","","","","","","","","","","","","","","","","","","","","","","","","","","","","","",""
305,396808,Guest House o Affittacamere,BELLESUITE ROME,Via Modena,5,41.9023862,12.49461,"",2,12,6,,6,,,"",,"","","",,"",,"","","","","","","","","","","","","","","","","","","","","","","","","","","","","","","","",""
306,395520,Guest House o Affittacamere,BELLEZZA AL COLOSSEO GUEST HOUSE,Via Capo D'Africa,26,41.8888368,12.4953675,"",3,8,4,,4,,,"",,"","","",,"",,"","","","","","","","","","","","","","","","","","","","","","","","","","","","","","","","",""
307,406143,Guest House o Affittacamere,Belli Boutique Guest House o Affittacamere,Via Giuseppe Gioachino Belli,60,41.9071516,12.4711519,"",3,5,4,3,1,,,"",,84holding@gmail.com,"","",3755573032,"",,"","","","","","","","","","","","","","","","","","","","","","","","","","","","","","","","",""
308,404623,Guest House o Affittacamere,BELLI SAN GIOVANNI GUEST HOUSE O AFFITTACAMERE,Via Taranto,130,41.8836092,12.5183491,"",2,6,4,2,2,,,"",,antofra22@yahoo.it,"","",3346689273,"",,"","","","","","","","","","","","","","","","","","","","","","","","","","","","","","","","",""
309,395997,Guest House o Affittacamere,BELLI SUITES ROME GUEST HOUSE O AFFITTACAMERE,Via Cardinale Silj,10,41.8969022,12.4488562,"",2,8,5,2,3,,,"",,antofra22@yahoo.it,"","",3346689273,"",,"","","","","","","","","","","","","","","","","","","","","","","","","","","","","","","","",""
310,397070,Guest House o Affittacamere,Bellitalia Vacanze,Via Crescenzio,2,41.9056276,12.4679388,"",1,15,6,,3,3,,"",,d.gandola@caossrl.it,"","",3466538537,"",,"","","","","","","","","","","","","","","","","","","","","","","","","","","","","","","","",""
311,394989,Guest House o Affittacamere,BELSIANA HOUSE,Via Belsiana,20,41.9057127,12.4793931,"",1,12,6,,6,,,"",,"","","",,"",,"","","","","","","","","","","","","","","","","","","","","","","","","","","","","","","","",""
312,396656,Guest House o Affittacamere,BELVEDERE ROOMS Guest House o Affittacamere,Via Caresana,40,41.9148964,12.3895726,"",1,10,4,,2,2,,"",3294774815,info@belvedererooms.it,"","",677071988,www.belvedererooms.it,,"","","","","","","","","","","","","","","","","","","","","","","","","","","","","","","","",""
313,403279,Guest House o Affittacamere,BEMY 1 Guest House o Affittacamere,Via Gerolamo Cardano,99,41.8627225,12.4663162,"",3,2,2,2,,,,"",,simonezarfati@gmail.com,"","",3356077395,"",,"","","","","","","","","","","","","","","","","","","","","","","","","","","","","","","","",""
314,396534,Guest House o Affittacamere,BePlace Holy See guest house o affittacamere,Via dei Cavalleggeri,3,41.8998578,12.4552712,"",2,6,3,,3,,,"",,info@beplace.eu,"","",3755417904,www.beplace.eu,,"","","","","","","","","","","","","","","","","","","","","","","","","","","","","","","","",""
315,397628,Guest House o Affittacamere,BESPOKE  LUXURY SUITE & APARTMENTS  ROMA GUEST HOUSE O AFFITTACAMERE,Via Torino,29,41.9021853,12.4950274,"",3,13,6,,5,1,,"",,bespokeguesthouse@gmail.com,"","",648907104,"",,"","","","","","","","","","","","","","","","","","","","","","","","","","","","","","","","",""
316,397377,Guest House o Affittacamere,BEST PANTHEON,Corso Vittorio Emanuele II,21,41.8960563,12.4782488,"",2,8,4,1,2,1,,"",3358714840,info@bestbb.it,"","",3358714840,www.bestbb.it,,"","","","","","","","","","","","","","","","","","","","","","","","","","","","","","","","",""
317,396177,Guest House o Affittacamere,Best Suites,Via del Teatro Pace,25,41.898177,12.4715802,"",3,11,5,1,2,2,,"",3337699469,teatropaceunosrl@gmail.com,"","",3409069550,"",,"","","","","","","","","","","","","","","","","","","","","","","","","","","","","","","","",""
318,396182,Guest House o Affittacamere,Best Suites Navona,Via del Teatro Pace,25,41.898177,12.4715802,"",3,10,5,1,3,1,,"",3409069550,teatropaceunosrl@gmail.com,"","",3337699469,"",,"","","","","","","","","","","","","","","","","","","","","","","","","","","","","","","","",""
319,394883,Guest House o Affittacamere,BEST SUITES PANTHEON,Piazza della Rotonda,70,41.8994096,12.4772256,"",2,11,6,1,5,,,"",,amministrazione@futurahotel.eu,"","",669426314,"",,"","","","","","","","","","","","","","","","","","","","","","","","","","","","","","","","",""
320,397367,Guest House o Affittacamere,BEST VATICAN,Via degli Scipioni,135,41.9090545,12.459625,"",2,7,4,1,3,,,"",3358714840,info@bestbb.it,"","",3358714840,www.bestbb.it,,"","","","","","","","","","","","","","","","","","","","","","","","","","","","","","","","",""
321,396910,Guest House o Affittacamere,BEYOND COLOSSEUM  GUEST HOUSE O AFFITTACAMERE,Via Merulana,248,41.8945057,12.5003419,"",1,9,4,,3,1,,"",,amministrazione@csavana.com,"","",645475248,"",,"","","","","","","","","","","","","","","","","","","","","","","","","","","","","","","","",""
322,397890,Guest House o Affittacamere,BHR CAVOUR 150 GUEST HOUSE O AFFITTACAMERE,Via Cavour,150,41.8965467,12.4953687,"",2,10,4,,3,,1,"",,amministrazione@besthouserome.com,"","",3938038730,"",,"","","","","","","","","","","","","","","","","","","","","","","","","","","","","","","","",""
323,397244,Guest House o Affittacamere,BINARIO ZERO A TERMINI Guest House o Affittacamere,Via Giovanni Giolitti,305,41.8952456,12.5089205,"",2,6,4,2,2,,,"",3484320487,info@amami.it,"","",3484320487,"",,"","","","","","","","","","","","","","","","","","","","","","","","","","","","","","","","",""
324,395667,Guest House o Affittacamere,BISCIONE 95,Piazza del Biscione,95,41.8953723,12.4729464,"",2,7,3,,2,1,,"",,"","","",,"",,"","","","","","","","","","","","","","","","","","","","","","","","","","","","","","","","",""
325,397438,Guest House o Affittacamere,BLACK AND WHITE SUITE,Via di Santa Maria del Pianto,67,41.8932933,12.4766838,"",3,7,2,,,1,1,"",,info.almait@gmail.com,"","",645475470,https://www.booking.com,,"","","","","","","","","","","","","","","","","","","","","","","","","","","","","","","","",""
326,395859,Guest House o Affittacamere,BLACK ROOMS COLOSSEO - GUEST HOUSE,Via Labicana,80,41.8895961,12.5000079,"",3,9,5,1,4,,,"",,"","","",,"",,"","","","","","","","","","","","","","","","","","","","","","","","","","","","","","","","",""
327,397846,Guest House o Affittacamere,BLOOM APARTMENTS GUEST HOUSE O AFFITTACAMERE,Via Principe Amedeo,9,41.9000259,12.4981659,"",2,15,6,,5,,,"",3476031309,info@bloomapartment.com,"","",3476031309,"",,"","","","","","","","","","","","","","","","","","","","","","","","","","","","","","","","",""
328,395641,Guest House o Affittacamere,BLU,Via Baldo degli Ubaldi,90,41.8984685,12.4329086,"",2,6,3,,3,,,"",,"","","",,"",,"","","","","","","","","","","","","","","","","","","","","","","","","","","","","","","","",""
329,397974,Guest House o Affittacamere,BLU CHARME LUXURY SUITE GUEST HOUSE O AFFITTACAMERE,Via Tomacelli,98,41.9047523,12.4766875,"",2,11,6,1,5,,,"",,info@treecharme.com,"","",683979416,"",,"","","","","","","","","","","","","","","","","","","","","","","","","","","","","","","","",""
330,395739,Guest House o Affittacamere,BLU TANGO GUEST HOUSE,Via del Boschetto,97,41.8958371,12.4911114,"",3,4,2,,2,,,"",,"","","",,"",,"","","","","","","","","","","","","","","","","","","","","","","","","","","","","","","","",""
331,397983,Guest House o Affittacamere,BLUE SUITE VATICAN,Viale Giulio Cesare,183,41.9089982,12.4573173,"",3,8,4,1,2,1,,"",,info@bluesuiteroma.it,"","",639031174,www.bluesuiteroma.it,,"","","","","","","","","","","","","","","","","","","","","","","","","","","","","","","","",""
332,396521,Guest House o Affittacamere,BLUEHOSTEL,Via Carlo Alberto,13,41.8966147,12.5002598,"",3,10,5,,5,,,"",,"","","",,"",,"","","","","","","","","","","","","","","","","","","","","","","","","","","","","","","","",""
333,400459,Guest House o Affittacamere,BLUEWHALE GUEST HOUSE o AFFITTACAMERE,Via Principe Amedeo,96,41.8985014,12.5010671,"",3,5,2,,1,1,,"",3886529958,hemel007@icloud.com,"","",3886529958,www.bluewhale.com,,"","","","","","","","","","","","","","","","","","","","","","","","","","","","","","","","",""
334,397009,Guest House o Affittacamere,BOHOME SUITE GUEST HOUSE O AFFITTACAMERE,Via Muzio Clementi,27,41.9060932,12.4722486,"",3,4,3,2,1,,,"",,madeinroma.home@gmail.com,"","",3409442998,"",,"","","","","","","","","","","","","","","","","","","","","","","","","","","","","","","","",""
335,395617,Guest House o Affittacamere,BOLOGNA GUEST HOUSE,Piazza Bologna,6,41.9130595,12.5211907,"",3,10,5,2,1,2,,"",,"","","",,"",,"","","","","","","","","","","","","","","","","","","","","","","","","","","","","","","","",""
336,397314,Guest House o Affittacamere,BONCOMPAGNI GUEST HOUSE O AFFITTACAMERE,Via Boncompagni,79,41.9091932,12.4958827,"",3,12,6,1,4,1,,"",,info@mar2014.it,"","",3924106049,"",,"","","","","","","","","","","","","","","","","","","","","","","","","","","","","","","","",""
337,408729,Guest House o Affittacamere,BONCOMPAGNI SERENITY SUITES guest house o affittacamere,Via Boncompagni,61,41.9087033,12.4940907,"",3,7,3,,2,1,,"",,piero.screnci@gmail.com,"","",3209622929,"",,"","","","","","","","","","","","","","","","","","","","","","","","","","","","","","","","",""
338,397864,Guest House o Affittacamere,BONFALCO SUITE GUEST HOUSE O AFFITTACAMERE,Lungotevere dei Mellini,10,41.9059776,12.4733764,"",2,9,5,1,4,,,"",3397920304,bonfalcosrls@gmail.com,"","",3397920304,www.bonfalcosuite.it,,"","","","","","","","","","","","","","","","","","","","","","","","","","","","","","","","",""
339,396522,Guest House o Affittacamere,BOOKING INN ROME guest house o affittacamere,Via Palestro,56,41.9046592,12.5047791,"",3,8,3,,1,2,,"",,tanza2909@gmail.com,"","",3663771690,"",,"","","","","","","","","","","","","","","","","","","","","","","","","","","","","","","","",""
340,397163,Guest House o Affittacamere,booking inn settembre 95,Via Venti Settembre,95,41.9079083,12.4994081,"",2,9,6,3,3,,,"",3428766735,jonathanesguerra11@gmail.com,"","",3428766735,www.bookinn.it,,"","","","","","","","","","","","","","","","","","","","","","","","","","","","","","","","",""
341,397739,Guest House o Affittacamere,Books guest house roma guest house o affittacamere,Piazza di Santa Croce in Gerusalemme,1,41.8886686,12.5138721,"",3,8,4,,4,,,"",,sara.iannuzzi@unapec.it,"","",3294630099,"",,"","","","","","","","","","","","","","","","","","","","","","","","","","","","","","","","",""
342,395417,Guest House o Affittacamere,BORGHESE EXECUTIVE SUITE,Via Tevere,15,41.9135049,12.4965656,"",3,11,6,2,3,1,,"",,"","","",,"",,"","","","","","","","","","","","","","","","","","","","","","","","","","","","","","","","",""
343,395736,Guest House o Affittacamere,BORGHESE GUEST HOUSE,Via Sardegna,55,41.9091757,12.4905913,"",3,5,3,1,2,,,"",,"","","",,"",,"","","","","","","","","","","","","","","","","","","","","","","","","","","","","","","","",""
344,398033,Guest House o Affittacamere,BORGHESE SUITES GUEST HOUSE,Via Emilia,65,41.9081093,12.4884285,"",3,11,5,2,,3,,"",3284476744,danielaogis@gmail.com,"","",3406181672,"",,"","","","","","","","","","","","","","","","","","","","","","","","","","","","","","","","",""
345,397880,Guest House o Affittacamere,BORGHETTO CAVALLEGGERI GUEST HOUSE O AFFITTACAMERE,Via dei Cavalleggeri,6,41.8997254,12.4550531,"",2,3,2,1,1,,,"",,borghettocavalleggeri@gmail.com,https://www.facebook.com/borghetto-cavalleggeri-541311506263906/,"",3355689388,"",,"","","","","","","","","","","","","","","","","","","","","","","","","","","","","","","","",""
346,396889,Guest House o Affittacamere,BORGHETTO GUEST HOUSE,Via Appia Nuova,165,41.8810374,12.5154153,"",3,12,5,,4,,1,"",,"","","",,"",,"","","","","","","","","","","","","","","","","","","","","","","","","","","","","","","","",""
347,395050,Guest House o Affittacamere,BORGO DI TORRE GUIDACCIA,Via Clarice Tartufari,2,41.7573235,12.4387186,"",3,10,5,1,3,1,,"",,"","","",,"",,"","","","","","","","","","","","","","","","","","","","","","","","","","","","","","","","",""
348,396181,Guest House o Affittacamere,Borgo Vaticano 84 Guest House o Affittacamere,Viale Vaticano,84,41.90659,12.45023,"",3,9,4,,3,1,,"",,borgovaticano84@gmail.com,"","",3661251345,"",,"","","","","","","","","","","","","","","","","","","","","","","","","","","","","","","","",""
349,397157,Guest House o Affittacamere,BORGOGNONA ROOMS GUEST HOUSE O AFFITTACAMERE,Via Borgognona,47,41.9041814,12.4794315,"",2,8,4,,4,,,"",,mazal26internationalsrl@pec.it,"","",3355233273,"",,"","","","","","","","","","","","","","","","","","","","","","","","","","","","","","","","",""
350,397565,Guest House o Affittacamere,Borgonove Guest House o Affittacamere,Via del Mascherino,2,41.9032403,12.4587162,"",3,11,6,1,5,,,"",3803665784,info@borgonove.it,"","",3803665784,www.borgonove.it,,"","","","","","","","","","","","","","","","","","","","","","","","","","","","","","","","",""
351,397353,Guest House o Affittacamere,BoRooms GUEST HOUSE O AFFITTACAMERE,Borgo Pio,203,41.9035438,12.4627117,"",2,7,3,,2,1,,"",3396412344,borooms203@gmail.com,https://www.facebook.com/borooms/,borooms203,3396412344,"",,"","","","","","","","","","","","","","","","","","","","","","","","","","","","","","","","",""
352,397140,Guest House o Affittacamere,BOTTEGA DELLE ARTI - GUEST HOUSE O AFFITTACAMERE DI LEALI MATTIA,Via Enrico Cialdini,14,41.8984124,12.5033567,"",2,6,3,,3,,,"",,mattia.leali74@gmail.com,"","",3384863579,"",,"","","","","","","","","","","","","","","","","","","","","","","","","","","","","","","","",""
353,395348,Guest House o Affittacamere,BOUTIQUE CENTRALE RELAIS,Via Tomacelli,103,41.904764,12.4764735,"",2,10,5,1,3,1,,"",,"","","",,"",,"","","","","","","","","","","","","","","","","","","","","","","","","","","","","","","","",""
354,397008,Guest House o Affittacamere,BOUTIQUE - RELAIS BRAMANTE GUEST HOUSE O AFFITTACAMERE,Arco della Pace,10,41.9001332,12.4712748,"",2,11,5,1,2,2,,"",,vkomiakov1@gmail.com,"","",3206556797,"",,"","","","","","","","","","","","","","","","","","","","","","","","","","","","","","","","",""
355,397184,Guest House o Affittacamere,BOUTIQUE RELAIS BRAMANTE GUEST HOUSE O AFFITTACAMERE,Arco della Pace,12,41.9002323,12.4712107,"",2,9,5,1,4,,,"",,vkomiakov1@gmail.com,"","",3206556797,"",,"","","","","","","","","","","","","","","","","","","","","","","","","","","","","","","","",""
356,397781,Guest House o Affittacamere,Boutique Stop and Sea Guest House o Affittacamere,Viale Paolo Orlando,7,41.7316503,12.2843321,"",3,9,4,,3,1,,"",3208558879,alessandro.buda80@gmail.com,"","",683906996,www.boutiquehotelostia.it,,"","","","","","","","","","","","","","","","","","","","","","","","","","","","","","","","",""
357,396689,Guest House o Affittacamere,BQHOUSE GUEST HOUSE O AFFITTACAMERE,Via delle Fosse di Castello,6,41.9041477,12.4635792,"",2,12,6,2,2,2,,"",,infobqhouse@gmail.com,"","",6666666,"",,"","","","","","","","","","","","","","","","","","","","","","","","","","","","","","","","",""
358,397054,Guest House o Affittacamere,BQHOUSE TREVI,Vicolo Scavolino,61,41.9010848,12.4838825,"",2,9,5,1,4,,,"",3669398168,infobqhouse@gmail.com,"","",3669398168,www.bqhousecastello.com,,"","","","","","","","","","","","","","","","","","","","","","","","","","","","","","","","",""
359,397555,Guest House o Affittacamere,BRAMBLE LUXURY SUITES guest house o affittacamere,Via del Tritone,102,41.9033944,12.4869899,"",3,15,6,,4,1,1,"",,proietti09@gmail.com,"","",3387822476,"",,"","","","","","","","","","","","","","","","","","","","","","","","","","","","","","","","",""
360,396886,Guest House o Affittacamere,BRANCACCIO LUXURY SUITE GUEST HOUSE,Via Merulana,43,41.8946232,12.5007438,"",2,7,4,1,3,,,"",,simone.rotondi93@gmail.com,"","",393420213033,"",,"","","","","","","","","","","","","","","","","","","","","","","","","","","","","","","","",""
361,394822,Guest House o Affittacamere,BREAK IN ROME GUEST HOUSE o affittacamere,Via Chioggia,3,41.8823777,12.5237371,"",3,4,2,,2,,,"",,info@breakinrome.it,"","",3921257470,"",,"","","","","","","","","","","","","","","","","","","","","","","","","","","","","","","","",""
362,395418,Guest House o Affittacamere,BRISEIDE BOUTIQUE ROOMS guest house o affittacamere,Via Merulana,259,41.8955195,12.4997934,"",3,8,4,,4,,,"",,thaitasrl2020@gmail.com,"","",3397108260,"",,"","","","","","","","","","","","","","","","","","","","","","","","","","","","","","","","",""
363,395518,Guest House o Affittacamere,BULLICANTE,Via di Acqua Bullicante,15,41.8809934,12.5425535,"",2,10,5,,5,,,"",,"","","",,"",,"","","","","","","","","","","","","","","","","","","","","","","","","","","","","","","","",""
364,395403,Guest House o Affittacamere,BUNDI HOUSE,Via Cavour,295,41.8938992,12.489633,"",3,8,5,2,3,,,"",,"","","",,"",,"","","","","","","","","","","","","","","","","","","","","","","","","","","","","","","","",""
365,397332,Guest House o Affittacamere,BUONANOTTE ROMA 2,Via Rattazzi,57,41.8978609,12.5037681,"",2,7,3,,2,1,,"",,"","","",,"",,"","","","","","","","","","","","","","","","","","","","","","","","","","","","","","","","",""
366,395803,Guest House o Affittacamere,BUONARROTI GUEST HOUSE,Via Buonarroti,18,41.8935584,12.502088,"",3,8,4,,4,,,"",,"","","",,"",,"","","","","","","","","","","","","","","","","","","","","","","","","","","","","","","","",""
367,397918,Guest House o Affittacamere,BUONARROTI HOME guest house o affittacamere,Via Carlo Alberto,43,41.8960966,12.5012367,"",2,9,5,1,4,,,"",,federicoscalia@hotmail.com,"","",644704334,"",,"","","","","","","","","","","","","","","","","","","","","","","","","","","","","","","","",""
368,395640,Guest House o Affittacamere,BUONARROTI SUITE,Via Carlo Alberto,43,41.8960966,12.5012367,"",3,12,6,,6,,,"",,"","","",,"",,"","","","","","","","","","","","","","","","","","","","","","","","","","","","","","","","",""
369,395673,Guest House o Affittacamere,BY ROME SUITE,Via Principe Amedeo,92,41.8985942,12.5010299,"",3,3,2,1,1,,,"",,"","","",,"",,"","","","","","","","","","","","","","","","","","","","","","","","","","","","","","","","",""
370,395622,Guest House o Affittacamere,BYE ROME,Via Principe Amedeo,92,41.8985942,12.5010299,"",3,12,6,,6,,,"",,"","","",,"",,"","","","","","","","","","","","","","","","","","","","","","","","","","","","","","","","",""
371,394900,Guest House o Affittacamere,C'EST LA VIE GUEST HOUSE O AFFITTACAMERE,Via Bernardino Telesio,16,41.9111892,12.4501098,"",3,10,5,1,3,1,,"",,info@romacestlavie.com,"","",3403655450,"",,"","","","","","","","","","","","","","","","","","","","","","","","","","","","","","","","",""
372,396312,Guest House o Affittacamere,C107 DESIGN GUEST HOUSE O AFFITTACAMERE,Piazza Benedetto Cairoli,107,41.8942777,12.4744456,"",3,13,5,,3,1,1,"",,rhomesrl@legalmail.it,"","",63225064,"",,"","","","","","","","","","","","","","","","","","","","","","","","","","","","","","","","",""
373,395013,Guest House o Affittacamere,CAESAR PLACE,Via Fornovo,3,41.9123515,12.4684799,"",2,15,6,1,1,4,,"",,"","","",,"",,"","","","","","","","","","","","","","","","","","","","","","","","","","","","","","","","",""
374,395364,Guest House o Affittacamere,CALAMATTA,Via Luigi Calamatta,16,41.904824,12.4720286,"",3,5,3,1,2,,,"",,"","","",,"",,"","","","","","","","","","","","","","","","","","","","","","","","","","","","","","","","",""
375,394867,Guest House o Affittacamere,California III Floor,Via Principe Amedeo,47,41.8991216,12.4996877,"",2,14,6,,4,2,,"",,info@hotelcaliforniaroma.it,"","",3391574121,"",,"","","","","","","","","","","","","","","","","","","","","","","","","","","","","","","","",""
376,395608,Guest House o Affittacamere,CALIGOLA,Via Benedetto Musolino,23,41.8822347,12.4697684,"",1,9,5,1,4,,,"",,"","","",,"",,"","","","","","","","","","","","","","","","","","","","","","","","","","","","","","","","",""
377,398064,Guest House o Affittacamere,CAMPO MARZIO LUXURY SUITE,Via di Campo Marzio,52 A,41.9026413,12.4778013,"",3,10,5,,5,,,"",,info@campomarziosuites.com,"","",687679475,www.sites4rome.com,,"","","","","","","","","","","","","","","","","","","","","","","","","","","","","","","","",""
378,395529,Guest House o Affittacamere,CANCELLERIA 77,Piazza della Cancelleria,77,41.8964146,12.4724985,"",3,8,5,2,3,,,"",,"","","",,"",,"","","","","","","","","","","","","","","","","","","","","","","","","","","","","","","","",""
379,396567,Guest House o Affittacamere,CANCELLERIA DIECI,Via dei Leutari,20,41.8977759,12.4718775,"",2,12,5,,3,2,,"",,"","","",,"",,"","","","","","","","","","","","","","","","","","","","","","","","","","","","","","","","",""
380,397897,Guest House o Affittacamere,Candia Inn,Via Candia,77,41.9080383,12.4529409,"",2,6,3,,3,,,"",,bebvaticano@gmail.com,"","",3497541010,http://candiainn.com,,"","","","","","","","","","","","","","","","","","","","","","","","","","","","","","","","",""
381,397947,Guest House o Affittacamere,CANDIA ROOMS GUEST HOUSE O AFFITTACAMERE,Via Candia,41,41.9082935,12.4541036,"",1,8,4,,4,,,"",,architettura.roma@gmail.com,"","",3389676754,"",,"","","","","","","","","","","","","","","","","","","","","","","","","","","","","","","","",""
382,397799,Guest House o Affittacamere,CANOVA ROOMS guest house o affittacamere,Via del Babuino,55,41.9082783,12.479338,"",3,11,5,,4,1,,"",,info@navonatowerrelais.com,"","",3383704013,"",,"","","","","","","","","","","","","","","","","","","","","","","","","","","","","","","","",""
383,397096,Guest House o Affittacamere,CANOVA TADOLINI LUXURY ROOMS,Via del Babuino,151,41.9081141,12.4791504,"",2,11,5,,4,1,,"",,"","","",,"",,"","","","","","","","","","","","","","","","","","","","","","","","","","","","","","","","",""
384,395007,Guest House o Affittacamere,canova tadolini suites guest house o affittacamere,Via del Babuino,151,41.9081141,12.4791504,"",2,5,3,1,2,,,"",,sales@canovatadoliniroma.com,"","",63230102,"",,"","","","","","","","","","","","","","","","","","","","","","","","","","","","","","","","",""
385,397258,Guest House o Affittacamere,CAOS CALMO,Via Luigi Vittorio Bertarelli,11,41.9076774,12.5352256,"",3,10,6,2,4,,,"",,caoscalmo2022@gmail.com,"","",3284280457,"",,"","","","","","","","","","","","","","","","","","","","","","","","","","","","","","","","",""
386,395810,Guest House o Affittacamere,CAPITAL SUITE,Via Cicerone,44,41.9067575,12.4686842,"",3,10,5,,5,,,"",,"","","",,"",,"","","","","","","","","","","","","","","","","","","","","","","","","","","","","","","","",""
387,397337,Guest House o Affittacamere,Capitolina Guest House o affittacamere,Via Cernaia,47,41.9069189,12.5011023,"",3,10,4,,3,,1,"",,artesrlss@gmail.com,"","",3927924294,"",,"","","","","","","","","","","","","","","","","","","","","","","","","","","","","","","","",""
388,396456,Guest House o Affittacamere,Capitolium Rooms,Via Montebello,104,41.9064445,12.5015951,"",3,12,6,,6,,,"",,hotel@capitoliumrooms.com,"","",64464917,"",,"","","","","","","","","","","","","","","","","","","","","","","","","","","","","","","","",""
389,408552,Guest House o Affittacamere,CAPPADOCIA ROOMS 'GUEST HOUSE O AFFITTACAMERE',Via Cappadocia,10,41.8755799,12.511318,"",2,8,4,,4,,,"",,memarooms24@gmail.com,"","",3762059859,"",,"","","","","","","","","","","","","","","","","","","","","","","","","","","","","","","","",""
390,395570,Guest House o Affittacamere,CAPPUCCINO,Via Livorno,1,41.9144198,12.5217064,"",3,8,4,1,2,1,,"",,"","","",,"",,"","","","","","","","","","","","","","","","","","","","","","","","","","","","","","","","",""
391,396004,Guest House o Affittacamere,CAPRANICA PRIVATE SUITES GUEST HOUSE O AFFITTACAMERE,Via del Collegio Capranica,4,41.9002759,12.4773653,"",2,18,6,,3,2,,"",,ensaysrl@gmail.com,"","",3463112459,"",,"","","","","","","","","","","","","","","","","","","","","","","","","","","","","","","","",""
392,396215,Guest House o Affittacamere,CAPRICCI ROMANI,Via di Porta Castello,33,41.9046043,12.4634635,"",3,9,4,1,2,,1,"",,"","","",,"",,"","","","","","","","","","","","","","","","","","","","","","","","","","","","","","","","",""
393,395554,Guest House o Affittacamere,CAPUT MUNDI,Via Rattazzi,65,41.8981368,12.504037,"",2,14,6,,4,2,,"",,"","","",,"",,"","","","","","","","","","","","","","","","","","","","","","","","","","","","","","","","",""
394,396090,Guest House o Affittacamere,CARACALLA IMMOBILIARE S.R.L.S. GUEST HOUSE O AFFITTACAMERE,Via Pandosia,19 A,41.8802904,12.5044944,"",3,8,4,,4,,,"",,caracallaimmobiliaresrl@gmail.com,"","",689011315,"",,"","","","","","","","","","","","","","","","","","","","","","","","","","","","","","","","",""
395,395523,Guest House o Affittacamere,CARAMANNA SALVATORE,Via dei Mille,6,41.9041924,12.5030551,"",2,8,5,2,3,,,"",,"","","",,"",,"","","","","","","","","","","","","","","","","","","","","","","","","","","","","","","","",""
396,394824,Guest House o Affittacamere,CARDINALE SUITES,Via Cardinale Merry Del Val,21,41.887407,12.4719768,"",3,4,2,,2,,,"",,"","","",,"",,"","","","","","","","","","","","","","","","","","","","","","","","","","","","","","","","",""
397,395368,Guest House o Affittacamere,CARINA,Via Bixio,74,41.8928611,12.5080151,"",3,13,6,,5,1,,"",,"","","",,"",,"","","","","","","","","","","","","","","","","","","","","","","","","","","","","","","","",""
398,397863,Guest House o Affittacamere,CARLO ALBERTO HOUSE,Via Carlo Alberto,63,41.8954982,12.5023344,"",3,12,5,1,1,3,,"",,"","","",,"",,"","","","","","","","","","","","","","","","","","","","","","","","","","","","","","","","",""
399,396641,Guest House o Affittacamere,CAROLINE SUITE guest house o affittacamere,Via Milazzo,14,41.9019355,12.5041727,"",3,7,4,2,1,1,,"",,suite.carolina@gmail.com,"","",3483394319,"",,"","","","","","","","","","","","","","","","","","","","","","","","","","","","","","","","",""
400,395139,Guest House o Affittacamere,CASA ARGILETO GUEST HOUSE O AFFITTACAMERE,Via della Madonna dei Monti,108,41.89376,12.4881035,"",3,12,6,,6,,,"",,residenze@argileto.it,"","",688805491,"",,"","","","","","","","","","","","","","","","","","","","","","","","","","","","","","","","",""
401,397064,Guest House o Affittacamere,CASA ARPINELLI,Via della Panetteria,1,41.9025938,12.4852427,"",2,10,5,,5,,,"",,"","","",,"",,"","","","","","","","","","","","","","","","","","","","","","","","","","","","","","","","",""
402,397912,Guest House o Affittacamere,Casa Carlo,Via Dei Serpenti,29,41.8958922,12.4901758,"",3,11,4,,2,1,1,"",,info@montihouse.com,"","",64740704,"",,"","","","","","","","","","","","","","","","","","","","","","","","","","","","","","","","",""
403,397472,Guest House o Affittacamere,CASA CAU guest house o affittacamere,Via In Arcione,94,41.9014162,12.4848603,"",3,9,4,,3,1,,"",,pino@casacau.com,"","",647825952,"",,"","","","","","","","","","","","","","","","","","","","","","","","","","","","","","","","",""
404,395684,Guest House o Affittacamere,CASA CELESTE,Via Beltrami Scalia,24,41.9259345,12.5689332,"",3,9,5,1,4,,,"",,"","","",,"",,"","","","","","","","","","","","","","","","","","","","","","","","","","","","","","","","",""
405,395780,Guest House o Affittacamere,CASA CROSSING,Via Mario De Fiori,28,41.9057551,12.4809555,"",3,6,3,,3,,,"",,"","","",,"",,"","","","","","","","","","","","","","","","","","","","","","","","","","","","","","","","",""
406,395694,Guest House o Affittacamere,CASA DE' CORONARI,Via dei Coronari,234,41.9004947,12.4721119,"",3,12,6,,6,,,"",,"","","",,"",,"","","","","","","","","","","","","","","","","","","","","","","","","","","","","","","","",""
407,395509,Guest House o Affittacamere,CASA DE' FIORI,Piazza del Biscione,83,41.8955984,12.473148,"",1,12,6,,6,,,"",,"","","",,"",,"","","","","","","","","","","","","","","","","","","","","","","","","","","","","","","","",""
408,397459,Guest House o Affittacamere,CASA DI LINA GUEST HOUSE O AFFITTACAMERE,Via di San Martino ai Monti,36,41.8957709,12.499187,"",3,8,4,1,2,1,,"",,amministrazione@saxarosata.it,"","",3480047390,"",,"","","","","","","","","","","","","","","","","","","","","","","","","","","","","","","","",""
409,396019,Guest House o Affittacamere,CASA DI LUISA Guest House o Affittacamere,Via Buonarroti,39,41.893862,12.502998,"",3,4,2,,2,,,"",,amministrazione@saxarosata.it,"","",3480047390,"",,"","","","","","","","","","","","","","","","","","","","","","","","","","","","","","","","",""
410,395799,Guest House o Affittacamere,CASA DI MARTINA,Via Cesare Rasponi,10,41.9199343,12.5251869,"",3,6,3,,3,,,"",,"","","",,"",,"","","","","","","","","","","","","","","","","","","","","","","","","","","","","","","","",""
411,396263,Guest House o Affittacamere,CASA DOLLY,Via dei Baglioni,30,41.8786105,12.4243438,"",2,5,3,1,2,,,"",,"","","",,"",,"","","","","","","","","","","","","","","","","","","","","","","","","","","","","","","","",""
412,395446,Guest House o Affittacamere,CASA ELEGANTE,Via Anastasio II,167,41.8978319,12.4425549,"",3,10,4,1,,3,,"",,"","","",,"",,"","","","","","","","","","","","","","","","","","","","","","","","","","","","","","","","",""
413,394758,Guest House o Affittacamere,CASA ELISA,Via Carlo Emanuele I,9,41.8911851,12.5092911,"",2,3,2,1,1,,,"",,"","","",,"",,"","","","","","","","","","","","","","","","","","","","","","","","","","","","","","","","",""
414,395689,Guest House o Affittacamere,CASA FABBRINI,Vicolo delle Orsoline,13,41.9071702,12.4791392,"",3,9,4,,3,1,,"",,"","","",,"",,"","","","","","","","","","","","","","","","","","","","","","","","","","","","","","","","",""
415,396442,Guest House o Affittacamere,CASA HEBERART GUEST HOUSE CAPO LE CASE,Via di Capo Le Case,18,41.9038191,12.4847794,"",1,8,5,2,3,,,"",3277366473,casaheberart@gmail.com,casa heberart,"",642014107,www.casaheberart.com,,"","","","","","","","","","","","","","","","","","","","","","","","","","","","","","","","",""
416,396443,Guest House o Affittacamere,CASA HEBERART GUEST HOUSE SISTINA,Via Sistina,149,41.9037639,12.4877963,"",1,6,5,4,1,,,"",3277366473,casaheberart@gmail.com,casa heberart,"",642014107,www.casaheberart.com,,"","","","","","","","","","","","","","","","","","","","","","","","","","","","","","","","",""
417,397187,Guest House o Affittacamere,CASA KOTBI,Via Conte Verde,16,41.8936808,12.5062532,"",3,11,5,,4,1,,"",,"","","",,"",,"","","","","","","","","","","","","","","","","","","","","","","","","","","","","","","","",""
418,396940,Guest House o Affittacamere,CASA LUISA,Via Cremona,21,41.9112129,12.5198095,"",2,8,3,,1,2,,"",,"","","",,"",,"","","","","","","","","","","","","","","","","","","","","","","","","","","","","","","","",""
419,395825,Guest House o Affittacamere,CASA MAGINI S.R.L.,Via di Casal Bianco,95,41.9398604,12.6258349,"",3,5,5,5,,,,"",,"","","",,"",,"","","","","","","","","","","","","","","","","","","","","","","","","","","","","","","","",""
420,395270,Guest House o Affittacamere,CASA MAREL GUEST HOUSE O AFFITTACAMERE,Via delle Fiamme Gialle,51,41.7321489,12.2931307,"",3,4,2,,2,,,"",3290606141,mari.costi@yahoo.com,"","",3290606141,"",,"","","","","","","","","","","","","","","","","","","","","","","","","","","","","","","","",""
421,395646,Guest House o Affittacamere,CASA MARTINI,Via Barletta,29,41.9106241,12.4578154,"",3,8,3,,1,2,,"",,"","","",,"",,"","","","","","","","","","","","","","","","","","","","","","","","","","","","","","","","",""
422,396078,Guest House o Affittacamere,CASA MASSIMO AFFITTACAMERE,Via Tarquinio Prisco,28,41.8770946,12.5244687,"",2,8,4,1,2,1,,"",,"","","",,"",,"","","","","","","","","","","","","","","","","","","","","","","","","","","","","","","","",""
423,396539,Guest House o Affittacamere,CASA MIRABILIA GUEST HOUSE O AFFITTACAMERE,Via Emanuele Filiberto,73,41.8918735,12.5057639,"",2,8,4,,4,,,"",,mirkorenhotel@gmail.com,"","",3312223338,"",,"","","","","","","","","","","","","","","","","","","","","","","","","","","","","","","","",""
424,397027,Guest House o Affittacamere,Casa Montani ai Satiri,Piazza Dei Satiri,54,41.8950793,12.4740028,"",2,3,1,,,1,,"",,info@casamontani.com,"","",632600421,www.casamontani.com,,"","","","","","","","","","","","","","","","","","","","","","","","","","","","","","","","",""
425,396222,Guest House o Affittacamere,Casa Montani guest house,Piazzale Flaminio,9,41.9119827,12.4755378,"",2,12,5,,3,2,,"",,info@casamontani.com,"","",632600421,www.casamontani.com,,"","","","","","","","","","","","","","","","","","","","","","","","","","","","","","","","",""
426,395795,Guest House o Affittacamere,CASA NINO,Via Giuseppe Veronese,20,41.8667164,12.4651049,"",2,4,2,,2,,,"",,"","","",,"",,"","","","","","","","","","","","","","","","","","","","","","","","","","","","","","","","",""
427,394998,Guest House o Affittacamere,CASA OLMATA,Via dell'Olmata,36,41.8962635,12.4970364,"",2,7,4,2,1,1,,"",,"","","",,"",,"","","","","","","","","","","","","","","","","","","","","","","","","","","","","","","","",""
428,396402,Guest House o Affittacamere,Casa particular 25Rooms,Viale Dello Scalo San Lorenzo,25,41.8942108,12.5166055,"",3,10,6,3,2,1,,"",3248484695,25rooms@gmail.com,"","",3248484695,www.25rooms.it,,"","","","","","","","","","","","","","","","","","","","","","","","","","","","","","","","",""
429,397360,Guest House o Affittacamere,CASA ROMA Guest House o Affittacamere,Via Gaeta,64,41.9044285,12.5005866,"",3,8,4,1,2,1,,"",,rosamiryamcecconi@gmail.com,"","",3491293924,"",,"","","","","","","","","","","","","","","","","","","","","","","","","","","","","","","","",""
430,405995,Guest House o Affittacamere,CASA SIMPATIA AL VATICANO Guest House o Affittacamere,Via Germanico,216,41.9093401,12.4639155,"",3,12,4,,,4,,"",,acasasimpatia@yahoo.it,"","",3400782873,"",,"","","","","","","","","","","","","","","","","","","","","","","","","","","","","","","","",""
431,395341,Guest House o Affittacamere,CASA SOTGIU,Viale Giulio Cesare,14,41.9123502,12.4690111,"",2,10,5,,5,,,"",,"","","",,"",,"","","","","","","","","","","","","","","","","","","","","","","","","","","","","","","","",""
432,396644,Guest House o Affittacamere,Casa Tua Vaticano Guest House,Via Gregorio VII,267,41.8957788,12.4441243,"",3,10,5,,5,,,"",3476145839,info@casatuavaticano.it,"","",66381865,www.casatuavaticano.it,,"","","","","","","","","","","","","","","","","","","","","","","","","","","","","","","","",""
433,397594,Guest House o Affittacamere,CASA ZAVATTI,Via dei Gracchi,60,41.9076481,12.460114,"",2,8,4,1,2,1,,"",,"","","",,"",,"","","","","","","","","","","","","","","","","","","","","","","","","","","","","","","","",""
434,395497,Guest House o Affittacamere,CASALE DEI CEDRI,Via Aurelia Antica,282,41.8896277,12.4377881,"",1,8,3,,1,2,,"",,"","","",,"",,"","","","","","","","","","","","","","","","","","","","","","","","","","","","","","","","",""
435,395435,Guest House o Affittacamere,CASALE HOLIDAYS,Via Labico,114,41.883618,12.5472874,"",2,3,2,1,1,,,"",,"","","",,"",,"","","","","","","","","","","","","","","","","","","","","","","","","","","","","","","","",""
436,405841,Guest House o Affittacamere,CASALE TRE SORELLE Guest House o Affittacamere,Via Collatina,726,41.911458,12.6416487,"",3,4,2,,2,,,"",,mauroberti70@gmail.com,"","",3356406877,"",,"","","","","","","","","","","","","","","","","","","","","","","","","","","","","","","","",""
437,396314,Guest House o Affittacamere,cassiodoro 19,Via Cassiodoro,19,41.9060456,12.4647944,"",2,12,6,,6,,,"",,stefano.ianari@gmail.com,"","",3338338250,"",,"","","","","","","","","","","","","","","","","","","","","","","","","","","","","","","","",""
438,397035,Guest House o Affittacamere,CASTEL SANT'ANGELO LUXURY ROOMS & TOUR GUEST HOUSE O AFFITTACAMERE,Via del Banco di Santo Spirito,48,41.9005658,12.4665062,"",3,11,6,1,5,,,"",,print.service@arubapec.it,"","",3482942179,"",,"","","","","","","","","","","","","","","","","","","","","","","","","","","","","","","","",""
439,397567,Guest House o Affittacamere,CASTELLANI A SAN PIETRO Guest House o Affittacamere,Via Vespasiano,17 A,41.9070344,12.4571202,"",2,7,3,,2,1,,"",3880712838,infocastellaniasanpietro@gmail.com,"","",639740495,www.castellaniasanpietro.it,,"","","","","","","","","","","","","","","","","","","","","","","","","","","","","","","","",""
440,395564,Guest House o Affittacamere,CATERINA GOODNIGHT,Via Alfonso Borelli,17,41.9066341,12.516534,"",3,11,5,1,2,2,,"",,"","","",,"",,"","","","","","","","","","","","","","","","","","","","","","","","","","","","","","","","",""
441,396658,Guest House o Affittacamere,CATONE LUXURY ROOMS GUEST HOUSE O AFFITTACAMERE,Via Catone,21,41.9073529,12.459151,"",1,5,2,,1,1,,"",,giovanni.dicristofaro@yahoo.it,"","",3883549859,"",,"","","","","","","","","","","","","","","","","","","","","","","","","","","","","","","","",""
442,395750,Guest House o Affittacamere,CATONE VATICAN SUITES,Via Catone,16,41.9069201,12.4588417,"",3,11,3,,2,2,,"",,suitecatone@gmail.com,"","",3485892020,"",,"","","","","","","","","","","","","","","","","","","","","","","","","","","","","","","","",""
443,397469,Guest House o Affittacamere,Cattaneo Accomodation Guest house o Affittacamere,Via Carlo Cattaneo,31,41.898575,12.502684,"",3,7,3,,2,1,,"",,ali.sal8287@yahoo.com,"","",3803686453,"",,"","","","","","","","","","","","","","","","","","","","","","","","","","","","","","","","",""
444,394995,Guest House o Affittacamere,CAVALIERI ROSA,Via Principe Amedeo,168,41.8963783,12.5045624,"",3,8,6,4,2,,,"",,"","","",,"",,"","","","","","","","","","","","","","","","","","","","","","","","","","","","","","","","",""
445,396121,Guest House o Affittacamere,CAVOUR INN,Via Cavour,58 O,41.8992981,12.4984429,"",3,8,4,,4,,,"",,cavourinn@gmail.com,"","",689763116,"",,"","","","","","","","","","","","","","","","","","","","","","","","","","","","","","","","",""
446,396690,Guest House o Affittacamere,CAVOUR LUXURY ROOMS GUEST HOUSE O AFFITTACAMERE,Via Cavour,57,41.8994331,12.4980193,"",2,10,6,2,4,,,"",,nicola.puocci1983@gmail.com,"","",3480562452,"",,"","","","","","","","","","","","","","","","","","","","","","","","","","","","","","","","",""
447,397397,Guest House o Affittacamere,CAVOUR SUITES GUEST HOUSE O AFFITTACAMERE,Via Orazio,3,41.9079285,12.466187,"",3,11,5,1,2,2,,"",3335363831,info@domushotel.it,"","",645421592,www.domushotel.it,,"","","","","","","","","","","","","","","","","","","","","","","","","","","","","","","","",""
448,396827,Guest House o Affittacamere,Cavour Urban Rooms Guest House o Affittacamere,Via Cavour,124,41.8968948,12.4957213,"",3,6,3,,3,,,"",,colonna18roma@gmail.com,"","",3930930738,"",,"","","","","","","","","","","","","","","","","","","","","","","","","","","","","","","","",""
449,395163,Guest House o Affittacamere,CENCI GUEST HOUSE O AFFITTACAMERE,Via Dei Maroniti,37,41.9020047,12.4844892,"",2,16,6,,2,4,,"",,cenciemanuele@gmail.com,"","",3403556788,"",,"","","","","","","","","","","","","","","","","","","","","","","","","","","","","","","","",""
450,400383,Guest House o Affittacamere,CENTRO SOLFERINO ROOMS guest house o affittacamere,Via Solferino,9,41.903514,12.5015055,"",3,9,3,,,3,,"",,nicolrotarita@gmail.com,"","",3207920034,"",,"","","","","","","","","","","","","","","","","","","","","","","","","","","","","","","","",""
451,396851,Guest House o Affittacamere,cesar palace,Via Nomentana,55,41.9107595,12.5029504,"",3,7,5,3,2,,,"",,messal@gmail.com,"","",3476692557,"",,"","","","","","","","","","","","","","","","","","","","","","","","","","","","","","","","",""
452,396939,Guest House o Affittacamere,cesar palace 2,Via Nomentana,55,41.9107595,12.5029504,"",3,11,6,1,5,,,"",,nomentana55@gmail.com,"","",64402003,"",,"","","","","","","","","","","","","","","","","","","","","","","","","","","","","","","","",""
453,397356,Guest House o Affittacamere,CESARE AI CAVALIERI SUITS GUEST HOUSE O AFFITTACAMERE.,Viale Giulio Cesare,71,41.9101836,12.462318,"",2,15,6,,3,3,,"",,info@cesareaicavalieri.it,"","",63213412,www.cesareaicavalieri.it,,"","","","","","","","","","","","","","","","","","","","","","","","","","","","","","","","",""
454,395510,Guest House o Affittacamere,CHAMPAGNE ROOMS,Via Principe Amedeo,77,41.8983611,12.5007886,"",1,7,4,1,3,,,"",,"","","",,"",,"","","","","","","","","","","","","","","","","","","","","","","","","","","","","","","","",""
455,397427,Guest House o Affittacamere,CHARM&BELLA GUEST HOUSE O AFFITTACAMERE,Via Rattazzi,33,41.896887,12.5026918,"",3,8,5,2,3,,,"",,jin.jiaze@pec.it,"","",3286426400,"",,"","","","","","","","","","","","","","","","","","","","","","","","","","","","","","","","",""
456,395813,Guest House o Affittacamere,CHARME HOLIDAYS COLOSSEUM,Via Emanuele Filiberto,100,41.8903708,12.5073017,"",3,13,6,1,3,2,,"",,"","","",,"",,"","","","","","","","","","","","","","","","","","","","","","","","","","","","","","","","",""
457,395644,Guest House o Affittacamere,CHARMESUITE RAFFAELLO,Via del Banco di Santo Spirito,21,41.9000698,12.4667423,"",3,10,4,1,,3,,"",,"","","",,"",,"","","","","","","","","","","","","","","","","","","","","","","","","","","","","","","","",""
458,395909,Guest House o Affittacamere,CHARMING NAVONA 2 GUEST HOUSE O AFFITTACAMERE,Vicolo delle Vacche,3,41.8998515,12.4702634,"",2,7,4,1,3,,,"",3382737368,sanpionavona@gmail.com,"","",668307564,"",,"","","","","","","","","","","","","","","","","","","","","","","","","","","","","","","","",""
459,397329,Guest House o Affittacamere,CHAT & CHILL VATICAN APARTMENT,Via Ottaviano,9,41.9067736,12.4576629,"",3,4,2,,2,,,"",,"","","",,"",,"","","","","","","","","","","","","","","","","","","","","","","","","","","","","","","","",""
460,405477,Guest House o Affittacamere,CHECK IN ROME guest house o affittacamere,Via Palestro,87,41.903402,12.505986,"",3,9,4,,3,1,,"",,romecityin@gmail.com,"","",3920699191,"",,"","","","","","","","","","","","","","","","","","","","","","","","","","","","","","","","",""
461,395678,Guest House o Affittacamere,CHECK-INN ROOMS,Via Baldo degli Ubaldi,190,41.899547,12.4363117,"",3,8,3,,1,2,,"",,"","","",,"",,"","","","","","","","","","","","","","","","","","","","","","","","","","","","","","","","",""
462,396988,Guest House o Affittacamere,chri luxury suite 'Guest House o Affittacamere',Via Palestro,78,41.9035583,12.5062996,"",2,13,6,1,3,2,,"",,dafrasrls@legalmail.it,"","",3405664901,"",,"","","","","","","","","","","","","","","","","","","","","","","","","","","","","","","","",""
463,397275,Guest House o Affittacamere,CHESTER SUITES,Via Cola di Rienzo,265,41.9070156,12.4607008,"",3,10,5,,5,,,"",,attsolosroma@gmail.com,"","",3899093571,www.chestersuites.com,,"","","","","","","","","","","","","","","","","","","","","","","","","","","","","","","","",""
464,397061,Guest House o Affittacamere,CHEZ LUNA GUEST HOUSE O AFFITTACAMERE,Via degli Equi,20,41.8967907,12.5125933,"",2,3,2,1,1,,,"",,chiarodiluna.1503@libero.it,"","",3472850136,"",,"","","","","","","","","","","","","","","","","","","","","","","","","","","","","","","","",""
465,395385,Guest House o Affittacamere,CHIARA STELLA,Piazza di Santa Croce in Gerusalemme,103,41.8894332,12.5158818,"",3,5,3,1,2,,,"",,"","","",,"",,"","","","","","","","","","","","","","","","","","","","","","","","","","","","","","","","",""
466,396930,Guest House o Affittacamere,CHIARETTA GUEST HOUSE O AFFITTACAMERE DI BERNABEI MARIA,Via Sebastiano Veniero,8,41.9079371,12.4550454,"",3,4,2,,2,,,"",,chiarettaguesthouse@outlook.com,"","",3393389668,"",,"","","","","","","","","","","","","","","","","","","","","","","","","","","","","","","","",""
467,397256,Guest House o Affittacamere,CHIC & TOWN LUXURY ROOMS,Via dei Due Macelli,31,41.9034032,12.4844812,"",2,13,6,,5,1,,"",,info@chictown.it,"","",669922040,www.chictown.it,,"","","","","","","","","","","","","","","","","","","","","","","","","","","","","","","","",""
468,397217,Guest House o Affittacamere,CHROMA DEKA Guest House o Affittacamere,Via Montebello,104,41.9064445,12.5015951,"",2,12,5,,4,,1,"",,chromaexy@chromaitaly.com,"","",3291150121,"",,"","","","","","","","","","","","","","","","","","","","","","","","","","","","","","","","",""
469,395718,Guest House o Affittacamere,CHROMA EXY,Via Montebello,99,41.9066552,12.5014159,"",2,15,5,,2,1,2,"",,"","","",,"",,"","","","","","","","","","","","","","","","","","","","","","","","","","","","","","","","",""
470,395395,Guest House o Affittacamere,CHROMA TESSERA,Viale dell'Universit,25,41.9035756,12.5088808,"",3,8,5,2,3,,,"",,"","","",,"",,"","","","","","","","","","","","","","","","","","","","","","","","","","","","","","","","",""
471,396299,Guest House o Affittacamere,CIAK,Viale Manzoni,55,41.8918343,12.5087192,"",2,15,5,,,5,,"",,edoalbi.rm@pec.it,"","",3458965056,"",,"","","","","","","","","","","","","","","","","","","","","","","","","","","","","","","","",""
472,397182,Guest House o Affittacamere,CIAO COLLECTION guest house o affittacamere,Via Marsala,96 B,41.9013333,12.5042274,"",3,13,6,,5,1,,"",,danilo.salvati0969@gmail.com,"","",644341236,"",,"","","","","","","","","","","","","","","","","","","","","","","","","","","","","","","","",""
473,398059,Guest House o Affittacamere,CICERO ROME CENTER,Via Sicilia,153,41.9092927,12.4941388,"",3,5,3,1,2,,,"",3201413106,hoteldo1@gmail.com,"","",3201413106,www.bbviavenetorome.it,,"","","","","","","","","","","","","","","","","","","","","","","","","","","","","","","","",""
474,395923,Guest House o Affittacamere,Cielo Vaticano Guest House,Via Giovanni Bettolo,54,41.9118096,12.4568858,"",2,8,4,,4,,,"",,info@cielovaticanoguesthouse.com,"","",3332474027,"",,"","","","","","","","","","","","","","","","","","","","","","","","","","","","","","","","",""
475,394997,Guest House o Affittacamere,CIMARRA,Via Cimarra,61,41.8961555,12.4912258,"",2,2,1,,1,,,"",,"","","",,"",,"","","","","","","","","","","","","","","","","","","","","","","","","","","","","","","","",""
476,395822,Guest House o Affittacamere,CINEMA HOUSE,Via Filippo Turati,13,41.8991013,12.5015013,"",3,9,3,,1,1,1,"",,"","","",,"",,"","","","","","","","","","","","","","","","","","","","","","","","","","","","","","","","",""
477,397398,Guest House o Affittacamere,CINEMA HOUSE GUEST HOUSE O AFFITTACAMERE,Via Filippo Turati,13,41.8991013,12.5015013,"",3,10,3,,2,,,"",,vincenzocaporale81@gmail.com,"","",3496068005,"",,"","","","","","","","","","","","","","","","","","","","","","","","","","","","","","","","",""
478,395779,Guest House o Affittacamere,CINEMA HOUSE - non abilitata,Via Filippo Turati,13,41.8991013,12.5015013,"",3,9,5,2,2,1,,"",,"","","",,"",,"","","","","","","","","","","","","","","","","","","","","","","","","","","","","","","","",""
479,397515,Guest House o Affittacamere,Cinquecento Suite Prati-Delle Vittorie Guest House o Affittacamere,Via Fulcieri Paulucci de Calboli,60,41.9156936,12.4611773,"",2,10,5,,5,,,"",3388799280,roma@5centobb.it,"","",3316760311,http://tappedi5centobb.it,,"","","","","","","","","","","","","","","","","","","","","","","","","","","","","","","","",""
480,396406,Guest House o Affittacamere,CINQUESOGNI Guest House o affittacamere,Via Livorno,6,41.9142679,12.5220168,"",3,12,5,,3,2,,"",,info@sagoo.it,"","",3803665784,"",,"","","","","","","","","","","","","","","","","","","","","","","","","","","","","","","","",""
481,397830,Guest House o Affittacamere,CIRCLE PIAZZA DI SPAGN 60 SUITES COLLECTIONS Guest House o Affittacamere,Piazza di Spagna,60 A,41.905268,12.4823645,"",2,7,2,,,1,1,"",,rrclerici@gmail.com,"","",3392653308,"",,"","","","","","","","","","","","","","","","","","","","","","","","","","","","","","","","",""
482,395966,Guest House o Affittacamere,Citt Eterna,Viale Manzoni,81,41.8935159,12.5103049,"",3,6,4,2,2,,,"",3398559577,manrique.bbce@gmail.com,"","",3332570850,"",,"","","","","","","","","","","","","","","","","","","","","","","","","","","","","","","","",""
483,397282,Guest House o Affittacamere,CITY HALL Guest House o Affittacamere,Via Cesare Battisti,132,41.8969771,12.4826712,"",2,9,3,,1,1,1,"",,info@rentalinrome.com,"","",63220068,"",,"","","","","","","","","","","","","","","","","","","","","","","","","","","","","","","","",""
484,395845,Guest House o Affittacamere,CITY LIGHTS,Via Ostiense,73,41.8726639,12.4805178,"",3,6,3,1,1,1,,"",,"","","",,"",,"","","","","","","","","","","","","","","","","","","","","","","","","","","","","","","","",""
485,396833,Guest House o Affittacamere,CLARA DOMUS,Via Milazzo,3,41.9016206,12.5043058,"",3,9,5,1,4,,,"",,"","","",,"",,"","","","","","","","","","","","","","","","","","","","","","","","","","","","","","","","",""
486,395782,Guest House o Affittacamere,CLAUDIA GIULIO CESARE,Viale Giulio Cesare,113,41.9093923,12.4595317,"",3,8,4,,4,,,"",,"","","",,"",,"","","","","","","","","","","","","","","","","","","","","","","","","","","","","","","","",""
487,397934,Guest House o Affittacamere,CLEMENTI 18 - SUITES IN ROME GUEST HOUSE O AFFITTACAMERE,Via Muzio Clementi,18,41.9056833,12.4720208,"",2,12,6,1,4,1,,"",,clementi18suites@gmail.com,"","",3473382978,"",,"","","","","","","","","","","","","","","","","","","","","","","","","","","","","","","","",""
488,397548,Guest House o Affittacamere,CLEMENTI PORTRAIT GUEST HOUSE O AFFITTACAMERE,Via Muzio Clementi,68,41.9070909,12.471961,"",2,12,6,1,4,1,,"",,clementiportrait@gmail.com,"","",3937571779,"",,"","","","","","","","","","","","","","","","","","","","","","","","","","","","","","","","",""
489,395722,Guest House o Affittacamere,CLEMY IN ROME,Via Mecenate,13,41.8931386,12.5007505,"",2,7,3,,2,1,,"",,"","","",,"",,"","","","","","","","","","","","","","","","","","","","","","","","","","","","","","","","",""
490,395629,Guest House o Affittacamere,Cleo,Via Cavour,136,41.896742,12.4957259,"",3,12,6,,6,,,"",,martacasacleo@gmail.com,"","",3402391805,"",,"","","","","","","","","","","","","","","","","","","","","","","","","","","","","","","","",""
491,395777,Guest House o Affittacamere,CLEOPATRA,Via Pellegrino Matteucci,41,41.872297,12.4815264,"",3,12,6,1,4,1,,"",,"","","",,"",,"","","","","","","","","","","","","","","","","","","","","","","","","","","","","","","","",""
492,396870,Guest House o Affittacamere,CLODIN GUEST HOUSE O AFFITTACAMERE,Via Carlo Cattaneo,15,41.8971429,12.5011639,"",2,5,3,1,2,,,"",,ondagreca@alice.it,"","",3293123229,"",,"","","","","","","","","","","","","","","","","","","","","","","","","","","","","","","","",""
493,397483,Guest House o Affittacamere,co.sleep Guest House o Affittacamere,Via Boezio,6,41.9069976,12.4668363,"",2,10,4,,2,2,,"",,clementi18suites@gmail.com,"","",669420902,"",,"","","","","","","","","","","","","","","","","","","","","","","","","","","","","","","","",""
494,396766,Guest House o Affittacamere,COLA DI RIENZO INN - GUEST HOUSE,Via Cola di Rienzo,111,41.9083778,12.4661182,"",2,6,3,,3,,,"",,riccardopedone111@libero.it,"","",3271394144,"",,"","","","","","","","","","","","","","","","","","","","","","","","","","","","","","","","",""
495,397224,Guest House o Affittacamere,COLA DI RIENZO SUITE GUEST HOUSE O AFFITTACAMERE,Via Cola di Rienzo,111,41.9083778,12.4661182,"",3,10,5,1,3,1,,"",,info@romesuite.it,"","",664520904,"",,"","","","","","","","","","","","","","","","","","","","","","","","","","","","","","","","",""
496,395208,Guest House o Affittacamere,COLA SUITES APARTMENTS GUEST HOUSE O AFFITTACAMERE,Via Cola di Rienzo,163,41.9079909,12.4647126,"",1,6,2,,1,,1,"",,giovanni.dicristofaro@yahoo.it,"","",3883549859,"",,"","","","","","","","","","","","","","","","","","","","","","","","","","","","","","","","",""
497,397266,Guest House o Affittacamere,COLADIR GUEST HOUSE O AFFITTACAMERE,Via Paolo Emilio,7,41.9078677,12.4637422,"",2,12,6,,6,,,"",,coladirguesthouse@legalmail.it,"","",3425146590,"",,"","","","","","","","","","","","","","","","","","","","","","","","","","","","","","","","",""
498,396343,Guest House o Affittacamere,Colazione al Vaticano,Via della Stazione di San Pietro,40,41.8963816,12.4555905,"",3,10,5,,5,,,"",,colazionevaticano@gmail.com,"","",3388135081,"",,"","","","","","","","","","","","","","","","","","","","","","","","","","","","","","","","",""
499,395624,Guest House o Affittacamere,COLBAGI,Via Napoleone III,10,41.8974332,12.5011697,"",3,16,6,2,4,,,"",,"","","",,"",,"","","","","","","","","","","","","","","","","","","","","","","","","","","","","","","","",""
500,397572,Guest House o Affittacamere,COLFELICE ROOMS guest house o affittacamere,Via Colfelice,30,41.869236,12.531471,"",3,7,4,1,3,,,"",3890414312,info@bbcolfelice.it,b&b colfelice,"",3289087215,www.colfelicerooms.it,,"","","","","","","","","","","","","","","","","","","","","","","","","","","","","","","","",""
501,395931,Guest House o Affittacamere,COLLINA 24 SUITES GUEST HOUSE O AFFITTACAMERE,Via Collina,24,41.9081243,12.4977868,"",3,7,4,2,1,1,,"",,collina24@legalmail.it,"","",3884790762,"",,"","","","","","","","","","","","","","","","","","","","","","","","","","","","","","","","",""
502,394835,Guest House o Affittacamere,COLLINA 48 Guest House o Affittacamere,Via Collina,48,41.9087084,12.4974257,"",1,12,6,,6,,,"",,andrealuigiscala@gmail.com,"","",3337030075,"",,"","","","","","","","","","","","","","","","","","","","","","","","","","","","","","","","",""
503,396367,Guest House o Affittacamere,COLLINA INN,Via Collina,24,41.9081243,12.4977868,"",3,9,4,,3,1,,"",,collinainn@gmail.com,"","",664824386,"",,"","","","","","","","","","","","","","","","","","","","","","","","","","","","","","","","",""
504,397431,Guest House o Affittacamere,COLOMBO GUEST HOUSE,Via Maurice Ravel,347,41.7510611,12.3720147,"",3,5,4,3,1,,,"",,romanoservice@pec.it,"","",3280942130,"",,"","","","","","","","","","","","","","","","","","","","","","","","","","","","","","","","",""
505,395257,Guest House o Affittacamere,COLONNA 18,Via Vittoria Colonna,18,41.9050545,12.4723192,"",2,10,5,,5,,,"",,"","","",,"",,"","","","","","","","","","","","","","","","","","","","","","","","","","","","","","","","",""
506,398028,Guest House o Affittacamere,COLONNA LUXURY SUITES,Via Marcantonio Colonna,28,41.9095772,12.4674143,"",3,10,5,,5,,,"",,info@colonnaluxurysuites.com,"","",3392723705,www.colonnaluxurysuites.com,,"","","","","","","","","","","","","","","","","","","","","","","","","","","","","","","","",""
507,396252,Guest House o Affittacamere,COLONNA SUITE DEI PRINCIPI,Via della Colonna Antonina,41,41.9003904,12.4792049,"",1,12,6,2,2,2,,"",3409466106,ruggero.rinaldin@gmail.com,"","",669208008,"",,"","","","","","","","","","","","","","","","","","","","","","","","","","","","","","","","",""
508,397552,Guest House o Affittacamere,COLONNA SUITE SRL,Via della Colonna Antonina,41,41.9003904,12.4792049,"",1,13,6,,5,1,,"",3282479522,info@colonnasuite.com,"","",669708008,"",,"","","","","","","","","","","","","","","","","","","","","","","","","","","","","","","","",""
509,397883,Guest House o Affittacamere,Colosseo accomodation room guest house o affittacamere,Via Labicana,72,41.8895396,12.5003895,"",3,6,3,,3,,,"",,topfloorcolosseo@gmail.com,"","",3408608431,"",,"","","","","","","","","","","","","","","","","","","","","","","","","","","","","","","","",""
510,396308,Guest House o Affittacamere,Colosseo Guest House o Affittacamere,Via di San Giovanni in Laterano,60,41.889508,12.4959014,"",3,9,4,,3,1,,"",,info@colosseoguesthouse.com,"","",3332229205,www.colosseoguesthouse.com,,"","","","","","","","","","","","","","","","","","","","","","","","","","","","","","","","",""
511,396545,Guest House o Affittacamere,COLOSSEO HOUSE GUEST HOUSE O AFFITTACAMERE,Via Labicana,92,41.8897354,12.4994349,"",2,10,4,,3,,1,"",,info@colosseo.house,colosseo house,colosseohouse,3277531144,www.colosseo.house,,"","","","","","","","","","","","","","","","","","","","","","","","","","","","","","","","",""
512,395412,Guest House o Affittacamere,COLOSSEO PANORAMA,Via Labicana,92,41.8897354,12.4994349,"",3,8,4,,4,,,"",,"","","",,"",,"","","","","","","","","","","","","","","","","","","","","","","","","","","","","","","","",""
513,395663,Guest House o Affittacamere,COLOSSEO PANORAMIC ROOMS,Via Nicola Salvi,68,41.8914634,12.4927012,"",2,8,4,,4,,,"",,"","","",,"",,"","","","","","","","","","","","","","","","","","","","","","","","","","","","","","","","",""
514,396514,Guest House o Affittacamere,COLOSSEO ROMA,Piazza Manfredo Fanti,19,41.8975209,12.503142,"",3,18,6,,1,4,1,"",,"","","",,"",,"","","","","","","","","","","","","","","","","","","","","","","","","","","","","","","","",""
515,395329,Guest House o Affittacamere,COLOSSEOINN,Via Carlo Botta,7,41.8911825,12.5012023,"",2,7,4,2,2,,,"",,"","","",,"",,"","","","","","","","","","","","","","","","","","","","","","","","","","","","","","","","",""
516,396450,Guest House o Affittacamere,COLOSSEUM B,Via Capo D'Africa,59,41.8882209,12.4975022,"",3,5,3,1,2,,,"",,info@bbrome.com,"","",677591862,http://bbrome.com,,"","","","","","","","","","","","","","","","","","","","","","","","","","","","","","","","",""
517,407193,Guest House o Affittacamere,Colosseum Boutique Guest House o Affittacamere,Viale Manzoni,13,41.8898125,12.506098,"",3,6,4,2,2,,,"",,84holding@gmail.com,"","",3755573032,"",,"","","","","","","","","","","","","","","","","","","","","","","","","","","","","","","","",""
518,408490,Guest House o Affittacamere,Colosseum Boutique Guest House o Affittacamere,Viale Manzoni,13,41.8898125,12.506098,"",3,6,4,2,2,,,"",,84holding@gmail.com,"","",3755573032,"",,"","","","","","","","","","","","","","","","","","","","","","","","","","","","","","","","",""
519,397719,Guest House o Affittacamere,COLOSSEUM LUXURY ROOM GUEST HOUSE O AFFITTACAMERE,Via Labicana,16,41.8894127,12.5028671,"",3,5,3,1,2,,,"",,colosseumroom@mail.com,"","",689346054,"",,"","","","","","","","","","","","","","","","","","","","","","","","","","","","","","","","",""
520,397554,Guest House o Affittacamere,COLOSSHOUSE GUEST HOUSE O AFFITTACAMERE,Via Ariosto,24,41.8903525,12.5046642,"",3,9,4,1,1,2,,"",,colosshouse@gmail.com,https://www.facebook.com/colosshouse/,https://www.instagram.com/colosshouse_guest_house/,3911103615,http://www.colosshouse.com,,"","","","","","","","","","","","","","","","","","","","","","","","","","","","","","","","",""
521,398603,Guest House o Affittacamere,COMFORT INN ROMA TERMINI GUEST HOUSE O AFFITTACAMERE,Via Vicenza,17,41.9041879,12.5045564,"",3,11,3,,1,1,,"",,geom.mastrobuono@gmail.com,"","",3298174352,"",,"","","","","","","","","","","","","","","","","","","","","","","","","","","","","","","","",""
522,395406,Guest House o Affittacamere,COMICS GUESTHOUSE,Viale Giulio Cesare,38,41.9120792,12.4681888,"",3,14,5,1,1,1,2,"",,"","","",,"",,"","","","","","","","","","","","","","","","","","","","","","","","","","","","","","","","",""
523,396271,Guest House o Affittacamere,CONDOTTI 29,Via dei Condotti,29,41.9048665,12.4800805,"",1,12,6,,6,,,"",,"","","",,"",,"","","","","","","","","","","","","","","","","","","","","","","","","","","","","","","","",""
524,408538,Guest House o Affittacamere,Condotti Suites Guest House o Affittacamere,Via dei Condotti,9,41.9055241,12.4817468,"",2,7,4,1,3,,,"",,e.novelli@hotmail.it,"","",3473085711,"",,"","","","","","","","","","","","","","","","","","","","","","","","","","","","","","","","",""
525,397057,Guest House o Affittacamere,conte house guest house o affittacamere,Via Merulana,191,41.8911842,12.5020904,"",3,12,6,1,4,1,,"",,contehousemerulana@gmail.com,"","",3276831639,"",,"","","","","","","","","","","","","","","","","","","","","","","","","","","","","","","","",""
526,396221,Guest House o Affittacamere,Conte Verde Suites Guest House o Affittacamere,Via Conte Verde,4,41.8937725,12.5061034,"",2,7,4,1,3,,,"",,soledad.diaz.us@gmail.com,"","",3423577264,"",,"","","","","","","","","","","","","","","","","","","","","","","","","","","","","","","","",""
527,396056,Guest House o Affittacamere,CONVIVIUM,Via Baccina,45,41.8950721,12.490081,"",3,14,6,,4,2,,"",,convivium2012@gmail.com,"","",689520076,"",,"","","","","","","","","","","","","","","","","","","","","","","","","","","","","","","","",""
528,395824,Guest House o Affittacamere,COPPEDE' ROYAL SUITES,Via Tronto,3,41.9198867,12.5039111,"",2,8,4,1,2,1,,"",,"","","",,"",,"","","","","","","","","","","","","","","","","","","","","","","","","","","","","","","","",""
529,396426,Guest House o Affittacamere,CORAL GUEST HOUSE,Via Tibullo,13,41.9062024,12.462282,"",3,9,5,2,2,1,,"",,subiettosrls@gmail.com,"","",3284758150,www.coralguesthouse.com,,"","","","","","","","","","","","","","","","","","","","","","","","","","","","","","","","",""
530,395671,Guest House o Affittacamere,CORE DE ROMA SUITES,Lungotevere Raffaello Sanzio,2,41.8917334,12.4705967,"",2,6,4,2,2,,,"",,"","","",,"",,"","","","","","","","","","","","","","","","","","","","","","","","","","","","","","","","",""
531,395781,Guest House o Affittacamere,CORSO 12 guest house o affittacamere,Via del Corso,12,41.9092856,12.4770696,"",3,7,4,1,3,,,"",,a.lassalandra@groupevaladier.com,"","",3356081210,"",,"","","","","","","","","","","","","","","","","","","","","","","","","","","","","","","","",""
532,395351,Guest House o Affittacamere,CORSO 37,Via del Corso,37,41.9083707,12.4773925,"",2,4,2,,2,,,"",,"","","",,"",,"","","","","","","","","","","","","","","","","","","","","","","","","","","","","","","","",""
533,396724,Guest House o Affittacamere,Corso Boutique Luxury Rooms Guest House o Affittacamere,Via del Corso,504,41.9083236,12.4772484,"",3,13,6,,5,1,,"",,info@cbhotelroma.com,"","",693575936,"",,"","","","","","","","","","","","","","","","","","","","","","","","","","","","","","","","",""
534,395160,Guest House o Affittacamere,CORSO GRAND SUITE guest house o affittacamere,Via del Corso,117,41.9055325,12.4785868,"",1,14,6,1,3,1,1,"",,info@corsograndsuite.it,"","",6899017157,"",,"","","","","","","","","","","","","","","","","","","","","","","","","","","","","","","","",""
535,395764,Guest House o Affittacamere,CORSO SUITE,Via del Corso,112,41.9057068,12.4785619,"",3,11,5,,4,1,,"",,"","","",,"",,"","","","","","","","","","","","","","","","","","","","","","","","","","","","","","","","",""
536,394848,Guest House o Affittacamere,Corso Suite 107 Guest House o Affittacamere,Via del Corso,107,41.9058536,12.4785262,"",3,7,4,1,3,,,"",3209475975,info@corsosuite107.com,"","",645551762,www.corsosuite107.com,,"","","","","","","","","","","","","","","","","","","","","","","","","","","","","","","","",""
537,395783,Guest House o Affittacamere,CORSO VITTORIO 308,Corso Vittorio Emanuele II,308,41.8995837,12.4662105,"",1,10,5,,5,,,"",,"","","",,"",,"","","","","","","","","","","","","","","","","","","","","","","","","","","","","","","","",""
538,397369,Guest House o Affittacamere,COSTANCY ROOMS,Via Merulana,61,41.8930968,12.5014833,"",3,6,3,1,1,1,,"",3510126463,sealsreerajib@legalmail.it,"","",3510126463,http://booking,,"","","","","","","","","","","","","","","","","","","","","","","","","","","","","","","","",""
539,395133,Guest House o Affittacamere,COTE ROME 1888,Via Daniele Manin,58 A,41.8989442,12.4993101,"",3,8,4,,4,,,"",,"","","",,"",,"","","","","","","","","","","","","","","","","","","","","","","","","","","","","","","","",""
540,407468,Guest House o Affittacamere,Cozy luxury room a San Pietro GUEST HOUSE O AFFITTACAMERE,Via di Monte del Gallo,62,41.8960474,12.4517205,"",3,4,2,,2,,,"",,cozyluxuryroomasanpietro@gmail.com,"","",3281234488,"",,"","","","","","","","","","","","","","","","","","","","","","","","","","","","","","","","",""
541,404133,Guest House o Affittacamere,COZY LUXURY ROOM AL PANTHEON GUEST HOUSE O AFFITTACAMERE,Via di Pi di Marmo,16,41.8976531,12.4791741,"",3,11,5,1,2,2,,"",,cozyluxuryroomalpantheon@gmail.com,"","",3281234488,"",,"","","","","","","","","","","","","","","","","","","","","","","","","","","","","","","","",""
542,397303,Guest House o Affittacamere,COZY LUXURY ROOM TURATI GUEST HOUSE O AFFITTACAMERE,Via Filippo Turati,23,41.8986693,12.5012066,"",3,5,3,1,2,,,"",,cozyluxuryroomturati@gmail.com,"","",3281234488,"",,"","","","","","","","","","","","","","","","","","","","","","","","","","","","","","","","",""
543,404356,Guest House o Affittacamere,CROMA GUEST HOUSE O AFFITTACAMERE,Via Aurelia,465,41.8983552,12.4281473,"",1,9,5,1,4,,,"",,mtabarini.90@gmail.com,"","",3807576007,"",,"","","","","","","","","","","","","","","","","","","","","","","","","","","","","","","","",""
544,407710,Guest House o Affittacamere,CROMA GUEST HOUSE O AFFITTACAMERE,Via Aurelia,465,41.8983552,12.4281473,"",2,9,5,1,4,,,"",3807576007,mtabarini.90@gmail.com,"","",3807576007,"",,"","","","","","","","","","","","","","","","","","","","","","","","","","","","","","","","",""
545,395538,Guest House o Affittacamere,CROSSING CONDOTTI,Via Mario De Fiori,28,41.9057551,12.4809555,"",3,10,5,,5,,,"",,"","","",,"",,"","","","","","","","","","","","","","","","","","","","","","","","","","","","","","","","",""
546,395083,Guest House o Affittacamere,CROSSING ROMA 1,Via Merulana,139,41.887783,12.504455,"",3,9,5,1,4,,,"",,"","","",,"",,"","","","","","","","","","","","","","","","","","","","","","","","","","","","","","","","",""
547,396916,Guest House o Affittacamere,CROSTI ROOMS,Via Castelfidardo,56,41.9062454,12.5014398,"",2,6,4,2,2,,,"",,"","","",,"",,"","","","","","","","","","","","","","","","","","","","","","","","","","","","","","","","",""
548,396098,Guest House o Affittacamere,CROSTI SUITES guest house o affittacamere,Via Castelfidardo,56,41.9062454,12.5014398,"",3,7,4,1,3,,,"",,ristoroma90srl@pec.it,"","",3355383760,"",,"","","","","","","","","","","","","","","","","","","","","","","","","","","","","","","","",""
549,394993,Guest House o Affittacamere,CRYSTAL,Via Tuscolana,695,41.8619951,12.5541289,"",2,7,4,1,3,,,"",,"","","",,"",,"","","","","","","","","","","","","","","","","","","","","","","","","","","","","","","","",""
550,396770,Guest House o Affittacamere,CUNABU APARTMENTS GIOLITTI GUEST HOUSE O AFFITTACAMERE,Via Giovanni Giolitti,255,41.8972358,12.5056655,"",3,4,3,2,1,,,"",,concierge@cunabu.com,"","",3519324679,"",,"","","","","","","","","","","","","","","","","","","","","","","","","","","","","","","","",""
551,396650,Guest House o Affittacamere,CUNABU APARTMENTS GUEST HOUSE O AFFITTACAMER,Via Giovanni Giolitti,255,41.8972358,12.5056655,"",3,5,3,2,,1,,"",,"","","",,"",,"","","","","","","","","","","","","","","","","","","","","","","","","","","","","","","","",""
552,400536,Guest House o Affittacamere,CUNABU EMILIO - GUEST HOUSE O AFFITTACAMERE,Via Paolo Emilio,57,41.9093837,12.4629133,"",3,13,6,1,3,2,,"",,concierge@cunabu.com,"","",3519324679,"",,"","","","","","","","","","","","","","","","","","","","","","","","","","","","","","","","",""
553,403413,Guest House o Affittacamere,CUNABU URBANO 5 - GUEST HOUSE O AFFITTACAMERE,Via Rattazzi,65,41.8981368,12.504037,"",3,8,3,,1,2,2,"",,"","","",,"",,"","","","","","","","","","","","","","","","","","","","","","","","","","","","","","","","",""
554,400630,Guest House o Affittacamere,CUNABU URBANO - GUEST HOUSE O AFFITTACAMERE,Via Rattazzi,65,41.8981368,12.504037,"",3,9,6,4,1,1,,"",,concierge@cunabu.com,"","",3519324679,"",,"","","","","","","","","","","","","","","","","","","","","","","","","","","","","","","","",""
555,395802,Guest House o Affittacamere,D&D LUXURY HOUSE,Piazza dell'Indipendenza,5,41.9050109,12.5028613,"",3,9,5,1,4,,,"",,"","","",,"",,"","","","","","","","","","","","","","","","","","","","","","","","","","","","","","","","",""
556,395426,Guest House o Affittacamere,D.M. LUXURY SUITES,Via Giacomo Medici,1,41.8877394,12.4643689,"",2,11,5,,4,1,,"",,"","","",,"",,"","","","","","","","","","","","","","","","","","","","","","","","","","","","","","","","",""
557,395801,Guest House o Affittacamere,D.R. ROME SPANISH LUXURY SUITES,Via Frattina,46,41.9040523,12.4809845,"",3,14,6,1,3,1,1,"",,"","","",,"",,"","","","","","","","","","","","","","","","","","","","","","","","","","","","","","","","",""
558,395254,Guest House o Affittacamere,DA ME SUITES AFFITTACAMERE,Via Maria Adelaide,12,41.9107396,12.4742006,"",3,14,6,,4,2,,"",,"","","",,"",,"","","","","","","","","","","","","","","","","","","","","","","","","","","","","","","","",""
559,395800,Guest House o Affittacamere,DA.SI. ROOMS DI ARABIA DANIELE,Via Giuseppe Benedetto Dusmet,12,41.9227916,12.4183183,"",2,3,3,,3,,,"",,"","","",,"",,"","","","","","","","","","","","","","","","","","","","","","","","","","","","","","","","",""
560,396283,Guest House o Affittacamere,DA VINCI guest house o affittacamere,Via Carlo Alberto,26,41.8958858,12.5023191,"",3,7,4,1,3,,,"",,"","","",,"",,"","","","","","","","","","","","","","","","","","","","","","","","","","","","","","","","",""
561,407711,Guest House o Affittacamere,DA VINCI relais GUEST HOUSE O AFFITTACAMERE,Via Gregorio VII,278,41.8962096,12.440104,"",3,7,3,,2,1,,"",,imode6@gmail.com,"","",3467277956,"",,"","","","","","","","","","","","","","","","","","","","","","","","","","","","","","","","",""
562,397208,Guest House o Affittacamere,Dahlia Rossa Guest House o Affittacamere/Guest House o Affittacamere Dahlia Rossa,Via Napoleone III,39,41.8967767,12.5017915,"",2,2,2,2,,,,"",,dhalimdmuhit@gmail.com,"","",3780601035,"",,"","","","","","","","","","","","","","","","","","","","","","","","","","","","","","","","",""
563,396457,Guest House o Affittacamere,DALMATI GUEST HOUSE,Via dei Dalmati,9,41.899557,12.515606,"",3,18,6,,,6,,"",,info@prosperoconsulting.it,"","",3933681955,"",,"","","","","","","","","","","","","","","","","","","","","","","","","","","","","","","","",""
564,394994,Guest House o Affittacamere,DAMA guest house o affittacamere,Via Milazzo,42,41.9031208,12.5059294,"",2,12,5,,3,2,,"",,giannidilaudo@yahoo.it,"","",3476647761,"",,"","","","","","","","","","","","","","","","","","","","","","","","","","","","","","","","",""
565,397257,Guest House o Affittacamere,Daniel rooms guest house o affittacamere,Via Palestro,56,41.9046592,12.5047791,"",3,15,5,,,5,,"",,hoquealamin@pec.it,"","",3892553377,"",,"","","","","","","","","","","","","","","","","","","","","","","","","","","","","","","","",""
566,394857,Guest House o Affittacamere,DANIELE MANIN GUEST HOUSE O AFFITTACAMERE,Via Daniele Manin,69,41.898967,12.498988,"",3,8,3,,2,,1,"",,daniele@haiwais.com,"","",3517832210,"",,"","","","","","","","","","","","","","","","","","","","","","","","","","","","","","","","",""
567,395371,Guest House o Affittacamere,DANIKA'S ROOMS,Via Carlo Cattaneo,23,41.8975665,12.5015752,"",3,21,5,,,1,2,"",,"","","",,"",,"","","","","","","","","","","","","","","","","","","","","","","","","","","","","","","","",""
568,396744,Guest House o Affittacamere,danika's rooms annex,Via Carlo Cattaneo,22,41.8987012,12.50244,"",3,7,2,,,1,1,"",,wheninromeaccommodation@gmail.com,"","",6491285,"",,"","","","","","","","","","","","","","","","","","","","","","","","","","","","","","","","",""
569,397984,Guest House o Affittacamere,DANY GUEST HOUSE O AFFITTACAMERE,Piazza di Santa Maria Maggiore,12,41.8968079,12.4989969,"",2,10,6,3,2,1,,"",34099047954,gemmapalombi@gmail.com,"","",3409904795,"",,"","","","","","","","","","","","","","","","","","","","","","","","","","","","","","","","",""
570,397490,Guest House o Affittacamere,DARE,Via Giovanni Giolitti,239,41.8973822,12.505407,"",3,5,3,2,,1,,"",,"","","",,"",,"","","","","","","","","","","","","","","","","","","","","","","","","","","","","","","","",""
571,395086,Guest House o Affittacamere,DE GUESTIBUS,Via Tuscolana,1256,41.8563425,12.5627222,"",3,12,6,1,4,1,,"",,"","","",,"",,"","","","","","","","","","","","","","","","","","","","","","","","","","","","","","","","",""
572,397229,Guest House o Affittacamere,DE LUXE PAPI,Via dei Gracchi,161,41.9083392,12.4642597,"",3,12,6,,6,,,"",,relaisdeipapi@yahoo.it,"","",3385829503,"",,"","","","","","","","","","","","","","","","","","","","","","","","","","","","","","","","",""
573,395420,Guest House o Affittacamere,DE SANTIS HOLIDAYS,Via Labico,114,41.883618,12.5472874,"",2,10,3,,1,,2,"",,"","","",,"",,"","","","","","","","","","","","","","","","","","","","","","","","","","","","","","","","",""
574,394873,Guest House o Affittacamere,DEA ROME SUITES SRLS GUEST HOUSE O AFFITTACAMERE,Via Antonio Salandra,6,41.9056233,12.4954563,"",3,8,4,,4,,,"",,teansoccoop@gmail.com,"","",3491241004,"",,"","","","","","","","","","","","","","","","","","","","","","","","","","","","","","","","",""
575,396231,Guest House o Affittacamere,debora's home,Via Giuseppe Ferrari,11,41.9138069,12.4644299,"",2,9,4,,3,1,,"",3917251733,info@ferrarihome.it,"","",696048960,www.ferrarihome.it,,"","","","","","","","","","","","","","","","","","","","","","","","","","","","","","","","",""
576,396985,Guest House o Affittacamere,DEL FALCO BOUTIQUES ROOMS GUEST HOUSE O AFFITTACAMERE,Via del Falco,33,41.9048195,12.4594422,"",2,6,3,,3,,,"",3280061382,info@delfalcoroma.com,"","",66833698,www.delfalcoroma.com,,"","","","","","","","","","","","","","","","","","","","","","","","","","","","","","","","",""
577,394954,Guest House o Affittacamere,DEL FALCO GUEST HOUSE O AFFITTACAMERE,Via del Falco,33,41.9048195,12.4594422,"",2,6,3,,3,,,"",,info@rosary.it,"","",3280061382,"",,"","","","","","","","","","","","","","","","","","","","","","","","","","","","","","","","",""
578,397106,Guest House o Affittacamere,DELLA CROCE LUXURY HOME GUEST HOUSE O AFFITTACAMERE,Via della Croce,56,41.9060021,12.4785419,"",2,7,4,1,3,,,"",,nareshroma@gmail.com,"","",808669180,"",,"","","","","","","","","","","","","","","","","","","","","","","","","","","","","","","","",""
579,395037,Guest House o Affittacamere,DELLA VITE DREAM SUOTES GUEST HOUSE O AFFITTACAMERE,Via della Vite,54,41.9039767,12.4816419,"",3,9,4,,3,1,,"",,info@dellavitedreamsuites.com,"","",3468341915,"",,"","","","","","","","","","","","","","","","","","","","","","","","","","","","","","","","",""
580,395374,Guest House o Affittacamere,DELSI SUITES,Via della Vite,14,41.9034096,12.4799119,"",3,8,4,,4,,,"",,"","","",,"",,"","","","","","","","","","","","","","","","","","","","","","","","","","","","","","","","",""
581,397017,Guest House o Affittacamere,demetra guest house o affittacamere,Via Appia Nuova,165,41.8810374,12.5154153,"",2,9,4,,3,1,,"",3332222385,info@demetraguesthouse.com,"","",693562244,www.demetraguesthouse.com,,"","","","","","","","","","","","","","","","","","","","","","","","","","","","","","","","",""
582,395665,Guest House o Affittacamere,DEMI'S HOME,Via della Cava Aurelia,96,41.894697,12.4503039,"",3,10,4,,3,,,"",,"","","",,"",,"","","","","","","","","","","","","","","","","","","","","","","","","","","","","","","","",""
583,396072,Guest House o Affittacamere, DEMMA  GUEST HOUSE O AFFITTACAMERE,Via Giuseppe Gregoraci,15,41.8434723,12.5982432,"",3,3,2,1,1,,,"",,bnb.laromanina@gmail.com,"","",3485530075,"",,"","","","","","","","","","","","","","","","","","","","","","","","","","","","","","","","",""
584,396192,Guest House o Affittacamere,Denominazione Roma D'Amore Benessere e Relax Guest House o Affittacamere,Via Appia Nuova,261,41.8788651,12.5183376,"",1,4,2,,2,,,"",,baronisimoneitalia@gmail.com,"","",39397420526,"",,"","","","","","","","","","","","","","","","","","","","","","","","","","","","","","","","",""
585,395307,Guest House o Affittacamere,DESEO ELITE guest house o affittacamere,Via Palestro,3,41.9080055,12.500251,"",3,9,5,2,2,1,,"",,"","","",,"",,"","","","","","","","","","","","","","","","","","","","","","","","","","","","","","","","",""
586,397970,Guest House o Affittacamere,DESEO EXECUTIVE guest house o affittacamere,Via Palestro,3,41.9080055,12.500251,"",3,8,4,,4,,,"",,info@deseohome.com,"","",696526931,"",,"","","","","","","","","","","","","","","","","","","","","","","","","","","","","","","","",""
587,397580,Guest House o Affittacamere,DESEO EXPRESS guest house o affittacamere,Via Palestro,3,41.9080055,12.500251,"",2,9,6,3,3,,,"",,amministrazione@deseohome.com,"","",696526931,"",,"","","","","","","","","","","","","","","","","","","","","","","","","","","","","","","","",""
588,395610,Guest House o Affittacamere,DESEO HOME,Via Palestro,3,41.9080055,12.500251,"",2,10,5,1,3,1,,"",,"","","",,"",,"","","","","","","","","","","","","","","","","","","","","","","","","","","","","","","","",""
589,395643,Guest House o Affittacamere,DESEO SUITE,Via Palestro,3,41.9080055,12.500251,"",2,8,4,,4,,,"",,"","","",,"",,"","","","","","","","","","","","","","","","","","","","","","","","","","","","","","","","",""
590,397540,Guest House o Affittacamere,DESIGN 18 CHARMING ROOMS GUEST HOUSE O AFFITTACAMERE,Via Muzio Clementi,18,41.9056833,12.4720208,"",3,9,5,1,4,,,"",3332398477,design18charmingrooms@gmail.com,"","",633220055,"",,"","","","","","","","","","","","","","","","","","","","","","","","","","","","","","","","",""
591,395712,Guest House o Affittacamere,DESIGN 2 ART PIE',Via di Pi di Marmo,18,41.8977499,12.4792848,"",3,10,4,,3,,1,"",,"","","",,"",,"","","","","","","","","","","","","","","","","","","","","","","","","","","","","","","","",""
592,395669,Guest House o Affittacamere,DESIGN VIVALDI,Via del Corso,75,41.906933,12.4780573,"",2,12,6,1,4,1,,"",,"","","",,"",,"","","","","","","","","","","","","","","","","","","","","","","","","","","","","","","","",""
593,396204,Guest House o Affittacamere,DI FRONTE AI MUSEI VATICANI,Viale Vaticano,84,41.90659,12.45023,"",2,8,4,,4,,,"",,"","","",,"",,"","","","","","","","","","","","","","","","","","","","","","","","","","","","","","","","",""
594,395488,Guest House o Affittacamere,DI MARTINO GIANCARLO RESIDENCE,Largo Ventuno Aprile,4,41.9206563,12.5183851,"",3,11,6,1,5,,,"",,"","","",,"",,"","","","","","","","","","","","","","","","","","","","","","","","","","","","","","","","",""
595,396091,Guest House o Affittacamere,DI RIENZO PANTHEON PALACE,Via dei Redentoristi,14,41.8968947,12.4752533,"",3,11,4,1,1,1,,"",,"","","",,"",,"","","","","","","","","","","","","","","","","","","","","","","","","","","","","","","","",""
596,396311,Guest House o Affittacamere,DI RIENZO ROBERTO,Via dei Condotti,85,41.9056089,12.4815173,"",1,12,6,,6,,,"",,"","","",,"",,"","","","","","","","","","","","","","","","","","","","","","","","","","","","","","","","",""
597,395245,Guest House o Affittacamere,DIDA.VI Guest House o Affittacamere,Via Dire Daua,2,41.930075,12.5183116,"",3,7,3,,2,1,,"",,f.ascoli@pec.it,"","",3923852430,"",,"","","","","","","","","","","","","","","","","","","","","","","","","","","","","","","","",""
598,396955,Guest House o Affittacamere,DIMORA DEGLI DEI,Via del Seminario,87,41.898987,12.4777601,"",2,13,6,,5,1,,"",,info@pantheondimoradeglidei.com,"","",669942134,www.pantheondimoradeglidei.com,668135794,"","","","","","","","","","","","","","","","","","","","","","","","","","","","","","","","",""
599,395244,Guest House o Affittacamere,DIMORA DEI RE - GUEST HOUSE,Via Domodossola,25,41.8799108,12.5145349,"",3,5,2,,1,1,,"",,"","","",,"",,"","","","","","","","","","","","","","","","","","","","","","","","","","","","","","","","",""
600,395485,Guest House o Affittacamere,DIMORA STORICA URBANA,Via Urbana,33,41.8962832,12.4942496,"",2,5,4,3,1,,,"",,"","","",,"",,"","","","","","","","","","","","","","","","","","","","","","","","","","","","","","","","",""
601,396127,Guest House o Affittacamere,Dimore Paganica Guest House o Affittacamere,Piazza Paganica,50,41.89433,12.4768303,"",2,8,3,,2,,1,"",3334811584,e.novelli@hotmail.it,"","",3334811584,"",,"","","","","","","","","","","","","","","","","","","","","","","","","","","","","","","","",""
602,395836,Guest House o Affittacamere,DIVINE DI ANDREOLI LORENZO,Viale Glorioso,3,41.8842098,12.4692847,"",2,8,4,1,2,1,,"",,"","","",,"",,"","","","","","","","","","","","","","","","","","","","","","","","","","","","","","","","",""
603,397526,Guest House o Affittacamere,DIVO APARTMENTS guest house o affittacamere,Via Frattina,89,41.9039291,12.4797727,"",3,9,3,,1,1,1,"",,info@villaggioturchese.it,"","",683773439,www.divoapartments.com,,"","","","","","","","","","","","","","","","","","","","","","","","","","","","","","","","",""
604,396942,Guest House o Affittacamere,DIXI BIRD GUEST HOUSE O AFFITTACAMERE,Via Bixio,32,41.8939608,12.5091308,"",3,6,3,,3,,,"",,dixibirdguesthouse@gmail.com,"","",3332155241,"",,"","","","","","","","","","","","","","","","","","","","","","","","","","","","","","","","",""
605,395320,Guest House o Affittacamere,DM APARTMENTS,Via Sistina,30,41.9051404,12.4863067,"",2,2,1,,1,,,"",,"","","",,"",,"","","","","","","","","","","","","","","","","","","","","","","","","","","","","","","","",""
606,408728,Guest House o Affittacamere,DM69 -  GUEST HOUSE O AFFITTACAMERE,Via Daniele Manin,69,41.898967,12.498988,"",3,9,4,,3,1,,"",,info@danielemanin69.com,"","",3453464620,"",,"","","","","","","","","","","","","","","","","","","","","","","","","","","","","","","","",""
607,396013,Guest House o Affittacamere,Doina Guest House o affittacamere,Via di Casal dei Pazzi,19,41.9251768,12.5708435,"",2,7,3,,2,1,,"",,doina.andrei@pec.it,"","",3897890103,"",,"","","","","","","","","","","","","","","","","","","","","","","","","","","","","","","","",""
608,408564,Guest House o Affittacamere,Dolce casa guest house o affittacamere,Via di Santa Croce in Gerusalemme,97,41.8916278,12.5092689,"",2,4,2,,2,,,"",,xiangqiong@pec.it,"","",3888693086,"",,"","","","","","","","","","","","","","","","","","","","","","","","","","","","","","","","",""
609,397923,Guest House o Affittacamere,Dolce Luxury Rooms Guest House o Affittacamere,Via Bergamo,7,41.9113314,12.4991757,"",2,12,6,1,4,1,,"",393755577977,info@dolcerome.com,"","",393755577977,www.dolcerome.com,,"","","","","","","","","","","","","","","","","","","","","","","","","","","","","","","","",""
610,395974,Guest House o Affittacamere,Dolce Titina Guest House o Affittacamere,Circonvallazione Nomentana,251,41.9131623,12.5282482,"",3,5,4,3,1,,,"",,dolcetitina24@gmail.com,"","",3204418008,"",,"","","","","","","","","","","","","","","","","","","","","","","","","","","","","","","","",""
611,403010,Guest House o Affittacamere,DOLCE VITA GUEST HOUSE O AFFITTACAMERE,Via Sardegna,55,41.9091757,12.4905913,"",2,8,4,1,2,1,,"",,sm.harrystrevi@cremonini.com,"","",669940706,"",,"","","","","","","","","","","","","","","","","","","","","","","","","","","","","","","","",""
612,397663,Guest House o Affittacamere,Dolceveneto Rooms Guest House o Affittacamere,Via Lazio,14,41.9085631,12.4883314,"",3,11,5,2,1,1,1,"",3389462432,info@dolceveneto.it,httpa://www.facebook.com/dolceveneto-rooms-suites-101125719236976/,"",664824116,www.dolceveneto.it,,"","","","","","","","","","","","","","","","","","","","","","","","","","","","","","","","",""
613,408561,Guest House o Affittacamere,Dolcevita boncompagni 47 GUEST HOUSE O AFFITTACAMERE,Via Boncompagni,47,41.9086467,12.4939114,"",3,6,3,,3,,,"",,84holding@gmail.com,"","",3755573032,"",,"","","","","","","","","","","","","","","","","","","","","","","","","","","","","","","","",""
614,397976,Guest House o Affittacamere,DOMENICHINO GUEST HOUSE,Via Domenichino,7,41.8954717,12.4990722,"",2,5,3,1,2,,,"",3288960128,livia.agostini84@alice.it,"","",64880697,"",,"","","","","","","","","","","","","","","","","","","","","","","","","","","","","","","","",""
615,398040,Guest House o Affittacamere,domizia,Via dei Coronari,14 A,41.9004498,12.4716248,"",1,10,6,2,4,,,"",,info@residenzadomizia.it,"","",390668301629,"",,"","","","","","","","","","","","","","","","","","","","","","","","","","","","","","","","",""
616,396883,Guest House o Affittacamere,Domo Guest House o Affittacamere,Via del Boschetto,21,41.8974846,12.4903275,"",1,7,4,1,3,,,"",3423931775,info@domoguesthouse.it,"","",68543521,www.domoguesthouse.it,,"","","","","","","","","","","","","","","","","","","","","","","","","","","","","","","","",""
617,395768,Guest House o Affittacamere,DOMO' VATICANO GUEST HOUSE,Viale Delle Milizie,76,41.9118505,12.4599391,"",3,13,5,,3,1,1,"",,"","","",,"",,"","","","","","","","","","","","","","","","","","","","","","","","","","","","","","","","",""
618,396785,Guest House o Affittacamere,DOMUS 213 GUEST HOUSE O AFFITTACAMERE,Via Flaminia,213,41.9220312,12.4715142,"",2,10,5,,5,,,"",,"","","",,"",,"","","","","","","","","","","","","","","","","","","","","","","","","","","","","","","","",""
619,397347,Guest House o Affittacamere,DOMUS ADRIANI,Via di Pallacorda,9,41.9026878,12.475604,"",1,10,5,,5,,,"",,"","","",,"",,"","","","","","","","","","","","","","","","","","","","","","","","","","","","","","","","",""
620,396764,Guest House o Affittacamere,Domus Aeterna Guest House o Affittacamere,Via Cerveteri,21,41.8814265,12.5126288,"",1,4,2,,2,,,"",,domusaeterna@libero.it,"",domus.aeterna,689533505,"",,"","","","","","","","","","","","","","","","","","","","","","","","","","","","","","","","",""
621,408544,Guest House o Affittacamere,domus albalonga guest house o affittacamere,Via Albalonga,7,41.8805345,12.513784,"",3,4,2,,2,,,"",,fabio.sabbatini@hotmail.it,"","",3288212632,"",,"","","","","","","","","","","","","","","","","","","","","","","","","","","","","","","","",""
622,396722,Guest House o Affittacamere,DOMUS ALBERTI,Via Venezia,15,41.8999622,12.4930154,"",2,12,5,,3,2,,"",,domusalbertiroma@gmail.com,"","",3497365300,"",,"","","","","","","","","","","","","","","","","","","","","","","","","","","","","","","","",""
623,405593,Guest House o Affittacamere,Domus Altino Guest House o Affittacamere,Via Altino,16,41.8788274,12.50921,"",2,6,3,,3,,,"",,domusaltinoroma@gmail.com,"","",3408621803,"",,"","","","","","","","","","","","","","","","","","","","","","","","","","","","","","","","",""
624,395062,Guest House o Affittacamere,DOMUS APPIA 154,Via Appia Nuova,154,41.8824522,12.5130252,"",2,10,5,,5,,,"",,"","","",,"",,"","","","","","","","","","","","","","","","","","","","","","","","","","","","","","","","",""
625,396368,Guest House o Affittacamere,DOMUS AUGUSTA guest house o affittacamere,Via Milazzo,42,41.9031208,12.5059294,"",2,8,5,2,3,,,"",,giannidilaudo@yahoo.it,"","",3476647761,"",,"","","","","","","","","","","","","","","","","","","","","","","","","","","","","","","","",""
626,406592,Guest House o Affittacamere,Domus Augustea Guest House o Affittacamere,Via Leopardi,38,41.8945478,12.5017743,"",1,4,3,2,1,,,"",,martina.immobiliare.srl2007@gmail.com,"","",3339301500,"",,"","","","","","","","","","","","","","","","","","","","","","","","","","","","","","","","",""
627,399723,Guest House o Affittacamere,domus aurea luxury suites guest house o affittacamere,Via Cavour,108,41.8972193,12.4960009,"",3,15,6,1,3,1,,"",,linginza@gmail.com,"","",3497929968,"",,"","","","","","","","","","","","","","","","","","","","","","","","","","","","","","","","",""
628,395540,Guest House o Affittacamere,DOMUS AURORA ROMA,Via Milazzo,3,41.9016206,12.5043058,"",2,5,3,1,2,,,"",,"","","",,"",,"","","","","","","","","","","","","","","","","","","","","","","","","","","","","","","","",""
629,395078,Guest House o Affittacamere,DOMUS. AVI. GUEST HOUSE O AFFITTACAMERE,Via Cesare Balbo,43,41.8971803,12.494001,"",2,8,4,,4,,,"",,mc.groupsrls@legalmail.,"","",3935901748,"",,"","","","","","","","","","","","","","","","","","","","","","","","","","","","","","","","",""
630,395234,Guest House o Affittacamere,DOMUS BELLA ROMA GUEST HOUSE O AFFITTACAMERE,Via Ruggero Fiore,50,41.9052611,12.445653,"",3,7,3,,2,1,,"",,f.conosciani@gmail.com,"","",3294653641,"",,"","","","","","","","","","","","","","","","","","","","","","","","","","","","","","","","",""
631,396136,Guest House o Affittacamere,DOMUS BEST GUEST HOUSE o Affittacamere,Via Fabio Massimo,88,41.9100252,12.461966,"",3,14,6,2,,4,,"",335363831,info@domushotel.it,"","",669318021,www.domushotel.it,,"","","","","","","","","","","","","","","","","","","","","","","","","","","","","","","","",""
632,395567,Guest House o Affittacamere,DOMUS CASTRENSE,Viale dell'Universit,25,41.9035756,12.5088808,"",2,12,6,1,4,1,,"",,"","","",,"",,"","","","","","","","","","","","","","","","","","","","","","","","","","","","","","","","",""
633,394827,Guest House o Affittacamere,DOMUS CASTRONI ROMA GUEST HOUSE O AFFITTACAMERE,Via Pompeo Magno,94,41.9096983,12.4662219,"",2,11,5,,4,1,,"",,a.notario@outlook.it,"","",3929085903,www.domuscastroniroma.it,,"","","","","","","","","","","","","","","","","","","","","","","","","","","","","","","","",""
634,396347,Guest House o Affittacamere,DOMUS CASTRONI SCIPIONI GUEST HOUSE O AFFITTACAMERE,Via degli Scipioni,191,41.9100687,12.4636299,"",2,8,4,,4,,,"",3929085903,domuscastroni@gmail.com,"","",3356882909,www.domuscastroniroma.it,,"","","","","","","","","","","","","","","","","","","","","","","","","","","","","","","","",""
635,396891,Guest House o Affittacamere,domus Cavour guest house o affittacamere di cristiano de benedetti,Via Cicerone,60,41.9074637,12.4683543,"",3,9,4,1,1,2,,"",3358039437,info@domushotel.it,"","",697605889,www.domushotel.it,,"","","","","","","","","","","","","","","","","","","","","","","","","","","","","","","","",""
636,395580,Guest House o Affittacamere,DOMUS CITTA' GIARDINO,Viale Adriatico,20,41.9383063,12.5352322,"",3,12,5,,4,,1,"",,"","","",,"",,"","","","","","","","","","","","","","","","","","","","","","","","","","","","","","","","",""
637,395789,Guest House o Affittacamere,DOMUS CLARA,Viale di Trastevere,143,41.8849355,12.4708579,"",3,7,4,1,3,,,"",,"","","",,"",,"","","","","","","","","","","","","","","","","","","","","","","","","","","","","","","","",""
638,397494,Guest House o Affittacamere,DOMUS CORIOLANO  guest house o affittacamere,Via Coriolano,30,41.8732575,12.5272705,"",3,4,2,,2,,,"",,antonio.campioni@gmail.com,"","",3389187973,"",,"","","","","","","","","","","","","","","","","","","","","","","","","","","","","","","","",""
639,396370,Guest House o Affittacamere,DOMUS CRESCENZIO GUEST HOUSE O AFFITTACAMERE,Via Crescenzio,43,41.9055396,12.4640445,"",3,8,4,1,2,1,,"",,esprogettisrls@gmail.com,"","",3356577478,"",,"","","","","","","","","","","","","","","","","","","","","","","","","","","","","","","","",""
640,395389,Guest House o Affittacamere,DOMUS DIANA,Via Mecenate,27,41.8929719,12.5005881,"",3,10,5,,5,,,"",,"","","",,"",,"","","","","","","","","","","","","","","","","","","","","","","","","","","","","","","","",""
641,401586,Guest House o Affittacamere,Domus Dino Guest House o Affittacamere,Via Leone IV,38,41.9091305,12.454987,"",3,8,5,2,3,,,"",,info@domusdino.it,"","",3287442913,www.domusdino.it,,"","","","","","","","","","","","","","","","","","","","","","","","","","","","","","","","",""
642,395708,Guest House o Affittacamere,DOMUS ELETTRA,Via di Pietralata,147,41.9262919,12.5366422,"",3,11,6,1,5,,,"",,"","","",,"",,"","","","","","","","","","","","","","","","","","","","","","","","","","","","","","","","",""
643,397156,Guest House o Affittacamere,DOMUS ESTER GUEST HOUSE O AFFITTACAMERE,Via di San Salvatore in Campo,38,41.8935556,12.4736636,"",2,8,6,4,2,,,"",,mattoni.d.a.group@gmail.com,"","",3920282093,"",,"","","","","","","","","","","","","","","","","","","","","","","","","","","","","","","","",""
644,395581,Guest House o Affittacamere,DOMUS EXQUILIA,Via Foscolo,17,41.8928037,12.5049259,"",3,7,4,1,3,,,"",,"","","",,"",,"","","","","","","","","","","","","","","","","","","","","","","","","","","","","","","","",""
645,395865,Guest House o Affittacamere,DOMUS FLAVIAE,Via Angelo Poliziano,8,41.8925654,12.5012191,"",3,6,3,1,1,1,,"",,"","","",,"",,"","","","","","","","","","","","","","","","","","","","","","","","","","","","","","","","",""
646,395645,Guest House o Affittacamere,DOMUS FONTIS,Via dei Crociferi,41,41.9009669,12.4822571,"",2,9,4,,3,1,,"",,"","","",,"",,"","","","","","","","","","","","","","","","","","","","","","","","","","","","","","","","",""
647,404135,Guest House o Affittacamere,DOMUS GALLO GUEST HOUSE O AFFITTACAMERE,Via Alfredo Cappellini,3,41.896716,12.5043527,"",1,7,3,,2,1,,"",,domusgallo@yahoo.it,"","",3336984807,"",,"","","","","","","","","","","","","","","","","","","","","","","","","","","","","","","","",""
648,395384,Guest House o Affittacamere,DOMUS GIARDINI VATICANI,Via Gino Nais,48,41.904629,12.4431757,"",3,8,4,1,2,1,,"",,"","","",,"",,"","","","","","","","","","","","","","","","","","","","","","","","","","","","","","","","",""
649,406073,Guest House o Affittacamere,Domus Giolitti Guest House o Affittacamere,Via Giovanni Giolitti,255,41.8972358,12.5056655,"",2,4,2,,2,,,"",,domusgiolittiroma@gmail.com,"","",3408621803,"",,"","","","","","","","","","","","","","","","","","","","","","","","","","","","","","","","",""
650,394837,Guest House o Affittacamere,DOMUS GIORDANO GUEST HOUSE O AFFITTACAMERE,Via Ettore Rolli,47,41.8735727,12.467773,"",3,6,3,,3,,,"",,domus.giordano.trastevere@gmail.com,"","",3270946448,"",,"","","","","","","","","","","","","","","","","","","","","","","","","","","","","","","","",""
651,403417,Guest House o Affittacamere,domus house guest house o affittacamere,Via Principe Eugenio,90,41.8935708,12.5089676,"",3,6,3,,3,,,"",,lisayang1501@gmail.com,"","",3888693086,"",,"","","","","","","","","","","","","","","","","","","","","","","","","","","","","","","","",""
652,396178,Guest House o Affittacamere,Domus Iuliae Guest House o Affittacamere,Via Angelo Poliziano,8,41.8925654,12.5012191,"",2,7,4,1,3,,,"",,mstefgate@hotmail.com,"","",3348404760,"",,"","","","","","","","","","","","","","","","","","","","","","","","","","","","","","","","",""
653,395898,Guest House o Affittacamere,DOMUS JULIA,Via Rasella,32,41.9024224,12.487841,"",1,14,6,,4,2,,"",,info@domusjulia.it,domus julia,"",64745765,www.domusjulia.it,64817044,"","","","","","","","","","","","","","","","","","","","","","","","","","","","","","","","",""
654,397290,Guest House o Affittacamere,DOMUS LIBERA,Vicolo del Piombo,7,41.8975755,12.4820846,"",3,14,6,,4,2,,"",,"","","",,"",,"","","","","","","","","","","","","","","","","","","","","","","","","","","","","","","","",""
655,398034,Guest House o Affittacamere,DOMUS LIBERIUS,Via Liberiana,17,41.8970964,12.4978844,"",1,8,4,1,2,1,,"",,"","","",,"",,"","","","","","","","","","","","","","","","","","","","","","","","","","","","","","","","",""
656,395661,Guest House o Affittacamere,DOMUS LIBERIUS ROME,Via Liberiana,17,41.8970964,12.4978844,"",2,11,4,,1,3,,"",,"","","",,"",,"","","","","","","","","","","","","","","","","","","","","","","","","","","","","","","","",""
657,394962,Guest House o Affittacamere,DOMUS LIVIA,Via Nazionale,230,41.9010294,12.4932468,"",1,12,6,,6,,,"",,"","","",,"",,"","","","","","","","","","","","","","","","","","","","","","","","","","","","","","","","",""
658,396378,Guest House o Affittacamere,DOMUS LUNAE,Via Germanico,172,41.9088583,12.4619318,"",3,5,3,1,2,,,"",,"","","",,"",,"","","","","","","","","","","","","","","","","","","","","","","","","","","","","","","","",""
659,395757,Guest House o Affittacamere,DOMUS MAGGIORE,Piazza di Santa Maria Maggiore,12,41.8968079,12.4989969,"",3,6,4,2,2,,,"",,"","","",,"",,"","","","","","","","","","","","","","","","","","","","","","","","","","","","","","","","",""
660,396062,Guest House o Affittacamere,"Domus MaXima - Rome Suite & Rooms, Guest House o Affittacamere",Via Napoleone III,30,41.8970384,12.5018221,"",2,7,3,,2,1,,"",,info@vaticangarden.com,"","",3420019828,www.vaticangarden.com,,"","","","","","","","","","","","","","","","","","","","","","","","","","","","","","","","",""
661,396977,Guest House o Affittacamere,DOMUS MAZZINI GUEST HOUSE O AFFITTACAMERE,Via Monte Zebio,9,41.9171296,12.4638314,"",3,6,4,2,2,,,"",,info@domushotel.it,"","",645421592,"",,"","","","","","","","","","","","","","","","","","","","","","","","","","","","","","","","",""
662,395830,Guest House o Affittacamere,DOMUS NAPOLEONE,Via Napoleone III,70,41.8964325,12.5028829,"",3,13,5,,3,1,1,"",,"","","",,"",,"","","","","","","","","","","","","","","","","","","","","","","","","","","","","","","","",""
663,395840,Guest House o Affittacamere,DOMUS NICE ROME,Via Belisario,7,41.9090072,12.4974404,"",2,14,6,,4,2,,"",,"","","",,"",,"","","","","","","","","","","","","","","","","","","","","","","","","","","","","","","","",""
664,395790,Guest House o Affittacamere,DOMUS NORA,Via Prospero Alpino,25,41.8690192,12.4874603,"",3,12,6,,6,,,"",,"","","",,"",,"","","","","","","","","","","","","","","","","","","","","","","","","","","","","","","","",""
665,395015,Guest House o Affittacamere,Domus Orbitelli Guest House o Affittacamere,Vicolo Orbitelli,26 O,41.8986683,12.4652999,"",2,4,2,,2,,,"",,info@easybnb.it,"","",3356386474,"",,"","","","","","","","","","","","","","","","","","","","","","","","","","","","","","","","",""
666,395101,Guest House o Affittacamere,DOMUS PALATINA GUEST HOUSE O AFFITTACAMERE,Piazza Manfredo Fanti,10,41.8981392,12.5032396,"",3,9,5,1,4,,,"",,info@sistinatwentythree.it,"","",3774398012,"",,"","","","","","","","","","","","","","","","","","","","","","","","","","","","","","","","",""
667,397561,Guest House o Affittacamere,Domus Ponte Milvio Guest House o Affittacamere,Via Flaminia,380,41.9321007,12.4677699,"",3,10,4,,3,,1,"",,domuspontemilvio@gmail.com,"","",3668169781,www.domuspontemilvio.com,,"","","","","","","","","","","","","","","","","","","","","","","","","","","","","","","","",""
668,396339,Guest House o Affittacamere,DOMUS PRAETORIA DEPENDANCE guest house o affittacamere,Via Milazzo,42,41.9031208,12.5059294,"",3,8,3,,1,2,,"",,giannidilaudo@yahoo.it,"","",3476647761,"",,"","","","","","","","","","","","","","","","","","","","","","","","","","","","","","","","",""
669,400454,Guest House o Affittacamere,Domus Premuda Guest House o Affittacamere,Via Premuda,18,41.9138336,12.4536871,"",2,8,4,,4,,,"",,domus.scarano@gmail.com,"","",3482859575,https://urbandomuslodges.com,,"","","","","","","","","","","","","","","","","","","","","","","","","","","","","","","","",""
670,394756,Guest House o Affittacamere,DOMUS RAFFAELLO,Via Baldo degli Ubaldi,190,41.899547,12.4363117,"",2,9,4,,3,1,,"",,"","","",,"",,"","","","","","","","","","","","","","","","","","","","","","","","","","","","","","","","",""
671,396946,Guest House o Affittacamere,DOMUS RASELLA SUITES,Via Rasella,152,41.9026125,12.4879241,"",3,16,6,,3,2,1,"",,amministrazione@tridentecollection.com,"","",699345506,"",,"","","","","","","","","","","","","","","","","","","","","","","","","","","","","","","","",""
672,395429,Guest House o Affittacamere,DOMUS REAL CARDELLO,Via del Cardello,14,41.8929022,12.490192,"",2,11,4,,2,1,1,"",,"","","",,"",,"","","","","","","","","","","","","","","","","","","","","","","","","","","","","","","","",""
673,397169,Guest House o Affittacamere,DOMUS ROMA di Elisabetta Zuccarella GUEST HOUSE o AFFITTACAMERE,Via Liberiana,17,41.8970964,12.4978844,"",2,10,5,,5,,,"",3386717396,info@domusliberius.com,"","",64875500,https://domusliberiusroma.com/,,"","","","","","","","","","","","","","","","","","","","","","","","","","","","","","","","",""
674,395411,Guest House o Affittacamere,DOMUS ROMANTICA HOLIDAYS,Via Belisario,7,41.9090072,12.4974404,"",2,12,6,,4,2,,"",,"","","",,"",,"","","","","","","","","","","","","","","","","","","","","","","","","","","","","","","","",""
675,395107,Guest House o Affittacamere,DOMUS SANTA MARIA,Via dell'Arco di San Calisto,19,41.8891913,12.4715951,"",3,11,6,1,5,,,"",,"","","",,"",,"","","","","","","","","","","","","","","","","","","","","","","","","","","","","","","","",""
676,395660,Guest House o Affittacamere,DOMUS SANTA MARIA MAGGIORE,Via Liberiana,17,41.8970964,12.4978844,"",2,15,5,,1,2,2,"",,"","","",,"",,"","","","","","","","","","","","","","","","","","","","","","","","","","","","","","","","",""
677,395698,Guest House o Affittacamere,DOMUS SOLIS SAN PIETRO,Piazza Del Risorgimento,20,41.906688,12.4573819,"",3,6,3,,3,,,"",,"","","",,"",,"","","","","","","","","","","","","","","","","","","","","","","","","","","","","","","","",""
678,394943,Guest House o Affittacamere,DOMUS SPAGNA CONDOTTI IMPERIAL SUITE,Via dei Condotti,21,41.9050146,12.4804125,"",1,5,1,,,,,"",,info@domusspagna.com,"","",66780711,www.domusspagna.com,,"","","","","","","","","","","","","","","","","","","","","","","","","","","","","","","","",""
679,397654,Guest House o Affittacamere,DOMUS SPAGNA FRATTINA PRESTIGE SUITE,Via Frattina,119,41.9043359,12.481211,"",1,13,6,,5,1,,"",,info@domusspagnaprestigesuite.com,"","",66785871,www.d0musspagnaprestigesuite.co,669780364,"","","","","","","","","","","","","","","","","","","","","","","","","","","","","","","","",""
680,408540,Guest House o Affittacamere,DOMUS SUITE GUEST HOUSE O AFFITTACAMERE,Via Cimarra,14 15,41.8962277,12.4912372,"",2,8,4,1,2,1,,"",,amministrazionesvgroup@gmail.com,"","",3516756832,"",,"","","","","","","","","","","","","","","","","","","","","","","","","","","","","","","","",""
681,395944,Guest House o Affittacamere,DOMUS TERENZIO,Via Terenzio,10,41.9063884,12.4628909,"",3,12,6,,6,,,"",,"","","",,"",,"","","","","","","","","","","","","","","","","","","","","","","","","","","","","","","","",""
682,402492,Guest House o Affittacamere,Domus Tribuni Guest House o Affittacamere,Via Attio Labeone,50,41.8653125,12.5516994,"",2,6,3,,3,,,"",,domus.tribuni@gmail.com,"","",3666587643,"",,"","","","","","","","","","","","","","","","","","","","","","","","","","","","","","","","",""
683,403009,Guest House o Affittacamere,Domus Turno Guest House o Affittacamere,Via Turno,26,41.8727213,12.5262662,"",3,4,2,,2,,,"",,attractionsinrome@gmail.com,attractions in rome,attractionsinrome,3518906383,www.attractionsinrome.com,,"","","","","","","","","","","","","","","","","","","","","","","","","","","","","","","","",""
684,397627,Guest House o Affittacamere,DOMUS VIATORIS,Via Pio VIII,5,41.8992795,12.4434541,"",2,13,6,1,4,,1,"",3493088987,marcobonzi6819@gmail.com,"","",3493088987,"",,"","","","","","","","","","","","","","","","","","","","","","","","","","","","","","","","",""
685,397185,Guest House o Affittacamere,DOMUS VICTORIA,Piazza Vittorio Emanuele II,138,41.8950144,12.5022891,"",3,11,5,,4,1,,"",,info@domusvictoria.com,"","",3389220869,"",,"","","","","","","","","","","","","","","","","","","","","","","","","","","","","","","","",""
686,400739,Guest House o Affittacamere,DomusTyche Guest House o Affittacamere,Via Sebastiano Grandis,5,41.8900293,12.5145218,"",3,5,2,,1,1,,"",,info@domustyche.com,"","",3348483140,"",,"","","","","","","","","","","","","","","","","","","","","","","","","","","","","","","","",""
687,397484,Guest House o Affittacamere,DONNA MARGHERITA ROME VINTAGE HOUSE,Via Torino,122,41.9017401,12.4957707,"",2,13,6,,5,1,,"",,"","","",,"",,"","","","","","","","","","","","","","","","","","","","","","","","","","","","","","","","",""
688,407709,Guest House o Affittacamere,DoppioSei Guest House o Affittacamere,Via Livorno,6,41.9142679,12.5220168,"",3,13,5,,2,3,,"",3803665784,info@doppiosei.it,"","",3803666784,www.doppiosei.it,,"","","","","","","","","","","","","","","","","","","","","","","","","","","","","","","","",""
689,397038,Guest House o Affittacamere,DOREMI Guest House o Affittacamere/Guest House,Via Foligno,27,41.8856045,12.518952,"",3,5,3,1,2,,,"",,luirigon@hotmail.it,https://www.facebook.com/doremirome,"",3280314632,www.doremiroma.it,,"","","","","","","","","","","","","","","","","","","","","","","","","","","","","","","","",""
690,398048,Guest House o Affittacamere,DORMI A ROMA GUEST HOUSE,Via Giovanni Filippo Ingrassia,10,41.8733213,12.457193,"",3,7,4,1,3,,,"",,domenicostaropoli90@tiscali.it,"","",3294665619,"",,"","","","","","","","","","","","","","","","","","","","","","","","","","","","","","","","",""
691,396837,Guest House o Affittacamere,Dormire a Roma,Via Carlo Alberto,43,41.8960966,12.5012367,"",2,7,5,3,2,,,"",,federicoscalia@hotmail.com,"","",644704334,"",,"","","","","","","","","","","","","","","","","","","","","","","","","","","","","","","","",""
692,397533,Guest House o Affittacamere,DOTORI' ROOMS,Piazza Vittorio Emanuele II,47,41.8950132,12.5054276,"",3,4,3,2,1,,,"",,"","","",,"",,"","","","","","","","","","","","","","","","","","","","","","","","","","","","","","","","",""
693,397823,Guest House o Affittacamere,DOUBLE B,Via Vittorio Amedeo II,22,41.8907684,12.5090328,"",3,6,3,,3,,,"",,"","","",,"",,"","","","","","","","","","","","","","","","","","","","","","","","","","","","","","","","",""
694,397613,Guest House o Affittacamere,DOUBLE B FERRUCCIO GUEST HOUSE O AFFITTACAMERE,Via Ferruccio,30,41.8933937,12.5032086,"",2,6,3,,3,,,"",,scatolagiorgia@gmail.com,"","",3490675730,"",,"","","","","","","","","","","","","","","","","","","","","","","","","","","","","","","","",""
695,396667,Guest House o Affittacamere,Down Town Boutique House,Via Frattina,99,41.9040455,12.4803282,"",3,12,6,,6,,,"",,book@ideaccommodation.com,"","",640060012,http://book.ideaccommodation.com/downtownbh-suites-it/,,"","","","","","","","","","","","","","","","","","","","","","","","","","","","","","","","",""
696,396592,Guest House o Affittacamere,drago d'oro Guest House,Piazza Vittorio Emanuele II,121,41.8943398,12.5029153,"",3,15,6,,5,,,"",,info@hotelromelove.com,"","",3381178558,"",,"","","","","","","","","","","","","","","","","","","","","","","","","","","","","","","","",""
697,397085,Guest House o Affittacamere,Dream B&B Roma,Piazza della Radio,40,41.8696141,12.4668134,"",3,9,4,,3,1,,"",3791807933,info@dreambnbroma.it,"","",3791807933,www.dreambnbroma.it,,"","","","","","","","","","","","","","","","","","","","","","","","","","","","","","","","",""
698,395311,Guest House o Affittacamere,DREAM CITY ROME,Via Silla,7,41.9091784,12.459191,"",3,5,3,1,2,,,"",,"","","",,"",,"","","","","","","","","","","","","","","","","","","","","","","","","","","","","","","","",""
699,394866,Guest House o Affittacamere,Dream Rome GUEST HOUSE O AFFITTACAMERE,Piazza della Radio,40,41.8696141,12.4668134,"",3,9,4,,3,1,,"",,antoniettadirosa38@gmail.com,"","",3249206993,"",,"","","","","","","","","","","","","","","","","","","","","","","","","","","","","","","","",""
700,398001,Guest House o Affittacamere,DREAM SUITE  guest house o affittacamere,Via Modena,5,41.9023862,12.49461,"",3,12,6,,6,,,"",,zillosrl@gmail.com,"","",64881979,"",,"","","","","","","","","","","","","","","","","","","","","","","","","","","","","","","","",""
701,400087,Guest House o Affittacamere,DREAM SUITE TREVI guest house o affittacamere,Via Poli,29,41.9024037,12.4826613,"",1,14,5,,1,4,,"",,info@dreamsuitetrevi.it,"","",3291377836,"",,"","","","","","","","","","","","","","","","","","","","","","","","","","","","","","","","",""
702,396941,Guest House o Affittacamere,DREAMING IN ROME VITTORIO VENETO GUEST HOUSE o affittacamere,Corso d'Italia,19,41.9107558,12.4914026,"",3,9,5,1,4,,,"",3387650006,luciocaldarazzo@gmail.com,"","",3387650006,"",,"","","","","","","","","","","","","","","","","","","","","","","","","","","","","","","","",""
703,394877,Guest House o Affittacamere,DREAMING NAVONA Guest House o Affittacamere,Vicolo delle Vacche,3,41.8998515,12.4702634,"",2,4,4,4,,,,"",,dreamingnavona@gmail.com,"","",668809583,"",,"","","","","","","","","","","","","","","","","","","","","","","","","","","","","","","","",""
704,395582,Guest House o Affittacamere,DREAMING ROMA,Via Principe Amedeo,47,41.8991216,12.4996877,"",3,8,4,2,1,,1,"",,"","","",,"",,"","","","","","","","","","","","","","","","","","","","","","","","","","","","","","","","",""
705,397451,Guest House o Affittacamere,Dreaminrome in Piazza di Spagna Guest House o affittacamere,Via delle Carrozze,55,41.9059053,12.4815246,"",3,11,5,,4,1,,"",3495141601,dreaminrome@libero.it,"","",66789537,"",,"","","","","","","","","","","","","","","","","","","","","","","","","","","","","","","","",""
706,397908,Guest House o Affittacamere,DREAMS guest house o affittacamere,Via Modena,5,41.9023862,12.49461,"",3,13,5,,3,1,1,"",,zillosrl@gmail.com,"","",64881979,"",,"","","","","","","","","","","","","","","","","","","","","","","","","","","","","","","","",""
707,397328,Guest House o Affittacamere,DREAMS OF ROME,Via Francesco Pacelli,14,41.8956055,12.4410807,"",2,11,4,,2,1,1,"",,arcieristefano@gmail.com,"","",3475390350,"",,"","","","","","","","","","","","","","","","","","","","","","","","","","","","","","","","",""
708,396993,Guest House o Affittacamere,DREAMS ROMA,Via Domenichino,7,41.8954717,12.4990722,"",3,7,6,5,1,,,"",,"","","",,"",,"","","","","","","","","","","","","","","","","","","","","","","","","","","","","","","","",""
709,395924,Guest House o Affittacamere,DREAMSROME SUITES GUEST HOUSE O AFFITTACAMERE,Via Giuseppe Marcotti,32,41.9095988,12.5387695,"",3,9,4,,3,1,,"",,fabrizioperry@hotmail.it,https://www.facebook.com/dreamsrome,"",3333211996,"",,"","","","","","","","","","","","","","","","","","","","","","","","","","","","","","","","",""
710,395287,Guest House o Affittacamere,DUECENTOSETTE COMFORT INN,Viale Giulio Cesare,207,41.9088116,12.4564335,"",3,8,4,1,2,1,,"",,info@207inn.com,"","",639726694,"",,"","","","","","","","","","","","","","","","","","","","","","","","","","","","","","","","",""
711,394752,Guest House o Affittacamere,DUEMILADODICI ROOMS guest house o affittacamere,Via degli Scipioni,239,41.9105512,12.4656678,"",2,12,6,,6,,,"",3332327762,x3332327762@gmail.com,"","",3332327762,"",,"","","","","","","","","","","","","","","","","","","","","","","","","","","","","","","","",""
712,397200,Guest House o Affittacamere,DULCIS IN FUNDO GUEST HOUSE O AFFITTACAMERE,Via Virginia,23,41.8767149,12.5232903,"",3,4,2,,2,,,"",,sgrassi75@gmail.com,"","",3469550727,"",,"","","","","","","","","","","","","","","","","","","","","","","","","","","","","","","","",""
713,396917,Guest House o Affittacamere,DULCIS IN PANTHEON guest house o affittacamere,Via della Scrofa,41,41.9013891,12.474995,"",3,11,6,1,5,,,"",,info@spagnave.com,"","",645494705,"",,"","","","","","","","","","","","","","","","","","","","","","","","","","","","","","","","",""
714,396424,Guest House o Affittacamere,Dulcis in Trastevere,Viale di Trastevere,141,41.8850194,12.4710427,"",3,8,4,,4,,,"",,dulcisinnfundo@gmail.com,dulcis in fundo,"",698261748,"",,"","","","","","","","","","","","","","","","","","","","","","","","","","","","","","","","",""
715,396385,Guest House o Affittacamere,DULCIS IN VATICAN GUEST HOUSE O AFFITTACAMERE,Via Angelo Emo,147,41.9031949,12.4441327,"",3,8,4,,4,,,"",,dulcisinvatican@gmail.com,"","",3202124796,"",,"","","","","","","","","","","","","","","","","","","","","","","","","","","","","","","","",""
716,396839,Guest House o Affittacamere,dulcis inn guest house o affittacamere,Via della Scrofa,39,41.9013996,12.4750965,"",3,4,2,,2,,,"",,info@spagnave.com,"","",645494705,"",,"","","","","","","","","","","","","","","","","","","","","","","","","","","","","","","","",""
717,395846,Guest House o Affittacamere,DULCIS SOMNUS ROMA SRL,Via Laurentina,824,41.8072833,12.483518,"",3,10,5,,5,,,"",,"","","",,"",,"","","","","","","","","","","","","","","","","","","","","","","","","","","","","","","","",""
718,396478,Guest House o Affittacamere,DUNANT GUEST HOUSE O AFFITTACAMERE,Piazzale Enrico Dunant,59,41.8725308,12.4590801,"",3,4,2,,2,,,"",393803665784,info@dunant.it,"","",393803665784,www.dunant.it,,"","","","","","","","","","","","","","","","","","","","","","","","","","","","","","","","",""
719,395577,Guest House o Affittacamere,DVCHOTEL,Via Rattazzi,65,41.8981368,12.504037,"",3,7,3,,2,1,,"",,dvchotelvalmontone@gmail.com,"","",3396303376,"",,"","","","","","","","","","","","","","","","","","","","","","","","","","","","","","","","",""
720,395662,Guest House o Affittacamere,DVE SUITE ROMA,Piazza Vittorio Emanuele II,113,41.8940501,12.5035071,"",2,13,5,,3,1,1,"",,"","","",,"",,"","","","","","","","","","","","","","","","","","","","","","","","","","","","","","","","",""
721,395630,Guest House o Affittacamere,EAGLE ROOMS GUEST HOUSE o Affittacamere,Via di Santa Maria in Monticelli,64,41.8932826,12.4741234,"",1,4,2,,2,,,"",,daniele.stanzione93@gmail.com,"","",3488860635,"",,"","","","","","","","","","","","","","","","","","","","","","","","","","","","","","","","",""
722,396733,Guest House o Affittacamere,Easy budget Colosseo Guest House o affittacamere,Via Celimontana,28,41.8881464,12.4965445,"",3,9,5,1,4,,,"",,info@easyaccomodationsrome.com,"","",3313966359,"",,"","","","","","","","","","","","","","","","","","","","","","","","","","","","","","","","",""
723,396254,Guest House o Affittacamere,Easy Holiday Guest House o Affittacamere,Via Sicilia,235,41.909913,12.4968012,"",3,6,3,,3,,,"",3662628533,maurizio.bb@gmail.com,"","",3662628533,"",,"","","","","","","","","","","","","","","","","","","","","","","","","","","","","","","","",""
724,395321,Guest House o Affittacamere,EASY ROME guest house o affittacamere,Via Milazzo,42,41.9031208,12.5059294,"",3,7,3,,2,1,,"",,"","","",,"",,"","","","","","","","","","","","","","","","","","","","","","","","","","","","","","","","",""
725,396734,Guest House o Affittacamere,ebc rooms guest house o affittacamere,Via Celimontana,28,41.8881464,12.4965445,"",3,5,3,1,2,,,"",,info@easyaccomodationsrome.com,"","",3313966359,"",,"","","","","","","","","","","","","","","","","","","","","","","","","","","","","","","","",""
726,397088,Guest House o Affittacamere,EBL LUXURY HOUSE GUEST HOUSE O AFFITTACAMERE,Via del Corso,92,41.9063974,12.4783057,"",3,5,2,,1,1,,"",,amministrazioneb@gmail.com,"","",3423777537,"",,"","","","","","","","","","","","","","","","","","","","","","","","","","","","","","","","",""
727,396654,Guest House o Affittacamere,ECOLODGE,Via Dire Daua,2,41.930075,12.5183116,"",2,7,4,1,3,,,"",,"","","",,"",,"","","","","","","","","","","","","","","","","","","","","","","","","","","","","","","","",""
728,397626,Guest House o Affittacamere,EDEN ACCOMODATION 'Guest House o Affittacamere',Via Cavour,150,41.8965467,12.4953687,"",2,6,3,,3,,,"",,edenaccomodationsrl@pec.it,"","",64827321,"",,"","","","","","","","","","","","","","","","","","","","","","","","","","","","","","","","",""
729,397717,Guest House o Affittacamere,EDEN GUEST HOUSE O AFFITTACAMERE,Via Alessandro Severo,71,41.8552285,12.4828909,"",2,7,4,1,3,,,"",,sandyeairton@icloud.com,"","",3277857183,"",,"","","","","","","","","","","","","","","","","","","","","","","","","","","","","","","","",""
730,396523,Guest House o Affittacamere,EDEN LUXURY SUITE Guest House o Affittacamere,Via Cavour,57,41.8994331,12.4980193,"",2,6,4,2,2,,,"",,nicola.puocci1983@gmail.com,"","",3480562452,"",,"","","","","","","","","","","","","","","","","","","","","","","","","","","","","","","","",""
731,395315,Guest House o Affittacamere,EDYTA guest house o affittacamere,Via Rattazzi,65,41.8981368,12.504037,"",3,7,3,,2,1,,"",,"","","",,"",,"","","","","","","","","","","","","","","","","","","","","","","","","","","","","","","","",""
732,403492,Guest House o Affittacamere,EFFE 9 FLAMINIO GUEST HOUSE O AFFITTACAMERE,Piazzale Flaminio,9,41.9119827,12.4755378,"",2,9,3,,,3,,"",,effe9srl@gmail.com,"","",3485131660,https://effe9.it/,,"","","","","","","","","","","","","","","","","","","","","","","","","","","","","","","","",""
733,395207,Guest House o Affittacamere,EFFE LUXURY PALACE GUEST HOUSE O AFFITTACAMERE,Via Titta Scarpetta,1,41.8884327,12.4770193,"",2,16,6,2,4,1,2,"",,sciabalteco@gmail.com,"","",3929313588,"",,"","","","","","","","","","","","","","","","","","","","","","","","","","","","","","","","",""
734,397760,Guest House o Affittacamere,ELA GUEST HOUSE O AFFITTACAMERE,Via Umberto Calosso,18,41.9092932,12.57512,"",2,7,4,1,3,,,"",,emanuelamililli@tiscali.it,"","",3347175905,"",,"","","","","","","","","","","","","","","","","","","","","","","","","","","","","","","","",""
735,394832,Guest House o Affittacamere,ELDORADO COLOSSEUM,Via Emanuele Filiberto,73,41.8918735,12.5057639,"",3,8,4,,4,,,"",,"","","",,"",,"","","","","","","","","","","","","","","","","","","","","","","","","","","","","","","","",""
736,397413,Guest House o Affittacamere,Elegant Rooms Roma Guest House,Via Frattina,34,41.9041961,12.4815224,"",3,8,4,,4,,,"",,elegantroomsroma@gmail.com,"","",639722504,http://elegantroomsroma.com,,"","","","","","","","","","","","","","","","","","","","","","","","","","","","","","","","",""
737,398038,Guest House o Affittacamere,ELEGANTIA GUEST HOUSE O AFFITTACAMERE,Lungotevere dei Mellini,10,41.9059776,12.4733764,"",2,12,5,,3,2,,"",,pappalardodiego35@gmail.com,"","",3397687714,"",,"","","","","","","","","","","","","","","","","","","","","","","","","","","","","","","","",""
738,396018,Guest House o Affittacamere,ELEMENTS GUEST HOUSE O AFFITTACAMERE,Largo Pietro Mascagni,20,41.9365178,12.5114694,"",2,11,6,1,5,,,"",,info@bbelements.it,"","",3911112660,"",,"","","","","","","","","","","","","","","","","","","","","","","","","","","","","","","","",""
739,397419,Guest House o Affittacamere,Elenoire Rooms & Suite,Via Caio Mario,8,41.9083144,12.461068,"",2,7,4,1,3,,,"",,info@elenoirerooms.com,"","",63200599,"",,"","","","","","","","","","","","","","","","","","","","","","","","","","","","","","","","",""
740,406593,Guest House o Affittacamere,Elical Luxury penthouse Guest house o affittacamere,Via delle Quattro Fontane,15,41.9024226,12.4901624,"",3,5,2,,1,1,,"",,peppe_call@hotmail.it,"","",3341068831,"",,"","","","","","","","","","","","","","","","","","","","","","","","","","","","","","","","",""
741,395258,Guest House o Affittacamere,ELIZABETH UNIQUE APARTMENTS GUEST HOUSE O AFFITTACAMERE,Via Alessandro Specchi,9,41.8988309,12.4810389,"",3,12,6,,6,,,"",,reservation@ehrome.com,"","",3474339241,"",,"","","","","","","","","","","","","","","","","","","","","","","","","","","","","","","","",""
742,397929,Guest House o Affittacamere,ELLE CAVOUR GUEST HOUSE,Via Cavour,89,41.8974854,12.4959572,"",3,8,4,,4,,,"",,info@ellecavour.com,"","",3510168820,"",,"","","","","","","","","","","","","","","","","","","","","","","","","","","","","","","","",""
743,402493,Guest House o Affittacamere,ELYSIUM COLOSSEO GUEST HOUSE O AFFITTACAMERE,Via Mecenate,79,41.8910682,12.498683,"",2,11,6,1,5,,,"",3497628774,cesarebif@gmail.com,"","",3497628774,"",,"","","","","","","","","","","","","","","","","","","","","","","","","","","","","","","","",""
744,396807,Guest House o Affittacamere,ELYSIUM SUITE GUEST HOUSE O AFFITTACAMERE,Via della Mercede,42,41.903271,12.4822068,"",3,7,3,,2,1,,"",,info@charmespagnaitalia.com,"","",683962143,"",,"","","","","","","","","","","","","","","","","","","","","","","","","","","","","","","","",""
745,396863,Guest House o Affittacamere,ELYSIUM SUITE PIAZZA DI SPAGNA GUEST HOUSE O AFFITTACAMERE,Via del Babuino,119,41.9067818,12.4807376,"",3,13,6,1,3,2,,"",,imperium.scl@gmail.com,"","",3668130061,"",,"","","","","","","","","","","","","","","","","","","","","","","","","","","","","","","","",""
746,397682,Guest House o Affittacamere,Emma 12 Guest House o Affittacamere,Via Emma Perodi,12,41.92854,12.42567,"",2,4,3,2,1,,,"",,info@emma12.it,"","",687083925,www.emma12.it,,"","","","","","","","","","","","","","","","","","","","","","","","","","","","","","","","",""
747,397757,Guest House o Affittacamere,EMPIRE SUITES GUEST HOUSE O AFFITTACAMERE,Viale Giulio Cesare,95,41.9098126,12.4609202,"",3,10,5,,5,,,"",,geom.mastrobuono@gmail.com,"","",3452723964,"",,"","","","","","","","","","","","","","","","","","","","","","","","","","","","","","","","",""
748,397802,Guest House o Affittacamere,EMSAN guest house o affittacamere,Via Francesco Crispi,10,41.9031937,12.4856907,"",3,10,3,,,2,1,"",,emsanguest@legalmail.it,"","",3463762640,"",,"","","","","","","","","","","","","","","","","","","","","","","","","","","","","","","","",""
749,394839,Guest House o Affittacamere,ENA GUEST HOUSE,Via Merulana,43,41.8946232,12.5007438,"",3,12,5,,3,2,,"",,eugenio.funaro@legalmail.it,"","",3245579082,"",,"","","","","","","","","","","","","","","","","","","","","","","","","","","","","","","","",""
750,395639,Guest House o Affittacamere,ENRICO FERMI HOUSE,Via Enrico Fermi,79,41.864828,12.4718782,"",3,9,5,1,4,,,"",,"","","",,"",,"","","","","","","","","","","","","","","","","","","","","","","","","","","","","","","","",""
751,395120,Guest House o Affittacamere,Er Centurione B&B,Via Pellegrino Matteucci,41,41.872297,12.4815264,"",3,12,6,2,3,,1,"",,ercenturionebeb@gmail.com,"","",3336722336,http://www.ercenturionebeb.it/,,"","","","","","","","","","","","","","","","","","","","","","","","","","","","","","","","",""
752,396826,Guest House o Affittacamere,ERITREA SUITE,Viale Eritrea,30,41.9255906,12.516135,"",3,7,3,,2,1,,"",,"","","",,"",,"","","","","","","","","","","","","","","","","","","","","","","","","","","","","","","","",""
753,395675,Guest House o Affittacamere,ERMES RELAIS,Via di Porta Pertusa,4,41.9013343,12.4459619,"",2,6,3,,3,,,"",,"","","",,"",,"","","","","","","","","","","","","","","","","","","","","","","","","","","","","","","","",""
754,397765,Guest House o Affittacamere,ERREG LUXURY ROOMS GUEST HOUSE O AFFITTACAMERE,Via Germanico,107,41.9083974,12.4616368,"",2,13,6,,5,1,,"",,giovanni.dicristofaro@yahoo.it,"","",3883549859,"",,"","","","","","","","","","","","","","","","","","","","","","","","","","","","","","","","",""
755,397729,Guest House o Affittacamere,ESCAPE LUXURY SUITE,Via delle Quattro Fontane,15,41.9024226,12.4901624,"",3,12,5,,4,,1,"",,cadomuscollection64@gmail.com,"","",3385060666,"",,"","","","","","","","","","","","","","","","","","","","","","","","","","","","","","","","",""
756,397876,Guest House o Affittacamere,ESCAPE SUITE GUEST HOUSE O AFFITTACAMERE,Via delle Quattro Fontane,15,41.9024226,12.4901624,"",3,12,4,,,4,,"",,cadomuscollection64@gmail.com,"","",3385060666,"",,"","","","","","","","","","","","","","","","","","","","","","","","","","","","","","","","",""
757,397361,Guest House o Affittacamere,ESPOSIZIONE LUXURY ROME guest house o affittacamere,Via Nazionale,66,41.899339,12.491388,"",2,18,6,,,6,,"",,iolematilde@gmail.com,"","",3332461025,"",,"","","","","","","","","","","","","","","","","","","","","","","","","","","","","","","","",""
758,395407,Guest House o Affittacamere,ESQUILINO RENT ROOMS II,Piazza dell'Esquilino,29,41.8978231,12.4969563,"",3,8,5,2,3,,,"",,"","","",,"",,"","","","","","","","","","","","","","","","","","","","","","","","","","","","","","","","",""
759,397124,Guest House o Affittacamere,ESQUILINOROOMSROMA GUEST HOUSE O AFFITTACAMERE,Via Bixio,29,41.8942342,12.5091225,"",2,6,3,,3,,,"",,esquilinoroomsroma@gmail.com,"",esquilinorooms.roma,3270718348,"",,"","","","","","","","","","","","","","","","","","","","","","","","","","","","","","","","",""
760,399724,Guest House o Affittacamere,ESSENCE GUEST HOUSE O AFFITTACAMERE,Via dei Cappellari,33,41.89578,12.4715183,"",2,5,3,1,2,,,"",,francesca@navonaessencehotel.it,"","",687605186,"",,"","","","","","","","","","","","","","","","","","","","","","","","","","","","","","","","",""
761,396000,Guest House o Affittacamere,ETERE IN PRATI GUEST HOUSE O AFFITTACAMERE,Via Giunio Bazzoni,1,41.914601,12.459398,"",2,9,4,,3,1,,"",,info@etereinprati.it,"","",3498319631,"",,"","","","","","","","","","","","","","","","","","","","","","","","","","","","","","","","",""
762,395558,Guest House o Affittacamere,ETERNA ROMA,Piazza Manfredo Fanti,22,41.8972156,12.5026928,"",2,8,4,1,2,1,,"",,"","","",,"",,"","","","","","","","","","","","","","","","","","","","","","","","","","","","","","","","",""
763,395219,Guest House o Affittacamere,Eternal Residency Guest House o Affittacamere,Via Filippo Turati,68,41.8976825,12.5035743,"",2,6,3,1,1,1,,"",,mijisiam12@gmail.com,"","",3334305274,http://airb&b; booking.com,,"","","","","","","","","","","","","","","","","","","","","","","","","","","","","","","","",""
764,395861,Guest House o Affittacamere,ETRUSKA LUXURY TRASTEVERE GUEST HOUSE O AFFITTACAMERE,Piazza di San Cosimato,63,41.8874382,12.470129,"",2,11,4,,1,3,,"",,paolopetrucci@inwind.it,"","",3286264362,"",,"","","","","","","","","","","","","","","","","","","","","","","","","","","","","","","","",""
765,395185,Guest House o Affittacamere,ETRUSKA PORTA PIA GUEST HOUSE O AFFITTACAMERE,Via Reggio Emilia,29,41.9117045,12.5033259,"",2,7,4,1,3,,,"",,paolopetrucci@inwind.it,"","",3286264362,"",,"","","","","","","","","","","","","","","","","","","","","","","","","","","","","","","","",""
766,394859,Guest House o Affittacamere,EUFONIA VATICAN DAYS - Guest House o Affittacamere,Via Otranto,36,41.9102541,12.4568091,"",2,5,3,1,2,,,"",,avema.info@gmail.com,"","",3934604577,"",,"","","","","","","","","","","","","","","","","","","","","","","","","","","","","","","","",""
767,396687,Guest House o Affittacamere,EVA CAPITAL GUEST HOUSE O AFFITTACAMERE,Via Sarsina,182,41.7900193,12.4094158,"",2,3,2,1,1,,,"",3337740957,realestate.epica@gmail.com,"","",3337740957,"",,"","","","","","","","","","","","","","","","","","","","","","","","","","","","","","","","",""
768,395027,Guest House o Affittacamere,Evelina Luxury Home,Via del Babuino,76,41.9075505,12.4801256,"",3,14,6,1,2,3,,"",3668905884,info@maisonevelina.it,maison evelina,maisonevelina,63240403,www.maisonevelina.it,,"","","","","","","","","","","","","","","","","","","","","","","","","","","","","","","","",""
769,398075,Guest House o Affittacamere,EVENING STAR TERMINI,Via Filippo Turati,163,41.8967997,12.5054218,"",3,10,4,,3,,1,"",,info@romaeveningstar.com,"","",3803686453,www.romaeveningstar.com/it/,,"","","","","","","","","","","","","","","","","","","","","","","","","","","","","","","","",""
770,395702,Guest House o Affittacamere,EXCEL PASSETTO SUITES,Via dei Corridori,1,41.90312,12.46005,"",3,8,3,,1,2,,"",,romasuitemanagement@legalmail.it,"","",3517278421,"",,"","","","","","","","","","","","","","","","","","","","","","","","","","","","","","","","",""
771,395155,Guest House o Affittacamere,EXCELLENCE SUITE guest house o affittacamere,Via della Purificazione,38,41.9048956,12.4869391,"",1,13,6,1,3,2,,"",,"","","",,"",,"","","","","","","","","","","","","","","","","","","","","","","","","","","","","","","","",""
772,396188,Guest House o Affittacamere,Excellent Trinity Rooms Guest House o Affittacamere,Via Sistina,23,41.9041928,12.4866792,"",2,8,3,,1,2,,"",3381510113,soda.alessandra@gmail.com,"","",3381510113,"",,"","","","","","","","","","","","","","","","","","","","","","","","","","","","","","","","",""
773,396631,Guest House o Affittacamere,FABIO APT GUEST HOUSE O AFFITTACAMERE,Largo Pannonia,1,41.8801294,12.5013872,"",3,7,3,,2,1,,"",,fabio.mesghali@legalmail.it,"","",3921266961,"",,"","","","","","","","","","","","","","","","","","","","","","","","","","","","","","","","",""
774,396275,Guest House o Affittacamere,Fabio dei Velapazza Guest House o Affittacamere,Viale Giuseppe Mazzini,119,41.9151258,12.4568656,"",2,12,6,,6,,,"",3396824922,meabatimsrl@mgmail.com,"","",3396824922,"",,"","","","","","","","","","","","","","","","","","","","","","","","","","","","","","","","",""
775,397857,Guest House o Affittacamere,Fabio Guest House o Affittacamere Deluxe,Via Portogruaro,5,41.8807592,12.5232376,"",2,4,2,,2,,,"",3488431785,fabiosantonoceto@yahoo.it    fabio.santonoceto@arubapec.it,"","",3488431785,www.fabioguesthousedeluxe.it,,"","","","","","","","","","","","","","","","","","","","","","","","","","","","","","","","",""
776,394899,Guest House o Affittacamere,FABIO MASSIMO 'Guest House o Affittacamere',Via Fabio Massimo,88,41.9100252,12.461966,"",2,14,6,,5,,1,"",,info@fabiomassimobb.it,"","",689273189,"",,"","","","","","","","","","","","","","","","","","","","","","","","","","","","","","","","",""
777,395084,Guest House o Affittacamere,FAIR SUITE ROME TERMINI GUEST HOUSE O AFFITTACAMERE,Via Montebello,22,41.904909,12.4994276,"",3,13,6,1,4,,1,"",,antogalati70@gmail.com,"","",3920283595,https://fairsuite.it,,"","","","","","","","","","","","","","","","","","","","","","","","","","","","","","","","",""
778,395339,Guest House o Affittacamere,FALABELLA,Via Ventiquattro Maggio,7,41.8971916,12.486874,"",3,10,5,,5,,,"",,"","","",,"",,"","","","","","","","","","","","","","","","","","","","","","","","","","","","","","","","",""
779,396162,Guest House o Affittacamere,FAMILY TWO,Via Bixio,80,41.8927965,12.5079089,"",3,5,3,1,2,,,"",,familyhouseroma@gmail.com,"","",67000770,"",,"","","","","","","","","","","","","","","","","","","","","","","","","","","","","","","","",""
780,406000,Guest House o Affittacamere,FANTASTIC ROME GUEST HOUSE O AFFITTACAMERE,Via Genova,29,41.898889,12.4923869,"",3,9,6,3,3,,,"",3478717309,amministrazione@tribecaestate.it,"","",3478717309,"",,"","","","","","","","","","","","","","","","","","","","","","","","","","","","","","","","",""
781,397788,Guest House o Affittacamere,FANTI ROOMS,Piazza Manfredo Fanti,42,41.8981535,12.5021381,"",3,9,4,,3,1,,"",,"","","",,"",,"","","","","","","","","","","","","","","","","","","","","","","","","","","","","","","","",""
782,400456,Guest House o Affittacamere,Fantini Rooms Guest House o Affittacamere,Via Urbana,33,41.8962832,12.4942496,"",3,7,4,1,3,,,"",,info@fantinirooms.com,"","",3386290964,"",,"","","","","","","","","","","","","","","","","","","","","","","","","","","","","","","","",""
783,406636,Guest House o Affittacamere,Fantini Rooms San Pietro Guest House o Affittacamere,Viale Giulio Cesare,137,41.9091951,12.4585464,"",3,11,5,,4,1,,"",,info@fantinirooms.com,"","",3386290964,"",,"","","","","","","","","","","","","","","","","","","","","","","","","","","","","","","","",""
784,397509,Guest House o Affittacamere,FATIMA HOUSE guest house o affittacamere,Via Castelfidardo,68,41.9053729,12.5024092,"",2,3,2,1,1,,,"",,fatimahouseroma@gmail.com,"","",3381682686,"",,"","","","","","","","","","","","","","","","","","","","","","","","","","","","","","","","",""
785,397985,Guest House o Affittacamere,favola romana 2 guest house o affittacamere,Via Principe Eugenio,23,41.8939928,12.5069103,"",2,4,2,,2,,,"",,atao@legalmail.it,"","",3393499722,"",,"","","","","","","","","","","","","","","","","","","","","","","","","","","","","","","","",""
786,397247,Guest House o Affittacamere,favola romana 3 guest house o affittacamere,Via Principe Eugenio,15,41.8940408,12.5067446,"",3,7,3,,2,1,,"",,atao1969@gmail.com,"","",3393499722,"",,"","","","","","","","","","","","","","","","","","","","","","","","","","","","","","","","",""
787,395658,Guest House o Affittacamere,FAVOLA ROMANESCA,Via Pio Molajoni,19,41.9071645,12.5373522,"",3,3,2,1,1,,,"",,"","","",,"",,"","","","","","","","","","","","","","","","","","","","","","","","","","","","","","","","",""
788,405781,Guest House o Affittacamere,FEDERICAS APARTMENTS IN ROME guest house o affittacamere,Via Buonarroti,29 A,41.8937086,12.5028048,"",3,6,3,,3,,,"",,federicahome@gmail.com,"","",3491011968,"",,"","","","","","","","","","","","","","","","","","","","","","","","","","","","","","","","",""
789,395636,Guest House o Affittacamere,FEDERICO SUITE,Via Enrico Cialdini,14,41.8984124,12.5033567,"",3,7,3,,2,1,,"",,"","","",,"",,"","","","","","","","","","","","","","","","","","","","","","","","","","","","","","","","",""
790,397241,Guest House o Affittacamere,Femasuites Guest House o Affittacamere,Via degli Scipioni,181,41.9097908,12.4624457,"",2,7,4,1,3,,,"",,segreteria@femasuites.com,"","",3518600300,www.femasuites.com,,"","","","","","","","","","","","","","","","","","","","","","","","","","","","","","","","",""
791,395005,Guest House o Affittacamere,FILIPPO,Via Vittorio Amedeo II,22,41.8907684,12.5090328,"",3,8,3,,1,2,,"",,"","","",,"",,"","","","","","","","","","","","","","","","","","","","","","","","","","","","","","","","",""
792,397324,Guest House o Affittacamere,FILOMENA ART HOUSE GUEST HOUSE O AFFITTACAMERE,Via Leopardi,30,41.8943555,12.5017202,"",3,10,5,1,3,1,,"",,gestendo@pec.it,"","",393336676054,"",,"","","","","","","","","","","","","","","","","","","","","","","","","","","","","","","","",""
793,395583,Guest House o Affittacamere,FIORI IN CAMPO,Piazza del Biscione,83,41.8955984,12.473148,"",3,7,3,,2,1,,"",,"","","",,"",,"","","","","","","","","","","","","","","","","","","","","","","","","","","","","","","","",""
794,395682,Guest House o Affittacamere,FIRST FLOOR COLOSSEO,Via di San Giovanni in Laterano,10,41.8899179,12.494514,"",3,6,3,,3,,,"",,"","","",,"",,"","","","","","","","","","","","","","","","","","","","","","","","","","","","","","","","",""
795,395308,Guest House o Affittacamere,FIRST SUITES GUEST HOUSE O AFFITTACAMERE,Via della Purificazione,35,41.904862,12.4870432,"",1,14,6,,4,2,,"",,"","","",,"",,"","","","","","","","","","","","","","","","","","","","","","","","","","","","","","","","",""
796,397917,Guest House o Affittacamere,five dreams,Via Modena,5,41.9023862,12.49461,"",3,10,5,,5,,,"",,zillosrl@gmail.com,"","",64881979,"",,"","","","","","","","","","","","","","","","","","","","","","","","","","","","","","","","",""
797,396206,Guest House o Affittacamere,FIVE ROOMS ROME -,Via della Consulta,1 B,41.8982315,12.4889748,"",2,10,5,1,3,1,,"",,"","","",,"",,"","","","","","","","","","","","","","","","","","","","","","","","","","","","","","","","",""
798,395647,Guest House o Affittacamere,FIVE SENSES,Via degli Scipioni,113,41.9088849,12.4588656,"",3,8,4,,4,,,"",,"","","",,"",,"","","","","","","","","","","","","","","","","","","","","","","","","","","","","","","","",""
799,394972,Guest House o Affittacamere,FLAMINIA 1177,Via Flaminia,1177,41.9877948,12.4941614,"",3,8,4,1,2,1,,"",,"","","",,"",,"","","","","","","","","","","","","","","","","","","","","","","","","","","","","","","","",""
800,395214,Guest House o Affittacamere,FLAT 285 SUITE GUEST HOUSE O AFFITTACAMERE,Via Cola di Rienzo,285,41.9068286,12.4599614,"",2,14,5,,2,2,1,"",,allaroundyousuite.com,"","",3335301109,www.allaroumdyousuite.com,,"","","","","","","","","","","","","","","","","","","","","","","","","","","","","","","","",""
801,397506,Guest House o Affittacamere,Flat 297 Guest House o affittacamere,Via Cola di Rienzo,297,41.9067758,12.4596013,"",1,14,6,,4,2,,"",,info@allaroundyousuite.com,"","",3345745081,"",,"","","","","","","","","","","","","","","","","","","","","","","","","","","","","","","","",""
802,400732,Guest House o Affittacamere,FLATINROME TRASTEVERE COMPLEX - DELUXE ROOMS - GUEST HOUSE O AFFITTACAMERE,Via della Luce,41,41.8860634,12.4730136,"",2,8,3,,1,2,,"",3331929247,info@flatinrome.it,www.facebook.com/flatinrome,https://www.instagram.com/flatinrome.it/,695020561,www.flatinrome.it,,@flatinrome,"","","","","","","","","","","","","","","","","","","","","","","","","","","","","","","",""
803,396491,Guest House o Affittacamere,FLATINROME TRASTEVERE DUE GUEST HOUSE O AFFITTACAMERE,Via Roma Libera,16,41.8866745,12.4691833,"",2,5,2,,1,1,,"",3331929247,info@flatinrome.it,www.facebook.com/flatinrome,https://www.instagram.com/flatinrome.it/,695020561,www.flatinrome.it,,@flatinrome,"","","","","","","","","","","","","","","","","","","","","","","","","","","","","","","",""
804,396969,Guest House o Affittacamere,FLAVIA HOLIDAY,Via Flavia,42,41.9066557,12.4963902,"",3,12,6,1,4,1,,"",,"","","",,"",,"","","","","","","","","","","","","","","","","","","","","","","","","","","","","","","","",""
805,397426,Guest House o Affittacamere,Floor 6. Guest house o affittacamere,Via Montebello,99,41.9066552,12.5014159,"",3,12,6,,6,,,"",,giu612000@yahoo.it,"","",3295938267,"",,"","","","","","","","","","","","","","","","","","","","","","","","","","","","","","","","",""
806,395490,Guest House o Affittacamere,FLORDELIZA,Via Varese,20,41.9032262,12.505209,"",3,6,5,4,1,,,"",,"","","",,"",,"","","","","","","","","","","","","","","","","","","","","","","","","","","","","","","","",""
807,397468,Guest House o Affittacamere,Florea Guest House o Affittacamere,Corso Vittorio Emanuele II,173,41.8972062,12.472073,"",1,12,6,,6,,,"",,fabrizio.dr@hotmail.com,"","",3335342836,"",,"","","","","","","","","","","","","","","","","","","","","","","","","","","","","","","","",""
808,396911,Guest House o Affittacamere,FLOREA PALACE GUEST HOUSE O AFFITTACAMERE,Corso Vittorio Emanuele II,173,41.8972062,12.472073,"",1,12,6,,6,,,"",,lderosa@legance.it,"","",3335342836,"",,"","","","","","","","","","","","","","","","","","","","","","","","","","","","","","","","",""
809,395552,Guest House o Affittacamere,FLORIAN'S,Via Solferino,9,41.903514,12.5015055,"",2,12,4,,,4,,"",,"","","",,"",,"","","","","","","","","","","","","","","","","","","","","","","","","","","","","","","","",""
810,395360,Guest House o Affittacamere,FLORIDA ROOMS,Via Cola di Rienzo,243,41.9074132,12.4622053,"",1,12,6,2,2,2,,"",,"","","",,"",,"","","","","","","","","","","","","","","","","","","","","","","","","","","","","","","","",""
811,395621,Guest House o Affittacamere,FLOWEROME,Via Filippo Turati,23,41.8986693,12.5012066,"",2,6,3,,3,,,"",,"","","",,"",,"","","","","","","","","","","","","","","","","","","","","","","","","","","","","","","","",""
812,408527,Guest House o Affittacamere,FOFFO SUITE guest house o affittacamere,Via Marghera,49,41.9034047,12.5052691,"",3,9,5,1,4,,,"",,normanscarrocchia@gmail.com,"","",3282913426,"",,"","","","","","","","","","","","","","","","","","","","","","","","","","","","","","","","",""
813,395123,Guest House o Affittacamere,FOLIA,Via Ottaviano,43,41.9074222,12.4576507,"",3,6,3,,3,,,"",,"","","",,"",,"","","","","","","","","","","","","","","","","","","","","","","","","","","","","","","","",""
814,399349,Guest House o Affittacamere,FONTANA DI TREVI HOSPITALITY GUEST HOUSE O AFFITTACAMERE,Via del Lavatore,44,41.900842,12.4839901,"",2,6,3,,3,,,"",,trevieatstyle@legalmail.it,"","",694802701,"",,"","","","","","","","","","","","","","","","","","","","","","","","","","","","","","","","",""
815,396787,Guest House o Affittacamere,FONTANA DI TREVI ROMA LUXURY SUITE  Guest House o Affittacamere,Piazza Scanderbeg,85,41.9007693,12.4848864,"",1,10,3,,1,1,,"",,robertaposi08@gmail.com,"","",3382447493,"",,"","","","","","","","","","","","","","","","","","","","","","","","","","","","","","","","",""
816,395500,Guest House o Affittacamere,FONTANA DI TREVI ROOMS,Via del Lavatore,44,41.900842,12.4839901,"",1,12,5,,3,2,,"",,"","","",,"",,"","","","","","","","","","","","","","","","","","","","","","","","","","","","","","","","",""
817,395527,Guest House o Affittacamere,FONTANA DI TREVI SUITES,Via del Lavatore,44,41.900842,12.4839901,"",2,15,6,,3,3,,"",,"","","",,"",,"","","","","","","","","","","","","","","","","","","","","","","","","","","","","","","","",""
818,396899,Guest House o Affittacamere,Foro Romano Luxury Suites GUEST HOUSE O AFFITTACAMERE,Piazza della Consolazione,89,41.8910508,12.4829616,"",2,12,6,,6,,,"",3920740041,info@fororomanoluxurysuites.com,fororomanoluxurysuites,fororomanoluxurysuites,66795998,www.fororomanoluxurysuites.com,,fororomanoluxurysuites,"","","","","","","","","","","","","","","","","","","","","","","","","","","","","","","",""
819,397969,Guest House o Affittacamere,FORTYSEVEN LUXURY SUITES COLOSSEO,Via del Fagutale,2,41.8922627,12.4920074,"",2,9,4,1,1,2,,"",,stay@47luxurysuites.com,47luxurysuites,47luxurysuites,66787816,www.47luxury suites,669190726,"","","","","","","","","","","","","","","","","","","","","","","","","","","","","","","","",""
820,396123,Guest House o Affittacamere,Fortyseven Luxury Suites Trevi  Guest House o Affittacamere,Via della Dataria,91,41.9000967,12.4839884,"",2,9,4,,3,1,,"",,stay@47luxurysuites.com,"","",662280450,"",,"","","","","","","","","","","","","","","","","","","","","","","","","","","","","","","","",""
821,397069,Guest House o Affittacamere,Four Rivers Guest House 2,Corso Vittorio Emanuele II,173,41.8972062,12.472073,"",3,11,5,,4,1,,"",,4riversroma@gmail.com,"","",669342848,"",,"","","","","","","","","","","","","","","","","","","","","","","","","","","","","","","","",""
822,397310,Guest House o Affittacamere,Four Rivers Suites Guest House o Affittacamere,Corso Vittorio Emanuele II,173,41.8972062,12.472073,"",2,14,6,,4,2,,"",,4riversrome@gmail.com,"","",669342848,"",,"","","","","","","","","","","","","","","","","","","","","","","","","","","","","","","","",""
823,395400,Guest House o Affittacamere,FOUR SUITES ROMA CENTER,Via Rasella,53,41.9022927,12.4868389,"",3,10,4,,3,,1,"",,"","","",,"",,"","","","","","","","","","","","","","","","","","","","","","","","","","","","","","","","",""
824,396880,Guest House o Affittacamere,FRANKS GUESTHOUSE II,Via Lamarmora,11,41.8945256,12.5066419,"",3,3,2,1,1,,,"",,"","","",,"",,"","","","","","","","","","","","","","","","","","","","","","","","","","","","","","","","",""
825,396430,Guest House o Affittacamere,FRATTINA 57,Via Frattina,57,41.9039085,12.4805839,"",2,6,2,,,2,,"",,info@frattina57.com,"","",66781299,www.frattina57.com,,"","","","","","","","","","","","","","","","","","","","","","","","","","","","","","","","",""
826,397722,Guest House o Affittacamere,FRATTINA FF ITALIAN SUITES GUEST HOUSE O AFFITTACAMERE,Via Frattina,128,41.9044443,12.4816142,"",3,13,6,,5,1,,"",,frattinaff@gmail.com,"","",3318979039,"",,"","","","","","","","","","","","","","","","","","","","","","","","","","","","","","","","",""
827,408725,Guest House o Affittacamere,FRATTINA GRAND SUITE GUEST HOUSE O AFFITTACAMERE,Via Frattina,48,41.9040678,12.480872,"",3,14,6,2,2,,2,"",3518041415,info@frattinagrandsuite.it,"","",669921647,"",,"","","","","","","","","","","","","","","","","","","","","","","","","","","","","","","","",""
828,395035,Guest House o Affittacamere,FRATTINA ROOMS,Via Frattina,119,41.9043359,12.481211,"",2,14,6,,4,2,,"",,"","","",,"",,"","","","","","","","","","","","","","","","","","","","","","","","","","","","","","","","",""
829,397028,Guest House o Affittacamere,FREEDOM LOVE GUEST HOUSE O AFFITTACAMERE,Via Gaeta,64,41.9044285,12.5005866,"",3,14,6,,4,2,,"",,rokoit@live.it,"","",3246033931,"",,"","","","","","","","","","","","","","","","","","","","","","","","","","","","","","","","",""
830,394964,Guest House o Affittacamere,FREEDOM TRAVELLER,Via Gaeta,29,41.9045935,12.5004452,"",3,7,4,1,3,,,"",,"","","",,"",,"","","","","","","","","","","","","","","","","","","","","","","","","","","","","","","","",""
831,395306,Guest House o Affittacamere,FRIENDSHIP PLACE,Via dei Mille,41 A,41.9018673,12.5053587,"",3,11,4,,1,3,,"",,"","","",,"",,"","","","","","","","","","","","","","","","","","","","","","","","","","","","","","","","",""
832,395317,Guest House o Affittacamere,FUNNY HOLIDAY guest house o affittacamere,Via Varese,31,41.9024181,12.5058468,"",3,19,6,,,5,1,"",,"","","",,"",,"","","","","","","","","","","","","","","","","","","","","","","","","","","","","","","","",""
833,396025,Guest House o Affittacamere,FUNNY PALACE,Via Varese,31,41.9024181,12.5058468,"",3,14,6,,4,2,,"",,"","","",,"",,"","","","","","","","","","","","","","","","","","","","","","","","","","","","","","","","",""
834,396596,Guest House o Affittacamere,G&T ROOMS AND COMFORT GUEST HOUSE O AFFITTACAMERE,Via Gaeta,70,41.9043365,12.500382,"",3,6,3,1,1,1,,"",,rooms.and.comfort@gmail.com,"","",3714879410,"",,"","","","","","","","","","","","","","","","","","","","","","","","","","","","","","","","",""
835,396089,Guest House o Affittacamere,G21 Guest House o Affittacamere,Via di Rocca Cencia,21 G,41.8638342,12.687934,"",3,6,3,,3,,,"",3714942987,g21guesthouse@yahoo.com,"","",3336633668,"",,"","","","","","","","","","","","","","","","","","","","","","","","","","","","","","","","",""
836,397814,Guest House o Affittacamere,GALAXY,Via dei Mille,41,41.9018673,12.5053587,"",3,7,4,1,3,,,"",,"","","",,"",,"","","","","","","","","","","","","","","","","","","","","","","","","","","","","","","","",""
837,396303,Guest House o Affittacamere,GANDINI SUITE,Piazza Manfredo Fanti,5,41.8983321,12.5028608,"",2,7,4,1,3,,,"",,"","","",,"",,"","","","","","","","","","","","","","","","","","","","","","","","","","","","","","","","",""
838,397026,Guest House o Affittacamere,GARDENIA SUITE,Circonvallazione Clodia,36,41.9148189,12.4530601,"",3,11,5,,4,1,,"",3371120110,info@gardeniasuite.com,gardeniasuite,"",3292667984,www.gardeniasuite.com,,"","","","","","","","","","","","","","","","","","","","","","","","","","","","","","","","",""
839,396291,Guest House o Affittacamere,Gardoce's Guest House o Affittacamere,Via degli Scipioni,89,41.9087492,12.4583529,"",2,4,2,,2,,,"",3517343866,ail.com gardoces.bnb@gmail.com,gardoce's b&b,gardoces.bnb,3272617321,"",,"","","","","","","","","","","","","","","","","","","","","","","","","","","","","","","","",""
840,395532,Guest House o Affittacamere,GARIBALDI SUITES,Via delle Carrozze,60,41.9059037,12.4812233,"",3,8,4,,4,,,"",,"","","",,"",,"","","","","","","","","","","","","","","","","","","","","","","","","","","","","","","","",""
841,397715,Guest House o Affittacamere,GATEWAY RESIDENCE ROMA GUEST HOUSE O AFFITTACAMERE,Via Lago di Lesina,91,41.9263886,12.5154527,"",3,8,4,,4,,,"",,geom.mastrobuono@gmail.com,"","",3452723964,"",,"","","","","","","","","","","","","","","","","","","","","","","","","","","","","","","","",""
842,395585,Guest House o Affittacamere,GAUDI',Via Carlo Alberto,13,41.8966147,12.5002598,"",3,5,3,1,2,,,"",,"","","",,"",,"","","","","","","","","","","","","","","","","","","","","","","","","","","","","","","","",""
843,397400,Guest House o Affittacamere,Gaudium Colosseo,Via Cavour,210,41.8957981,12.4945683,"",3,4,3,2,1,,,"",,gaudiumcolosseo@gmail.com,"","",3515357536,"",,"","","","","","","","","","","","","","","","","","","","","","","","","","","","","","","","",""
844,397847,Guest House o Affittacamere,GCF-Luxury Suites  Guest house o affittacamere,Via del Corso,12,41.9092856,12.4770696,"",2,14,6,,4,2,,"",,oscar-srl@legalmail.it,"","",63610556,"",,"","","","","","","","","","","","","","","","","","","","","","","","","","","","","","","","",""
845,396480,Guest House o Affittacamere,GEC'S GUEST HOUSE GUEST HOUSE O AFFITTACAMERE,Via Oderisi da Gubbio,199,41.8637797,12.4647707,"",3,5,2,,1,1,,"",,gerardobnb@libero.it,"","",3888156049,"",,"","","","","","","","","","","","","","","","","","","","","","","","","","","","","","","","",""
846,397113,Guest House o Affittacamere,Gemini guest House o Affittacamere,Viale Platone,21,41.914428,12.4491415,"",3,10,5,,5,,,"",,gemini.gh2018@gmail.com,"","",3280983947,"",,"","","","","","","","","","","","","","","","","","","","","","","","","","","","","","","","",""
847,406230,Guest House o Affittacamere,Gemini Rooms Guest House o Affittacamere,Via Piave,41,41.9097338,12.498475,"",1,6,3,,3,,,"",,silvialf97@hotmail.it,gemini_rooms,gemini_rooms,3383566006,www.geminirooms.it,,"","","","","","","","","","","","","","","","","","","","","","","","","","","","","","","","",""
848,395911,Guest House o Affittacamere,GEMINI SUITE,Via della Tenuta di Sant'Agata,15,41.9387352,12.4289647,"",3,11,5,,4,1,,"",,info@geminisuiteroma.it,"","",689010434,"",,"","","","","","","","","","","","","","","","","","","","","","","","","","","","","","","","",""
849,397345,Guest House o Affittacamere,GEMINI SUITES NAVONA 'Guest House o Affittacamere',Via Giuseppe Zanardelli,20,41.9005727,12.4728808,"",2,12,5,,4,,1,"",,gvfsrl20@gmail.com,"","",3395227375,"",,"","","","","","","","","","","","","","","","","","","","","","","","","","","","","","","","",""
850,395203,Guest House o Affittacamere,GEMME DI ROMA guest house o affittacamere,Via Gaeta,64,41.9044285,12.5005866,"",3,11,5,,4,1,,"",,carmelina76@yahoo.it,"","",3203078649,"",,"","","","","","","","","","","","","","","","","","","","","","","","","","","","","","","","",""
851,403976,Guest House o Affittacamere,GENESI  GUEST HOUSE O AFFITTACAMERE,Via Luigi Vittorio Bertarelli,31,41.9073371,12.535336,"",2,8,4,,4,,,"",3891495566,cogefagroup@gmail.com,"","",669338500,"",,"","","","","","","","","","","","","","","","","","","","","","","","","","","","","","","","",""
852,395704,Guest House o Affittacamere,GENIUS LOCI,Via Firenze,38,41.9033814,12.4929939,"",3,3,2,1,1,,,"",,"","","",,"",,"","","","","","","","","","","","","","","","","","","","","","","","","","","","","","","","",""
853,396547,Guest House o Affittacamere,GENTILE HOUSE,Via Enrico Cialdini,14,41.8984124,12.5033567,"",3,6,3,,3,,,"",,"","","",,"",,"","","","","","","","","","","","","","","","","","","","","","","","","","","","","","","","",""
854,396161,Guest House o Affittacamere,Geust House o Affittacamere le suite del barone,Via del Corallo,25,41.8991711,12.4698334,"",2,11,6,1,5,,,"",,info@lesuitedelbarone.com,"",le suite del barone,3459456718,www.lesuitdelbarone.com,,"","","","","","","","","","","","","","","","","","","","","","","","","","","","","","","","",""
855,394819,Guest House o Affittacamere,GGH GUEST HOUSE,Via Gregorio VII,295,41.895942,12.443472,"",2,12,6,,6,,,"",,"","","",,"",,"","","","","","","","","","","","","","","","","","","","","","","","","","","","","","","","",""
856,396795,Guest House o Affittacamere,Gialel,Via Romagna,14,41.9089267,12.494237,"",3,12,6,2,2,2,,"",3208139955,gialelroma@gmail.com,"","",642814371,"",,"","","","","","","","","","","","","","","","","","","","","","","","","","","","","","","","",""
857,395294,Guest House o Affittacamere,GIALLI VATICAN 2 GUEST HOUSE O AFFITTACAMERE,Viale Giulio Cesare,183,41.9089982,12.4573173,"",2,4,3,2,1,,,"",,francescogialli@yahoo.it,"","",3385945366,"",,"","","","","","","","","","","","","","","","","","","","","","","","","","","","","","","","",""
858,395275,Guest House o Affittacamere,GIALLI VATICAN GUEST HOUSE O AFFITTACAMERE,Viale Giulio Cesare,183,41.9089982,12.4573173,"",2,2,2,2,,,,"",,francescogialli@yahoo.it,"","",3385945366,"",,"","","","","","","","","","","","","","","","","","","","","","","","","","","","","","","","",""
859,397022,Guest House o Affittacamere,GIANICOLO COUNTRY ROOM GUEST HOUSE O AFFITTACAMERE,Piazza Ottavilla,10,41.883338,12.455478,"",2,8,4,1,2,1,,"",,peruginisilvia@libero.it,"","",3479025233,"",,"","","","","","","","","","","","","","","","","","","","","","","","","","","","","","","","",""
860,397687,Guest House o Affittacamere,GIANNI'S GUEST HOUSE O AFFITTACAMERE,Via Alfredo Cappellini,46,41.8975347,12.5048211,"",2,8,4,,4,,,"",,huang_jianian@hotmail.it,"","",3396998843,"",,"","","","","","","","","","","","","","","","","","","","","","","","","","","","","","","","",""
861,395586,Guest House o Affittacamere,GIARDINETTI,Via di Giardinetti,39,41.8620744,12.604172,"",3,9,4,1,2,,1,"",,"","","",,"",,"","","","","","","","","","","","","","","","","","","","","","","","","","","","","","","","",""
862,395590,Guest House o Affittacamere,GIGLI D'ORO SUITE,Via dei Gigli D'Oro,12,41.901268,12.4732377,"",1,13,6,,5,1,,"",,"","","",,"",,"","","","","","","","","","","","","","","","","","","","","","","","","","","","","","","","",""
863,396537,Guest House o Affittacamere,GIGLIO GUEST HOUSE,Via dei Lucchesi,29,41.899683,12.4839806,"",3,13,6,1,3,2,,"",,info@gruppotrevi.com,"","",679844142,"",,"","","","","","","","","","","","","","","","","","","","","","","","","","","","","","","","",""
864,395340,Guest House o Affittacamere,GINETTO GUEST HOUSE,Via Marsala,96 B,41.9013333,12.5042274,"",3,7,4,1,3,,,"",,"","","",,"",,"","","","","","","","","","","","","","","","","","","","","","","","","","","","","","","","",""
865,395556,Guest House o Affittacamere,GIOIA,Via Vittorio Amedeo II,20,41.8906157,12.5090328,"",2,12,5,,3,2,,"",,"","","",,"",,"","","","","","","","","","","","","","","","","","","","","","","","","","","","","","","","",""
866,397031,Guest House o Affittacamere,GIOLITTI CENTRAL ROOM GUEST HOUSE o AFFITTACAMERE,Via Giovanni Giolitti,119,41.8992836,12.5021568,"",3,6,3,,3,,,"",,suiteinnrome@hotmail.com,"","",3384663614,"",,"","","","","","","","","","","","","","","","","","","","","","","","","","","","","","","","",""
867,397727,Guest House o Affittacamere,GIOLITTI GUESTHOUSE 375,Via Giovanni Giolitti,375,41.8943799,12.5103995,"",3,2,1,,1,,,"",,giolittiguesthouse375@pec.it,"","",3888663352,"",,"","","","","","","","","","","","","","","","","","","","","","","","","","","","","","","","",""
868,396482,Guest House o Affittacamere,GIOVANNI BIONDI GUEST HOUSE O AFFITTACAMERE,Via Cavour,47,41.8995596,12.4981896,"",3,4,3,2,1,,,"",,biondi.giovanni1960@libero.it,"","",3392773264,"",,"","","","","","","","","","","","","","","","","","","","","","","","","","","","","","","","",""
869,395058,Guest House o Affittacamere,Giovanni Guest House o Affittacamere,Via Bixio,41,41.8940314,12.5089235,"",2,13,5,,2,3,,"",3395014088,info@giovanniguesthouse.com,"","",677591266,http://giovanniguesthouse.com,677591266,"","","","","","","","","","","","","","","","","","","","","","","","","","","","","","","","",""
870,394978,Guest House o Affittacamere,GIOVY,Via Principe Amedeo,85,41.8980907,12.5009903,"",3,11,6,1,5,,,"",,"","","",,"",,"","","","","","","","","","","","","","","","","","","","","","","","","","","","","","","","",""
871,396714,Guest House o Affittacamere,GIRASOLE SUITES 'Guest House o Affittacamere',Piazza Vittorio Emanuele II,138,41.8950144,12.5022891,"",3,12,5,,4,,1,"",3920693303,leos.house19@gmail.com,girasole guesthouse,"",3920693303,"",,"","","","","","","","","","","","","","","","","","","","","","","","","","","","","","","","",""
872,397409,Guest House o Affittacamere,GIRASOLE VIII,Piazza Vittorio Emanuele II,138,41.8950144,12.5022891,"",2,12,6,,6,,,"",3920693303,leos.house@legalmail.it,"","",669305991,http://booking-expedia,,"","","","","","","","","","","","","","","","","","","","","","","","","","","","","","","","",""
873,395161,Guest House o Affittacamere,GISA ROOMS,Via Magenta,24,41.9023493,12.5041042,"",3,3,2,1,1,,,"",,gisarooms@gmailc.com,"","",3295743329,"",,"","","","","","","","","","","","","","","","","","","","","","","","","","","","","","","","",""
874,395143,Guest House o Affittacamere,GISA ROOMS 2,Via Marghera,49,41.9034047,12.5052691,"",3,6,2,,1,,1,"",,gisarooms@gmail.com,"","",3295743329,"",,"","","","","","","","","","","","","","","","","","","","","","","","","","","","","","","","",""
875,395093,Guest House o Affittacamere,GIUBILIANA,Via della Giuliana,18,41.9111776,12.4549419,"",3,8,5,2,3,,,"",,"","","",,"",,"","","","","","","","","","","","","","","","","","","","","","","","","","","","","","","","",""
876,398051,Guest House o Affittacamere,GIULIA TOWN GUEST HOUSE O AFFITTACAMERE,Lungotevere dei Tebaldi,4,41.8934776,12.47055,"",2,7,3,1,1,,1,"",,sensusrestaurant@gmail.com,"","",3389693770,"",,"","","","","","","","","","","","","","","","","","","","","","","","","","","","","","","","",""
877,396428,Guest House o Affittacamere,GIULY GUESTHOUSE O AFFITTACAMERE,Via Casilina,102,41.8886554,12.5198767,"",3,6,3,,3,,,"",,ialianbalaban@outlook.it,"","",3281730327,"",,"","","","","","","","","","","","","","","","","","","","","","","","","","","","","","","","",""
878,397579,Guest House o Affittacamere,GIULYA ' S GUEST HOUSE O AFFITTACAMERE,Viale Carlo Felice,103,41.8880487,12.5131196,"",3,13,6,,5,1,,"",3497277778,lunahome77@gmail.com,"","",3497277778,"",,"","","","","","","","","","","","","","","","","","","","","","","","","","","","","","","","",""
879,397695,Guest House o Affittacamere,GLAM SM MAGGIORE GUESTHOUSE,Piazza di Santa Maria Maggiore,12,41.8968079,12.4989969,"",3,6,4,2,2,,,"",393938270954,glamsmmaggiore@gmail.com,glam s m maggiore,glamsmmaggiore,393938270954,"",,"","","","","","","","","","","","","","","","","","","","","","","","","","","","","","","","",""
880,397373,Guest House o Affittacamere,GLAMOUR CENTER OF ROME,Via Lucrezio Caro,50,41.9078469,12.4694328,"",3,6,3,,3,,,"",,primavera.giorgio@fastwebnet.it,"","",3339534752,"",,"","","","","","","","","","","","","","","","","","","","","","","","","","","","","","","","",""
881,394808,Guest House o Affittacamere,GLATIMIA,Via Caio Mario,14,41.9090587,12.4608306,"",2,6,3,,3,,,"",,"","","",,"",,"","","","","","","","","","","","","","","","","","","","","","","","","","","","","","","","",""
882,397860,Guest House o Affittacamere,GLI ARTISTI GUEST HOUSE O AFFITTACAMERE,Via degli Scipioni,53,41.9084872,12.4572785,"",3,6,3,,3,,,"",3382078356,gliartisti@gmail.com,"","",3382078356,www.bbgliartisti.com,645683145,"","","","","","","","","","","","","","","","","","","","","","","","","","","","","","","","",""
883,398008,Guest House o Affittacamere,GLICINI GUEST HOUSE o Affittacamere,Largo dei Glicini,1 A,,,"",2,5,3,1,2,,,"",,stefano.siracusa@alice.it,"","",3478464842,"",,"","","","","","","","","","","","","","","","","","","","","","","","","","","","","","","","",""
884,408498,Guest House o Affittacamere,GMM GUEST HOUSE O AFFITTACAMERE,Via Filippo Meda,169,41.9146537,12.5466006,"",2,2,2,2,,,,"",3427501165,gerardomarcone72@tiscali.it,"","",98289487,"",,"","","","","","","","","","","","","","","","","","","","","","","","","","","","","","","","",""
885,395415,Guest House o Affittacamere,GOLD HOUSE,Via Cairoli,31,41.892399,12.5061092,"",3,10,4,,3,,1,"",,"","","",,"",,"","","","","","","","","","","","","","","","","","","","","","","","","","","","","","","","",""
886,396859,Guest House o Affittacamere,GOLDEN DOME COLOSSEUM,Via Emanuele Filiberto,191,41.88956,12.5066841,"",2,2,2,2,,,,"",,"","","",,"",,"","","","","","","","","","","","","","","","","","","","","","","","","","","","","","","","",""
887,395077,Guest House o Affittacamere,GOLDEN FAMILY,Via Varese,5,41.903379,12.5044626,"",3,8,3,,1,2,,"",,ilsole.srl1@legalmail.it,"","",3472642437,"",,"","","","","","","","","","","","","","","","","","","","","","","","","","","","","","","","",""
888,397449,Guest House o Affittacamere,GOLDEN FAMILY SUITE,Via dei Mille,6,41.9041924,12.5030551,"",3,15,6,,4,1,1,"",,ilsole.srl1@legalmail.it,"","",3472642437,"",,"","","","","","","","","","","","","","","","","","","","","","","","","","","","","","","","",""
889,397012,Guest House o Affittacamere,GOLDEN ROOMS CIPRO GUEST HOUSE O AFFITTACAMERE,Via Giorgio Scalia,8,41.9078934,12.4463305,"",3,4,2,,2,,,"",3280446588,info@vaticangoldenrooms.it,"","",3280446588,"",,"","","","","","","","","","","","","","","","","","","","","","","","","","","","","","","","",""
890,396672,Guest House o Affittacamere,GOLDEN VIEW PIAZZA DI SPAGNA GUEST HOUSE O AFFITTACAMERE,Via Sistina,37,41.9045621,12.4860201,"",2,8,4,1,2,1,,"",,amir.larbi1997@gmail.com,"","",3451415775,"",,"","","","","","","","","","","","","","","","","","","","","","","","","","","","","","","","",""
891,396084,Guest House o Affittacamere,GONFALONE 6,Via del Gonfalone,6,41.8975135,12.4658022,"",2,11,6,1,5,,,"",,gonfalone6@gmail.com,"","",668308287,www.gonfalone6.com,,"","","","","","","","","","","","","","","","","","","","","","","","","","","","","","","","",""
892,397485,Guest House o Affittacamere,GOOD LIFE LUXURY SUITES VIA VENETO,Via Sardegna,55,41.9091757,12.4905913,"",1,11,5,,4,1,,"",393338233595,goodlifeluxurysuites@gmail.com,"","",63701351,www.goodlifeviaveneto.com,,"","","","","","","","","","","","","","","","","","","","","","","","","","","","","","","","",""
893,397796,Guest House o Affittacamere,Good Life Monti,Via del Boschetto,62,41.8971099,12.4905249,"",1,9,4,,3,1,,"",,goodlifeluxurysuites@gmail.com,"","",63701351,"",,"","","","","","","","","","","","","","","","","","","","","","","","","","","","","","","","",""
894,396513,Guest House o Affittacamere,GOVERNO VECCHIO GUEST HOUSE O AFFITTACAMERE,Vicolo del Governo Vecchio,11,41.8979813,12.4697998,"",3,7,3,,2,1,,"",,feverr@hotmail.it,"","",3292256526,"",,"","","","","","","","","","","","","","","","","","","","","","","","","","","","","","","","",""
895,396079,Guest House o Affittacamere,Gracchi boutique rooms guest house o affittacamere,Via dei Gracchi,60,41.9076481,12.460114,"",2,9,4,,3,1,1,"",,umaboutiquerooms@gmail.com,"","",3404579457,"",,"","","","","","","","","","","","","","","","","","","","","","","","","","","","","","","","",""
896,394890,Guest House o Affittacamere,GRAN FILIPPO I APARTMENTS   guest house o affittacamere,Via della Purificazione,32,41.9047983,12.4870386,"",3,14,6,,5,,1,"",,l.stragliotto@room-matehotels.com,"","",677280808,"",,"","","","","","","","","","","","","","","","","","","","","","","","","","","","","","","","",""
897,396912,Guest House o Affittacamere,GRAN FILIPPO II APARTMENTS   guest house o affittacamere,Via della Purificazione,32,41.9047983,12.4870386,"",3,12,5,,4,,1,"",,l.stragliotto@room-matehotels.com,"","",3356256588,"",,"","","","","","","","","","","","","","","","","","","","","","","","","","","","","","","","",""
898,396346,Guest House o Affittacamere,GRAND GAETA guest house o affittacamere,Via Gaeta,64,41.9044285,12.5005866,"",3,13,5,,2,3,,"",,abu.rahmana78@icloud.com,"","",3896045372,"",,"","","","","","","","","","","","","","","","","","","","","","","","","","","","","","","","",""
899,394788,Guest House o Affittacamere,GRAND TOUR ROMA GUEST HOUSE,Via Germanico,109,41.9085399,12.4617018,"",3,12,6,,6,,,"",,"","","",,"",,"","","","","","","","","","","","","","","","","","","","","","","","","","","","","","","","",""
900,394895,Guest House o Affittacamere,GRANDIS ROOMS DI TULLIO DAMIANI 'GUEST HOUSE O AFFITTACAMERE',Via Sebastiano Grandis,1,41.8889517,12.5135652,"",3,6,3,,3,,,"",3926982021,grandisrooms@gmail.com,"","",67016674,www.grandisrooms.com,,"","","","","","","","","","","","","","","","","","","","","","","","","","","","","","","","",""
901,395774,Guest House o Affittacamere,GRAVINA SUITE FRATTINA,Via Frattina,52,41.9039428,12.4807506,"",3,9,4,,3,1,,"",,"","","",,"",,"","","","","","","","","","","","","","","","","","","","","","","","","","","","","","","","",""
902,397411,Guest House o Affittacamere,GRAZIE  ROMA  -,Via Etruria,47,41.879617,12.509731,"",2,4,2,,2,,,"",,"","","",,"",,"","","","","","","","","","","","","","","","","","","","","","","","","","","","","","","","",""
903,396309,Guest House o Affittacamere,Green Rooms Guesthouse o Affittacamere,Via Portuense,145,41.87422,12.4670009,"",3,9,5,1,4,,,"",,info@greenrooms.city,"","",3481300343,www.greenrooms.city,,"","","","","","","","","","","","","","","","","","","","","","","","","","","","","","","","",""
904,397311,Guest House o Affittacamere,GREGORIO VII LUXURY SUITES,Via Gregorio VII,407,41.8950564,12.439128,"",2,8,4,,4,,,"",,"","","",,"",,"","","","","","","","","","","","","","","","","","","","","","","","","","","","","","","","",""
905,397672,Guest House o Affittacamere,gregorio vii luxury suites san damaso guest house o affittacamere,Via Sandamaso,16,41.8950978,12.4447269,"",3,8,4,,4,,,"",,mustaque@legalmail.it,"","",3275342730,"",,"","","","","","","","","","","","","","","","","","","","","","","","","","","","","","","","",""
906,395744,Guest House o Affittacamere,GREY & WHITE,Via Carlo Cattaneo,15,41.8971429,12.5011639,"",2,6,3,,3,,,"",,"","","",,"",,"","","","","","","","","","","","","","","","","","","","","","","","","","","","","","","","",""
907,395476,Guest House o Affittacamere,GRILLO HOUSE,Via degli Ibernesi,12,41.89477,12.487431,"",2,4,2,,2,,,"",,"","","",,"",,"","","","","","","","","","","","","","","","","","","","","","","","","","","","","","","","",""
908,395202,Guest House o Affittacamere,GRIMALDI CONFORT guest house o affittacamere,Via Francesco Grimaldi,12,41.8647433,12.4685484,"",2,8,4,,4,,,"",,noemisrooms@gmail.com,"","",3294834790,"",,"","","","","","","","","","","","","","","","","","","","","","","","","","","","","","","","",""
909,397179,Guest House o Affittacamere,GROWEL EXCLUSIVE SUITES SAN PIETRO ROME GUEST HOUSE O AFFITTACAMERE,Via Ottaviano,6,41.9067193,12.4579658,"",2,15,6,,3,3,,"",,fabio.conte@email.it,"","",3336182698,"",,"","","","","","","","","","","","","","","","","","","","","","","","","","","","","","","","",""
910,397931,Guest House o Affittacamere,Guardiola 22 Guest House o Affittacamere,Vicolo della Guardiola,22,41.9010235,12.4770224,"",2,2,2,2,,,,"",,info@stistina8.com,"","",3200230057,"",,"","","","","","","","","","","","","","","","","","","","","","","","","","","","","","","","",""
911,396562,Guest House o Affittacamere,GUEST HAUSE O AFFITTACAMERE DOMUS FLAVIA,Via Flavia,77,41.9076658,12.4980758,"",3,6,3,1,1,1,,"",,info@domusflavia.it,"","",3755751483,www.domusflavia.it,,"","","","","","","","","","","","","","","","","","","","","","","","","","","","","","","","",""
912,399681,Guest House o Affittacamere,GUEST HOESE O AFFITTACAMERE FONDACO ROOMS,Via della Frezza,43,41.9070209,12.4762283,"",1,6,3,,3,,,"",,info@fondacoroma.com,"","",690274409,www.fondacoroma.com,,"","","","","","","","","","","","","","","","","","","","","","","","","","","","","","","","",""
913,396809,Guest House o Affittacamere,GUEST HOUSE AFFITTACAMERE  PIAZZA DI SPAGNA VIEW,Piazza di Spagna,20,41.9062784,12.4825841,"",2,12,6,,6,,,"",,amministratore@piazzadispagnaviewhotels.com,"","",637501165,"",,"","","","","","","","","","","","","","","","","","","","","","","","","","","","","","","","",""
914,396572,Guest House o Affittacamere,GUEST HOUSE AL DOMUS TREVI ROMA GUEST HOUSE O AFFITTACAMERE,Piazza Scanderbeg,85,41.9007693,12.4848864,"",1,10,5,,5,,,"",3806480220,info@domustrevi.com,"","",664002358,www.domustrevi.com,,"","","","","","","","","","","","","","","","","","","","","","","","","","","","","","","","",""
915,395051,Guest House o Affittacamere,GUEST HOUSE ARCO DE' TOLOMEI,Via dell'Arco de' Tolomei,27,41.8886779,12.4763617,"",3,11,5,,4,1,,"",,"","","",,"",,"","","","","","","","","","","","","","","","","","","","","","","","","","","","","","","","",""
916,400628,Guest House o Affittacamere,GUEST HOUSE ARIA BIXIO,Via Bixio,29,41.8942342,12.5091225,"",3,12,4,,,4,,"",,ariabixio@gmail.com,"","",3468498431,"",,"","","","","","","","","","","","","","","","","","","","","","","","","","","","","","","","",""
917,395322,Guest House o Affittacamere,GUEST HOUSE CANTALUPA ACCOMODATION,Via Macedonio Melloni,33,41.8535222,12.470774,"",3,8,4,1,2,1,,"",,"","","",,"",,"","","","","","","","","","","","","","","","","","","","","","","","","","","","","","","","",""
918,394784,Guest House o Affittacamere,GUEST HOUSE CASTELLINO guest house o affittacamere,Via Cesare Battisti,133,41.8969742,12.482694,"",3,16,6,,4,,2,"",,wehopesrl@gmail.com,"","",66788982,"",,"","","","","","","","","","","","","","","","","","","","","","","","","","","","","","","","",""
919,396238,Guest House o Affittacamere,Guest House Cavour 278,Via Cavour,278,41.8936888,12.4898709,"",2,7,4,1,3,,,"",3397049528,info@cavour278.com,https://www.facebook.com/cavour278/,https://www.instagram.com/guesthousecavour278/,3397049528,http://guesthousecavour278.com,,"","","","","","","","","","","","","","","","","","","","","","","","","","","","","","","","",""
920,396137,Guest House o Affittacamere,Guest House e Affittacamere le Stanze di Gaia di Elisabetta Mambrini,Via Ofanto,18,41.9161351,12.4980228,"",3,7,3,,2,1,,"",3471862961,elisabettamambrini@gmail.com,"","",3388804008,"",,"","","","","","","","","","","","","","","","","","","","","","","","","","","","","","","","",""
921,397357,Guest House o Affittacamere,Guest House ELIZABETH,Via Muzio Clementi,58,41.9064529,12.4721378,"",3,6,3,,3,,,"",,gamosrls@legalmail.it,"","",63212938,"",,"","","","","","","","","","","","","","","","","","","","","","","","","","","","","","","","",""
922,395425,Guest House o Affittacamere,GUEST HOUSE IL GONG,Via Apuania,6,41.9162398,12.5261316,"",3,8,3,,2,,1,"",,"","","",,"",,"","","","","","","","","","","","","","","","","","","","","","","","","","","","","","","","",""
923,397380,Guest House o Affittacamere,GUEST HOUSE IL TEMPIO DELLA CAPITALE,Via del Tempio,3,41.8922226,12.4773426,"",3,11,5,,4,1,,"",,primerano.dino@gmail.com,"","",3296345756,"",,"","","","","","","","","","","","","","","","","","","","","","","","","","","","","","","","",""
924,395104,Guest House o Affittacamere,guest house interno 4,Viale Giuseppe Mazzini,73,41.9152089,12.4626583,"",2,9,4,,3,1,,"",,"","","",,"",,"","","","","","","","","","","","","","","","","","","","","","","","","","","","","","","","",""
925,396864,Guest House o Affittacamere,Guest House IV fontane,Via delle Quattro Fontane,15,41.9024226,12.4901624,"",1,14,6,,4,2,,"",3516584614,info@vaccommodation.it,v-accommodation,vaccommodation,645504148,www.vaccommodation.it,,"","","","","","","","","","","","","","","","","","","","","","","","","","","","","","","","",""
926,396008,Guest House o Affittacamere,GUEST HOUSE MY BED CAVOUR,Via Crescenzio,9,41.9052737,12.4680989,"",3,9,4,,3,1,,"",,"","","",,"",,"","","","","","","","","","","","","","","","","","","","","","","","","","","","","","","","",""
927,397824,Guest House o Affittacamere,Guest House o Affittacamere 2012,Via Luigi Arnaldo Vassallo,10,41.9080818,12.5389107,"",3,8,4,1,2,1,,"",3801314265,alessandro.scelsa@gmail.com,"","",3801314265,"",,"","","","","","","","","","","","","","","","","","","","","","","","","","","","","","","","",""
928,395886,Guest House o Affittacamere,GUEST HOUSE O AFFITTACAMERE 285 VATICAN LODGE,Via Cola di Rienzo,285,41.9068286,12.4599614,"",3,4,3,2,1,,,"",,vatican285@gmail.com,"","",3925389149,"",,"","","","","","","","","","","","","","","","","","","","","","","","","","","","","","","","",""
929,394878,Guest House o Affittacamere,GUEST HOUSE O AFFITTACAMERE 4 MORI,Via Collina,48,41.9087084,12.4974257,"",3,9,6,3,3,,,"",,info@romavenetorelais.com,"","",64745454,"",,"","","","","","","","","","","","","","","","","","","","","","","","","","","","","","","","",""
930,396948,Guest House o Affittacamere,GUEST HOUSE O AFFITTACAMERE  47 STEPS,Via Milazzo,8,41.9017842,12.5039499,"",3,14,6,1,2,3,,"",3505841968,reservation@47steps.it,"","",637897778,www.47steps.it,,"","","","","","","","","","","","","","","","","","","","","","","","","","","","","","","","",""
931,396762,Guest House o Affittacamere,guest house o affittacamere 474,Via Gregorio VII,474,41.8942888,12.4324791,"",2,9,4,,3,1,,"",,maisongiulivia@gmail.com,"","",3284222144,"",,"","","","","","","","","","","","","","","","","","","","","","","","","","","","","","","","",""
932,395060,Guest House o Affittacamere,Guest House o Affittacamere 62 SIXTY-TWO ROOMS,Via Principe Amedeo,62,41.8992162,12.499877,"",3,8,2,,,1,,"",,mauromaria@hotmail.com,"","",3384746819,"",,"","","","","","","","","","","","","","","","","","","","","","","","","","","","","","","","",""
933,396783,Guest House o Affittacamere,GUEST HOUSE O AFFITTACAMERE 69 MANIN STREET GUEST HOUSE O AFFITTACAMERE,Via Daniele Manin,69,41.898967,12.498988,"",2,10,5,,5,,,"",,giulianoforiere@gmail.com,"","",3485718814,"",,"","","","","","","","","","","","","","","","","","","","","","","","","","","","","","","","",""
934,401721,Guest House o Affittacamere,Guest House o affittacamere A casa Da Silvana,Piazza Navona,68,41.8997524,12.4733645,"",3,8,2,,,1,,"",3394939141,cristiano.tabarani@gmail.com,"","",3207410074,www.navona68.com,,"","","","","","","","","","","","","","","","","","","","","","","","","","","","","","","","",""
935,396909,Guest House o Affittacamere,GUEST HOUSE O AFFITTACAMERE  A CASA DI BEA E SARA,Via Principe Amedeo,85 A,41.8980907,12.5009903,"",3,6,4,2,2,,,"",,beasaratommy@mail.com,"","",3492114920,"",,"","","","","","","","","","","","","","","","","","","","","","","","","","","","","","","","",""
936,395096,Guest House o Affittacamere,GUEST HOUSE O AFFITTACAMERE A CASA DI TELI,Via Principe Amedeo,85 A,41.8980907,12.5009903,"",3,5,4,3,1,,,"",,jinzhuoer@163.com,"","",64460626,"",,"","","","","","","","","","","","","","","","","","","","","","","","","","","","","","","","",""
937,397573,Guest House o Affittacamere,Guest House o Affittacamere A Casa Mia srls,Circonvallazione Nomentana,251,41.9131623,12.5282482,"",3,5,4,3,1,,,"",,acasamia.roma@libero.it,"","",3453959112,www.acasamiaffittacamere.it,,"","","","","","","","","","","","","","","","","","","","","","","","","","","","","","","","",""
938,397545,Guest House o Affittacamere,GUEST HOUSE O AFFITTACAMERE A CASA SIMPATIA,Via Bixio,41,41.8940314,12.5089235,"",3,18,6,,,6,,"",,acasasimpatia@yahoo.it,casa simpatia roma,"",3400782873,www.casasimpatia.it,,"","","","","","","","","","","","","","","","","","","","","","","","","","","","","","","","",""
939,397029,Guest House o Affittacamere,Guest House o Affittacamere A.D. Suites Tritone,Via del Tritone,94,41.9032811,12.4866315,"",2,12,6,,6,,,"",,danieltesciuba@gmail.com,"","",3392509768,"",,"","","","","","","","","","","","","","","","","","","","","","","","","","","","","","","","",""
940,395991,Guest House o Affittacamere,GUEST HOUSE O AFFITTACAMERE A DIECI PASSI DAL VATICANO,Via Famagosta,10,41.9097892,12.4556835,"",2,4,3,2,1,,,"",,globalservice2017w@gmail.com,"","",3893449919,"",,"","","","","","","","","","","","","","","","","","","","","","","","","","","","","","","","",""
941,397219,Guest House o Affittacamere,GUEST HOUSE O AFFITTACAMERE  A DUE PASSI DAI MUSEI GUEST HOUSE,Via Francesco Caracciolo,30,41.9086547,12.4521644,"",3,6,3,,3,,,"",,faberj10@hotmail.it,"","",3386409660,"",,"","","","","","","","","","","","","","","","","","","","","","","","","","","","","","","","",""
942,398007,Guest House o Affittacamere,Guest House o Affittacamere A E C Black Diamond,Via Pandosia,60,41.8792954,12.5041568,"",3,7,4,1,3,,,"",,c.macaluso@hotmail.it,"","",3470546952,"",,"","","","","","","","","","","","","","","","","","","","","","","","","","","","","","","","",""
943,394780,Guest House o Affittacamere,Guest House o Affittacamere A Touch of Rome,Via dei Gracchi,128,41.9085751,12.4641897,"",3,12,5,,3,2,,"",,info@bbapeaceofrome.it,"","",3456022600,"",,"","","","","","","","","","","","","","","","","","","","","","","","","","","","","","","","",""
944,397460,Guest House o Affittacamere,Guest House o Affittacamere A57 OSTIA,Via delle Baleniere,126,41.7377881,12.2794536,"",2,1,1,1,,,,"",3478509256,aleanimaale@gmail.com,"","",3478509256,www.a57-guesthouse.com,,"","","","","","","","","","","","","","","","","","","","","","","","","","","","","","","","",""
945,394768,Guest House o Affittacamere,Guest House o Affittacamere About Colosseo,Via dei Santi Quattro,31,41.8890207,12.4962526,"",3,3,2,1,1,,,"",,stefania.corbisiero@gmail.com,"","",3387283918,"",,"","","","","","","","","","","","","","","","","","","","","","","","","","","","","","","","",""
946,395809,Guest House o Affittacamere,Guest House o Affittacamere Acquarius Termini,Piazza Manfredo Fanti,10,41.8981392,12.5032396,"",3,15,6,,4,1,1,"",,"","","",,"",,"","","","","","","","","","","","","","","","","","","","","","","","","","","","","","","","",""
947,396623,Guest House o Affittacamere,Guest House o Affittacamere AD CAVOUR LUXURY ROOMS,Via Muzio Clementi,9,41.9056022,12.4724761,"",2,7,3,,2,1,,"",,deangelisandrea85@gmail.com,"","",659877335,www.adcavourluxuryrooms.com,,"","","","","","","","","","","","","","","","","","","","","","","","","","","","","","","","",""
948,397259,Guest House o Affittacamere,GUEST HOUSE O AFFITTACAMERE AD SUITES NAZIONALE,Via Nazionale,243,41.901484,12.4940831,"",2,10,5,,5,,,"",,info@ad-suites.com,"","",686357604,"",,"","","","","","","","","","","","","","","","","","","","","","","","","","","","","","","","",""
949,398861,Guest House o Affittacamere,Guest House o Affittacamere AD VATICAN LUXURY ROOMS,Via Lucrezio Caro,38,41.9073908,12.4696889,"",2,10,4,,2,2,,"",,deangelisandrea85@gmail.com,"","",3914282339,"",,"","","","","","","","","","","","","","","","","","","","","","","","","","","","","","","","",""
950,398029,Guest House o Affittacamere,Guest House o Affittacamere ADA HOME,Via Montevideo,2 A,41.9217093,12.4967586,"",3,12,6,,6,,,"",,info@adahome.it,"","",639728706,"",,"","","","","","","","","","","","","","","","","","","","","","","","","","","","","","","","",""
951,397051,Guest House o Affittacamere,Guest House o Affittacamere Adelaide Suites,Via Maria Adelaide,12,41.9107396,12.4742006,"",3,12,5,,3,2,,"",,fabiodicastro7@gmail.com,"","",63218382,"",,"","","","","","","","","","","","","","","","","","","","","","","","","","","","","","","","",""
952,396466,Guest House o Affittacamere,GUEST HOUSE O AFFITTACAMERE ADELANTE ROOMS,Via Antonio Gallonio,1,41.9137537,12.5186621,"",3,10,5,,5,,,"",,w.srl.amministrazione@gmail.com,"","",3923500698,"",,"","","","","","","","","","","","","","","","","","","","","","","","","","","","","","","","",""
953,404301,Guest House o Affittacamere,GUEST HOUSE O AFFITTACAMERE ADELANTE ROOMS SAN GIOVANNI,Via Terni,88,41.8849851,12.52095,"",2,6,3,,3,,,"",,adelanterooms@gmail.com,"","",3923500698,www.adelanterooms.com,,"","","","","","","","","","","","","","","","","","","","","","","","","","","","","","","","",""
954,395298,Guest House o Affittacamere,GUEST HOUSE O AFFITTACAMERE ADINOLFI COSTANTINO ROOMS,Via dei Mille,41,41.9018673,12.5053587,"",3,5,3,1,2,,,"",,costantino.adinolfi@gmail.com,"","",3478381919,www.costantinorooms.com,,"","","","","","","","","","","","","","","","","","","","","","","","","","","","","","","","",""
955,397236,Guest House o Affittacamere,GUEST HOUSE O AFFITTACAMERE AETERNA SUITES COLLECTION,Via Sicilia,153,41.9092927,12.4941388,"",3,7,3,,2,1,,"",,seansuitessrl@gmail.com,"","",3883060608,"",,"","","","","","","","","","","","","","","","","","","","","","","","","","","","","","","","",""
956,398031,Guest House o Affittacamere,GUEST HOUSE O AFFITTACAMERE AFFITTACAMERE SAN PETER ANGELES TWO,Via Germanico,54,41.9077694,12.4573377,"",3,8,4,1,2,1,,"",,info@bettyholiday.com,"","",3663567150,http://sito web,,"","","","","","","","","","","","","","","","","","","","","","","","","","","","","","","","",""
957,396540,Guest House o Affittacamere,GUEST HOUSE O AFFITTACAMERE AFFRESCHI AL  PANTHEON,Via della Minerva,15,41.8987059,12.4775378,"",3,9,5,1,4,,,"",,"","","",,"",,"","","","","","","","","","","","","","","","","","","","","","","","","","","","","","","","",""
958,397186,Guest House o Affittacamere,Guest House o Affittacamere AFFRESCHI AL VATICANO,Via San Telesforo,10,41.8972148,12.4572726,"",3,7,4,1,3,,,"",,nicodemo.strancia@gmail.com,"","",3389821446,"",,"","","","","","","","","","","","","","","","","","","","","","","","","","","","","","","","",""
959,406923,Guest House o Affittacamere,Guest House o Affittacamere AGH-CAPRANICA,Via del Collegio Capranica,4,41.9002759,12.4773653,"",3,11,4,,2,1,1,"",,luviensrl@hotmail.com,"","",3497642206,"",,"","","","","","","","","","","","","","","","","","","","","","","","","","","","","","","","",""
960,394935,Guest House o Affittacamere,Guest House o Affittacamere Al Civico 32,Via Chisimaio,32,41.9290341,12.523148,"",3,6,3,,3,,,"",,ariannazucconi@yahoo.it,"","",3208513833,"",,"","","","","","","","","","","","","","","","","","","","","","","","","","","","","","","","",""
961,396371,Guest House o Affittacamere,'Guest House o affittacamere' al Conservatorio,Via del Conservatorio,55,41.892616,12.4726527,"",2,12,6,,6,,,"",3895170173,info@guesthousealconservatorio.it,guesthousealconservatorio,"",645477810,http://guesthousealconservatorio.it,645477810,@alconservatorio,"","","","","","","","","","","","","","","","","","","","","","","","","","","","","","","",""
962,396683,Guest House o Affittacamere,Guest House o Affittacamere AL SETTIMO CIELO,Via Sestio Calvino,24,41.8542057,12.5654764,"",2,5,3,1,2,,,"",,alsolitopostobb@gmail.com,"","",3920441394,"",,"","","","","","","","","","","","","","","","","","","","","","","","","","","","","","","","",""
963,397731,Guest House o Affittacamere,GUEST HOUSE O AFFITTACAMERE AL7 SMALL LUXURY ROOMS,Via Caio Mario,7,41.9083614,12.4607133,"",2,6,3,,3,,,"",,matpasquarelli@gmail.com,"","",3895130836,"",,"","","","","","","","","","","","","","","","","","","","","","","","","","","","","","","","",""
964,407005,Guest House o Affittacamere,GUEST HOUSE O AFFITTACAMERE Alba Rosa Rooms,Via Michele di Lando,26,41.9137886,12.5223525,"",2,6,3,,3,,,"",,esmeraldamarturano@gmail.com,"","",3314095863,"",,"","","","","","","","","","","","","","","","","","","","","","","","","","","","","","","","",""
965,395263,Guest House o Affittacamere,Guest House o Affittacamere - AlbaDea Dco,Via Giovanni Da Procida,36 B,41.9119328,12.5248681,"",2,8,4,,4,,,"",3282455194,eos.srl.amministrazione@gmail.com,"","",3282455194,www.albadearoma.it,,"","","","","","","","","","","","","","","","","","","","","","","","","","","","","","","","",""
966,395119,Guest House o Affittacamere,Guest House o affittacamere  ALBADEA DELUXE,Viale XXI Aprile,109,41.914235,12.520795,"",2,8,4,,4,,,"",3408449840,eos.srl.amministrazione@gmail.com,"","",3408449840,"",,"","","","","","","","","","","","","","","","","","","","","","","","","","","","","","","","",""
967,394844,Guest House o Affittacamere,GUEST HOUSE O AFFITTACAMERE ALBADEA SUITES ROMA,Via Lorenzo Il Magnifico,158,41.9109078,12.5285334,"",2,12,5,,3,2,,"",,eos.srl.amministrazione@gmail.com,"","",3408449840,"",,"","","","","","","","","","","","","","","","","","","","","","","","","","","","","","","","",""
968,397887,Guest House o Affittacamere,Guest House o Affittacamere Ale & Niki's home,Viale Giulio Cesare,78,41.9093992,12.4571963,"",2,15,6,,4,1,1,"",,alenikishome@gmail.com,"","",3386313157,"",,"","","","","","","","","","","","","","","","","","","","","","","","","","","","","","","","",""
969,402924,Guest House o Affittacamere,GUEST HOUSE O AFFITTACAMERE ALESSANDRO BATTAGLIA,Via di Villa Severini,54,41.9482181,12.4706074,"",1,4,2,,2,,,"",3393656697,alessandro_battaglia@icloud.com,"","",3393656697,"",,"","","","","","","","","","","","","","","","","","","","","","","","","","","","","","","","",""
970,397171,Guest House o Affittacamere,GUEST HOUSE O AFFITTACAMERE ALIS LAURA,Via Arezzo,49,41.9123838,12.518153,"",3,11,5,,4,1,,"",,develuca@gmail.com,"","",3383326533,"",,"","","","","","","","","","","","","","","","","","","","","","","","","","","","","","","","",""
971,397453,Guest House o Affittacamere,Guest House o Affittacamere ALL COMFORT ASTORIA ROOMS,Via Giovanni Maria Lancisi,31,41.9090799,12.5106795,"",3,13,6,,5,1,,"",,info@astoriapalace.it,"","",644202631,http://www.astoriapalace.it,,"","","","","","","","","","","","","","","","","","","","","","","","","","","","","","","","",""
972,396350,Guest House o Affittacamere,GUEST HOUSE O AFFITTACAMERE ALL INN ROME,Via Ceneda,39,41.8803266,12.5101829,"",2,6,3,,3,,,"",,allinrome.ceneda@allsrls.com,"","",3333890966,"",,"","","","","","","","","","","","","","","","","","","","","","","","","","","","","","","","",""
973,397172,Guest House o Affittacamere,Guest House o Affittacamere All'Orologio Suites,Via dei Banchi Nuovi,47,41.8993944,12.4676487,"",3,4,2,,2,,,"",,info@orologiobb.com,"","",3925497524,"",,"","","","","","","","","","","","","","","","","","","","","","","","","","","","","","","","",""
974,397391,Guest House o Affittacamere,Guest House o Affittacamere  All you Need is Rome,Lungotevere dei Mellini,35,41.9074389,12.4727897,"",3,7,4,1,3,,,"",3388135081,allyouneedisromeguesthouse@gmail.com,"","",659878636,www.allyouneedisrome.com,,"","","","","","","","","","","","","","","","","","","","","","","","","","","","","","","","",""
975,396468,Guest House o Affittacamere,Guest House o Affittacamere Alla Corte Roma,Piazza Cavour,3,41.9046644,12.4686092,"",3,17,6,,3,1,2,"",,info@allacorteroma.com,"","",640060012,http://allacorteroma.com,,"","","","","","","","","","","","","","","","","","","","","","","","","","","","","","","","",""
976,395075,Guest House o Affittacamere,Guest House o Affittacamere ALMA DE ROMA,Via Gaeta,64,41.9044285,12.5005866,"",3,11,6,1,5,,,"",3493948663,almaderoma.guesthouse@gmail.com,"","",3348681013,"",,"","","","","","","","","","","","","","","","","","","","","","","","","","","","","","","","",""
977,404132,Guest House o Affittacamere,GUEST HOUSE O AFFITTACAMERE ALMA DOMUS FERIAE,Via Gregorio VII,324,41.8954999,12.4389714,"",3,8,3,,1,2,,"",3482444118,almaventitre.srl@gmail.com,"","",3482444118,"",,"","","","","","","","","","","","","","","","","","","","","","","","","","","","","","","","",""
978,395241,Guest House o Affittacamere,GUEST HOUSE o AFFITTACAMERE ALMA ROOMS APPIA,Via Camilla,27,41.8751963,12.5250077,"",2,6,3,1,1,1,,"",3384984429,di.marsrls@pec.it,"","",6911507,"",,"","","","","","","","","","","","","","","","","","","","","","","","","","","","","","","","",""
979,396765,Guest House o Affittacamere,GUEST HOUSE O AFFITTACAMERE ALTO APARTMENT,Lungotevere degli Altoviti,1,41.9009889,12.4657953,"",2,8,4,,4,,,"",,info@altoapartment.it,"","",3392118246,www.altoapartment.it,,"","","","","","","","","","","","","","","","","","","","","","","","","","","","","","","","",""
980,397600,Guest House o Affittacamere,GUEST HOUSE O AFFITTACAMERE ALVEARE DI CHEN ANDREA,Via Napoleone III,75,41.8962967,12.5025935,"",2,12,6,,6,,,"",,a161195@hotmail.com,"","",64941113,www.booking.it,,"","","","","","","","","","","","","","","","","","","","","","","","","","","","","","","","",""
981,396184,Guest House o Affittacamere,GUEST HOUSE O AFFITTACAMERE AMALIA SUITES,Via Germanico,66,41.9078039,12.4576339,"",3,12,6,1,4,1,,"",3475046393,gianlucaconsoli@yahoo.it,"","",639725987,www.amaliasuites.com,,"","","","","","","","","","","","","","","","","","","","","","","","","","","","","","","","",""
982,397524,Guest House o Affittacamere,GUEST HOUSE O AFFITTACAMERE  Amica Roma,Via Antonio Baiamonti,2,41.9146422,12.4597109,"",3,7,4,1,3,,,"",,migmura@hotmail.com,"","",3356788439,"",,"","","","","","","","","","","","","","","","","","","","","","","","","","","","","","","","",""
983,404001,Guest House o Affittacamere,GUEST HOUSE O AFFITTACAMERE Amlie,Via Napoleone III,75,41.8962967,12.5025935,"",3,12,6,,6,,,"",,sygallo25@pec.it,"","",3664943850,"",,"","","","","","","","","","","","","","","","","","","","","","","","","","","","","","","","",""
984,404357,Guest House o Affittacamere,GUEST HOUSE O AFFITTACAMERE  Amlie,Via Napoleone III,75,41.8962967,12.5025935,"",3,12,6,,6,,,"",,sygallo25@pec.it,"","",3664943850,"",,"","","","","","","","","","","","","","","","","","","","","","","","","","","","","","","","",""
985,397248,Guest House o Affittacamere,GUEST HOUSE O AFFITTACAMERE AMY'S GROUP,Via Principe Amedeo,85,41.8980907,12.5009903,"",3,8,4,,4,,,"",,amysgroup@legalmail.it,"","",64466854,"",,"","","","","","","","","","","","","","","","","","","","","","","","","","","","","","","","",""
986,398811,Guest House o Affittacamere,Guest house o Affittacamere Anastasio 79 Terrace,Via Anastasio II,79,41.8971894,12.4405541,"",2,5,3,1,2,,,"",,anastasioterrace79@gmail.com,"","",3336047307,"",,"","","","","","","","","","","","","","","","","","","","","","","","","","","","","","","","",""
987,396506,Guest House o Affittacamere,Guest House o Affittacamere ANDENIS TIBER HOUSE,Piazza del Fante,10,41.9203407,12.4669219,"",2,9,5,1,4,,,"",,immobiliarejgsrls@gmail.com,"","",3405312992,"",,"","","","","","","","","","","","","","","","","","","","","","","","","","","","","","","","",""
988,397755,Guest House o Affittacamere,Guest House o Affittacamere Andrea Menegaz,Via Appia Nuova,59,41.8843266,12.5115096,"",3,6,4,2,2,,,"",3474346902,bemyguest.roma@gmail.com,"","",3474346902,http://bemyguest.com,,"","","","","","","","","","","","","","","","","","","","","","","","","","","","","","","","",""
989,395925,Guest House o Affittacamere,Guest House o Affittacamere ANGEL SPAGNA SUITE,Piazza Mignanelli,25,41.9049619,12.4831708,"",2,11,5,,4,1,,"",,angelspagnasuite@gmail.com,"","",65807557,"",,"","","","","","","","","","","","","","","","","","","","","","","","","","","","","","","","",""
990,396709,Guest House o Affittacamere,GUEST HOUSE O AFFITTACAMERE ANGELICA HOME,Via Vespasiano,69,41.9084912,12.4569212,"",2,6,3,1,1,1,,"",,info@angelicahomebb.com,"","",3334343783,https://www.angelicahomebb.com/,,"","","","","","","","","","","","","","","","","","","","","","","","","","","","","","","","",""
991,394751,Guest House o Affittacamere,Guest House o Affittacamere Angelina Rooms in Rome di Filippo Pesa,Via Felice Cavallotti,73,41.8789339,12.4619279,"",3,7,4,1,3,,,"",,info@angelinaroomsinrome.com,"","",3402583699,"",,"","","","","","","","","","","","","","","","","","","","","","","","","","","","","","","","",""
992,397032,Guest House o Affittacamere,GUEST HOUSE O AFFITTACAMERE ANGOLO SUL GIARDINO GUEST HOUSE,Via dei Gozzadini,14,41.896596,12.434615,"",2,7,4,1,3,,,"",,daniele.sammarco90@gmail.com,"","",3331147304,http://angolosulgiardino.com,,"","","","","","","","","","","","","","","","","","","","","","","","","","","","","","","","",""
993,395172,Guest House o Affittacamere,GUEST HOUSE O AFFITTACAMERE ANTICO PLATANO,Via Bomarzo,32,41.9553508,12.4786129,"",3,6,3,,3,,,"",,francescogialli@yahoo.it,"","",3385945366,"",,"","","","","","","","","","","","","","","","","","","","","","","","","","","","","","","","",""
994,396822,Guest House o Affittacamere,GUEST HOUSE O Affittacamere ANTONIO MAURO,Via delle Fratte di Trastevere,51,41.887962,12.471953,"",2,4,2,,2,,,"",3927263298,antoniomauro28592@gmail.com,"","",3927263298,"",,"","","","","","","","","","","","","","","","","","","","","","","","","","","","","","","","",""
995,398369,Guest House o Affittacamere,Guest House o Affittacamere APPARTART,Via Merulana,94,41.8913372,12.5024774,"",3,8,4,,4,,,"",,fusco72@gmail.com,"","",3287049975,"",,"","","","","","","","","","","","","","","","","","","","","","","","","","","","","","","","",""
996,395871,Guest House o Affittacamere,GUEST HOUSE O AFFITTACAMERE APPIA 52,Via Appia Nuova,52,41.8843294,12.5107669,"",2,6,4,2,2,,,"",,info@appia52.it,"","",3913563002,www.appia52.it,,"","","","","","","","","","","","","","","","","","","","","","","","","","","","","","","","",""
997,396496,Guest House o Affittacamere,GUEST HOUSE O AFFITTACAMERE APPIA ANTICA,Via Giulio Adamoli,11,41.8651945,12.5008346,"",3,10,4,,3,,1,"",,magrax@tiscali.it,"","",3356497903,"",,"","","","","","","","","","","","","","","","","","","","","","","","","","","","","","","","",""
998,395915,Guest House o Affittacamere,GUEST HOUSE O AFFITTACAMERE AQUARIUS ROMA,Via Francesco Tumiati,5,41.7959019,12.4519853,"",3,6,5,4,1,,,"",,aquarius_srls@legalmail.it,"","",3429553308,"",,"","","","","","","","","","","","","","","","","","","","","","","","","","","","","","","","",""
999,400382,Guest House o Affittacamere,Guest House o Affittacamere AQUAS SALVIAS1,Via Ostiense,202,41.8548656,12.4768299,"",2,5,4,3,1,,,"",,info.oleaeuropea@gmail.com,"","",3454498810,"",,"","","","","","","","","","","","","","","","","","","","","","","","","","","","","","","","",""
1000,397733,Guest House o Affittacamere,Guest House o Affittacamere ARCH ROME SUITES,Via dell'Arco della Ciambella,19,41.8968455,12.4769666,"",1,20,6,,2,2,,"",,berdini.omar@gmail.com,"","",3209109600,"",,"","","","","","","","","","","","","","","","","","","","","","","","","","","","","","","","",""
